사고번호,사고일시,요일,시군구,사고내용,사망자수,중상자수,경상자수,부상신고자수,사고유형,법규위반,노면상태,기상상태,도로형태,가해운전자 차종,가해운전자 성별,가해운전자 연령,가해운전자 상해정도,피해운전자 차종,피해운전자 성별,피해운전자 연령,피해운전자 상해정도
2012012500100036,2012년 1월 25일 01시,수요일,제주특별자치도 제주시 노형동,경상사고,0,0,1,0,차대차 - 측면직각충돌,안전운전불이행,건조,맑음,교차로 - 교차로안,승용,남,48세,상해없음,승용,여,28세,경상
2012012500100118,2012년 1월 25일 08시,수요일,제주특별자치도 제주시 일도이동,경상사고,0,0,2,0,차대차 - 측면직각충돌,신호위반,기타,맑음,교차로 - 교차로안,승용,남,53세,상해없음,승용,남,33세,경상
2012012500100119,2012년 1월 25일 08시,수요일,제주특별자치도 서귀포시 상예동,중상사고,0,1,0,0,차대차 - 추돌 - 진행중,안전운전불이행,결빙,눈,단일로 - 기타,화물,남,29세,중상,화물,남,24세,상해없음
2012012500100120,2012년 1월 25일 08시,수요일,제주특별자치도 서귀포시 남원읍,경상사고,0,0,1,0,차대차 - 추돌 - 진행중,안전운전불이행,결빙,눈,단일로 - 기타,화물,남,29세,경상,화물,남,57세,상해없음
2012012500100166,2012년 1월 25일 10시,수요일,제주특별자치도 제주시 조천읍,중상사고,0,1,0,0,차대차 - 측면직각충돌,안전거리미확보,결빙,눈,단일로 - 기타,승용,남,32세,기타불명,화물,남,51세,중상
2012012500100312,2012년 1월 25일 14시,수요일,제주특별자치도 제주시 조천읍,중상사고,0,1,0,0,차대차 - 측면직각충돌,안전운전불이행,적설,눈,단일로 - 기타,승용,남,39세,상해없음,승용,남,43세,중상
2012012500100503,2012년 1월 25일 19시,수요일,제주특별자치도 제주시 일도이동,중상사고,0,1,0,0,차대사람 - 횡단중,안전운전불이행,습기,눈,단일로 - 기타,승용,여,47세,상해없음,보행자,남,13세,중상
2012012500100504,2012년 1월 25일 19시,수요일,제주특별자치도 서귀포시 동홍동,부상신고사고,0,0,0,1,차대사람 - 횡단중,보행자보호의무위반,건조,맑음,단일로 - 횡단보도상,승용,남,29세,상해없음,보행자,여,62세,부상신고
2012012500100614,2012년 1월 25일 22시,수요일,제주특별자치도 제주시 연동,경상사고,0,0,1,0,차대차 - 기타,기타,습기,흐림,교차로 - 교차로안,승용,남,53세,경상,화물,여,53세,상해없음
2012012600100064,2012년 1월 26일 04시,목요일,제주특별자치도 제주시 오라일동,중상사고,0,1,2,0,차대차 - 측면직각충돌,중앙선침범,적설,눈,단일로 - 기타,승용,남,29세,상해없음,승용,남,41세,중상
2012012600100116,2012년 1월 26일 08시,목요일,제주특별자치도 제주시 화북일동,경상사고,0,0,3,0,차대차 - 측면직각충돌,안전거리미확보,결빙,눈,단일로 - 기타,승용,남,46세,상해없음,화물,남,36세,상해없음
2012012600100138,2012년 1월 26일 09시,목요일,제주특별자치도 서귀포시 안덕면,경상사고,0,0,1,0,차대차 - 측면직각충돌,기타,건조,맑음,교차로 - 교차로안,승용,남,47세,상해없음,승용,남,45세,상해없음
2012012600100160,2012년 1월 26일 10시,목요일,제주특별자치도 제주시 오라일동,경상사고,0,0,1,0,차대차 - 측면직각충돌,중앙선침범,결빙,흐림,단일로 - 기타,승용,남,53세,상해없음,승용,남,72세,경상
2012012600100161,2012년 1월 26일 10시,목요일,제주특별자치도 서귀포시 표선면,중상사고,0,1,0,0,차대사람 - 기타,안전운전불이행,건조,맑음,교차로 - 교차로부근,승용,남,41세,상해없음,보행자,여,76세,중상
2012012600100191,2012년 1월 26일 11시,목요일,제주특별자치도 제주시 이도이동,경상사고,0,0,1,0,차대차 - 측면직각충돌,안전거리미확보,건조,맑음,단일로 - 기타,화물,남,33세,상해없음,승용,남,54세,경상
2012012600100192,2012년 1월 26일 11시,목요일,제주특별자치도 제주시 구좌읍,사망사고,1,0,0,0,차대차 - 측면직각충돌,교차로운행방법위반,건조,맑음,교차로 - 교차로안,화물,남,38세,상해없음,원동기,남,79세,사망
2012012600100193,2012년 1월 26일 11시,목요일,제주특별자치도 제주시 도남동,중상사고,0,1,0,0,차대차 - 측면직각충돌,안전운전불이행,건조,맑음,교차로 - 교차로안,승용,남,51세,상해없음,승용,남,44세,중상
2012012600100225,2012년 1월 26일 12시,목요일,제주특별자치도 제주시 오라일동,중상사고,0,1,0,0,차대사람 - 횡단중,보행자보호의무위반,건조,맑음,단일로 - 기타,화물,남,52세,상해없음,보행자,여,64세,중상
2012012600100542,2012년 1월 26일 21시,목요일,제주특별자치도 제주시 노형동,중상사고,0,1,0,0,차대사람 - 횡단중,안전운전불이행,건조,맑음,단일로 - 기타,승용,남,53세,상해없음,보행자,남,33세,중상
2012012700100164,2012년 1월 27일 10시,금요일,제주특별자치도 제주시 건입동,부상신고사고,0,0,0,1,차대사람 - 횡단중,안전운전불이행,건조,맑음,단일로 - 기타,승용,남,56세,상해없음,보행자,남,3세,부상신고
2012012700100188,2012년 1월 27일 11시,금요일,제주특별자치도 서귀포시 표선면,사망사고,1,1,0,0,차대차 - 정면충돌,기타,건조,맑음,교차로 - 교차로안,화물,남,70세,중상,건설기계,남,55세,상해없음
2012012700100189,2012년 1월 27일 11시,금요일,제주특별자치도 제주시 용담삼동,경상사고,0,0,1,1,차대차 - 측면직각충돌,교차로운행방법위반,건조,맑음,교차로 - 교차로안,승용,남,27세,경상,승용,남,57세,부상신고
2012012700100222,2012년 1월 27일 12시,금요일,제주특별자치도 서귀포시 성산읍,경상사고,0,0,1,0,차대사람 - 횡단중,보행자보호의무위반,건조,기타,단일로 - 횡단보도상,승용,남,36세,상해없음,보행자,여,54세,경상
2012012700100316,2012년 1월 27일 15시,금요일,제주특별자치도 서귀포시 안덕면,경상사고,0,0,1,0,차대차 - 기타,안전운전불이행,건조,맑음,단일로 - 기타,화물,남,29세,상해없음,승용,남,20세,경상
2012012700100317,2012년 1월 27일 15시,금요일,제주특별자치도 제주시 연동,중상사고,0,2,1,0,차대차 - 기타,직진우회전진행방해,건조,맑음,교차로 - 교차로안,승용,여,40세,중상,승용,남,30세,경상
2012012700100318,2012년 1월 27일 15시,금요일,제주특별자치도 제주시 용담이동,중상사고,0,1,0,0,차대사람 - 기타,안전운전불이행,건조,맑음,단일로 - 기타,승용,남,33세,상해없음,보행자,여,14세,중상
2012012700100414,2012년 1월 27일 18시,금요일,제주특별자치도 서귀포시 대정읍,중상사고,0,1,0,0,차대차 - 측면직각충돌,직진우회전진행방해,건조,맑음,교차로 - 교차로안,승용,여,50세,상해없음,이륜,남,16세,중상
2012012700100415,2012년 1월 27일 18시,금요일,제주특별자치도 제주시 애월읍,중상사고,0,2,3,0,차대차 - 추돌 - 주정차중,안전운전불이행,건조,맑음,단일로 - 기타,승합,남,46세,상해없음,승용,남,47세,중상
2012012700100467,2012년 1월 27일 19시,금요일,제주특별자치도 제주시 이도이동,경상사고,0,0,2,0,차대차 - 측면직각충돌,중앙선침범,건조,맑음,교차로 - 교차로부근,승합,남,52세,상해없음,승용,남,26세,경상
2012012800100027,2012년 1월 28일 00시,토요일,제주특별자치도 제주시 연동,사망사고,1,0,0,0,차대사람 - 횡단중,안전운전불이행,건조,맑음,단일로 - 횡단보도상,승용,남,63세,상해없음,보행자,남,40세,사망
2012012800100156,2012년 1월 28일 08시,토요일,제주특별자치도 제주시 구좌읍,중상사고,0,1,0,0,차대사람 - 횡단중,안전운전불이행,건조,흐림,단일로 - 기타,화물,남,55세,상해없음,보행자,남,43세,중상
2012012800100200,2012년 1월 28일 10시,토요일,제주특별자치도 서귀포시 서귀동,경상사고,0,0,4,0,차대차 - 기타,안전거리미확보,건조,맑음,단일로 - 기타,화물,남,60세,상해없음,승용,남,36세,경상
2012012800100219,2012년 1월 28일 11시,토요일,제주특별자치도 제주시 조천읍,중상사고,0,1,0,0,차대차 - 측면직각충돌,교차로운행방법위반,건조,맑음,교차로 - 교차로안,화물,남,42세,상해없음,이륜,남,51세,중상
2012012800100220,2012년 1월 28일 11시,토요일,제주특별자치도 제주시 연동,경상사고,0,0,1,0,차대차 - 기타,안전운전불이행,건조,맑음,교차로 - 교차로부근,승용,여,25세,상해없음,승용,남,31세,경상
2012012800100241,2012년 1월 28일 12시,토요일,제주특별자치도 서귀포시 토평동,경상사고,0,0,2,0,차대차 - 측면직각충돌,안전운전불이행,건조,기타,교차로 - 교차로안,승용,여,50세,상해없음,승용,남,61세,상해없음
2012012800100292,2012년 1월 28일 14시,토요일,제주특별자치도 제주시 조천읍,경상사고,0,0,1,0,차대사람 - 횡단중,안전운전불이행,건조,맑음,단일로 - 기타,승용,남,57세,상해없음,보행자,남,14세,경상
2012012800100473,2012년 1월 28일 22시,토요일,제주특별자치도 제주시 삼도이동,경상사고,0,0,2,0,차대차 - 추돌 - 주정차중,안전운전불이행,건조,맑음,단일로 - 기타,승합,남,46세,상해없음,승용,미분류,기타불명,기타불명
2012012800100474,2012년 1월 28일 22시,토요일,제주특별자치도 제주시 노형동,중상사고,0,1,2,0,차대차 - 기타,안전거리미확보,건조,맑음,단일로 - 기타,승용,남,22세,상해없음,승용,남,45세,경상
2012012900100043,2012년 1월 29일 01시,일요일,제주특별자치도 제주시 일도일동,중상사고,0,1,0,0,차대사람 - 횡단중,안전운전불이행,건조,맑음,단일로 - 기타,승용,남,64세,상해없음,보행자,남,45세,중상
2012012900100098,2012년 1월 29일 05시,일요일,제주특별자치도 제주시 용담일동,경상사고,0,0,1,0,차량단독 - 공작물충돌,안전운전불이행,습기,비,교차로 - 교차로부근,승용,남,69세,상해없음,,,,
2012012900100152,2012년 1월 29일 09시,일요일,제주특별자치도 제주시 구좌읍,경상사고,0,0,1,0,차대차 - 측면직각충돌,안전운전불이행,건조,맑음,단일로 - 기타,승용,남,45세,상해없음,원동기,여,62세,경상
2012012900100181,2012년 1월 29일 11시,일요일,제주특별자치도 제주시 연동,경상사고,0,0,1,0,차대차 - 측면직각충돌,차로위반,건조,맑음,단일로 - 기타,승용,남,68세,상해없음,화물,남,41세,경상
2012012900100195,2012년 1월 29일 12시,일요일,제주특별자치도 서귀포시 안덕면,중상사고,0,1,2,0,차대차 - 기타,안전운전불이행,건조,맑음,교차로 - 교차로안,화물,남,46세,상해없음,승용,남,40세,경상
2012012900100235,2012년 1월 29일 14시,일요일,제주특별자치도 제주시 애월읍,중상사고,0,1,0,0,차대차 - 추돌 - 진행중,안전거리미확보,건조,맑음,단일로 - 기타,승용,남,21세,상해없음,승용,남,65세,중상
2012012900100421,2012년 1월 29일 22시,일요일,제주특별자치도 제주시 일도일동,경상사고,0,0,1,0,차대차 - 측면직각충돌,안전운전불이행,건조,맑음,교차로 - 교차로안,승용,남,53세,상해없음,원동기,남,21세,경상
2012013000100128,2012년 1월 30일 09시,월요일,제주특별자치도 제주시 이도이동,경상사고,0,0,1,0,차량단독 - 공작물충돌,안전운전불이행,건조,맑음,교차로 - 교차로부근,승합,여,43세,상해없음,,,,
2012013000100147,2012년 1월 30일 10시,월요일,제주특별자치도 제주시 삼양일동,중상사고,0,1,0,0,차대차 - 측면직각충돌,교차로운행방법위반,기타,맑음,교차로 - 교차로안,원동기,남,76세,중상,승용,여,34세,상해없음
2012013000100148,2012년 1월 30일 10시,월요일,제주특별자치도 제주시 이도이동,중상사고,0,1,0,0,차량단독 - 공작물충돌,안전운전불이행,건조,맑음,단일로 - 기타,승합,남,56세,상해없음,,,,
2012013000100169,2012년 1월 30일 11시,월요일,제주특별자치도 제주시 구좌읍,중상사고,0,1,0,0,차대차 - 측면직각충돌,신호위반,건조,맑음,교차로 - 교차로안,화물,남,38세,상해없음,화물,남,73세,중상
2012013000100170,2012년 1월 30일 11시,월요일,제주특별자치도 서귀포시 성산읍,중상사고,0,1,0,0,차대차 - 측면직각충돌,안전거리미확보,건조,맑음,교차로 - 교차로안,원동기,남,71세,중상,승용,남,30세,상해없음
2012013000100223,2012년 1월 30일 13시,월요일,제주특별자치도 제주시 연동,경상사고,0,0,3,0,차대차 - 측면직각충돌,안전운전불이행,건조,맑음,교차로 - 교차로부근,승용,남,44세,경상,승합,남,32세,경상
2012013000100250,2012년 1월 30일 14시,월요일,제주특별자치도 제주시 이도이동,경상사고,0,0,1,0,차대차 - 측면직각충돌,안전운전불이행,건조,맑음,교차로 - 교차로부근,화물,남,27세,상해없음,승용,남,30세,기타불명
2012013000100274,2012년 1월 30일 15시,월요일,제주특별자치도 제주시 삼도일동,경상사고,0,0,1,0,차대사람 - 횡단중,안전운전불이행,건조,맑음,단일로 - 기타,기타불명,기타불명,기타불명,기타불명,보행자,여,34세,경상
2012013000100299,2012년 1월 30일 16시,월요일,제주특별자치도 제주시 노형동,경상사고,0,0,2,0,차대차 - 측면직각충돌,안전운전불이행,건조,맑음,단일로 - 기타,승용,여,41세,상해없음,승용,여,36세,경상
2012013000100333,2012년 1월 30일 17시,월요일,제주특별자치도 서귀포시 성산읍,중상사고,0,1,0,0,차대차 - 기타,안전운전불이행,건조,맑음,교차로 - 교차로안,승용,여,26세,중상,화물,남,46세,상해없음
2012013000100362,2012년 1월 30일 18시,월요일,제주특별자치도 제주시 화북이동,경상사고,0,0,1,0,차대차 - 측면직각충돌,안전거리미확보,건조,맑음,단일로 - 기타,화물,남,29세,상해없음,승용,여,40세,경상
2012013000100400,2012년 1월 30일 19시,월요일,제주특별자치도 제주시 노형동,중상사고,0,1,0,0,차대차 - 추돌 - 주정차중,안전운전불이행,건조,맑음,교차로 - 교차로부근,승용,남,48세,상해없음,승용,여,57세,중상
2012013100100049,2012년 1월 31일 02시,화요일,제주특별자치도 제주시 연동,경상사고,0,0,1,0,차대차 - 측면직각충돌,안전운전불이행,건조,맑음,단일로 - 기타,승용,남,39세,상해없음,승용,남,54세,경상
2012013100100124,2012년 1월 31일 08시,화요일,제주특별자치도 제주시 오라일동,경상사고,0,0,1,0,차대차 - 측면직각충돌,중앙선침범,결빙,흐림,단일로 - 기타,화물,남,22세,상해없음,화물,남,56세,경상
2012013100100125,2012년 1월 31일 08시,화요일,제주특별자치도 제주시 오등동,경상사고,0,0,1,0,차량단독 - 기타,안전운전불이행,건조,맑음,단일로 - 기타,이륜,남,36세,경상,,,,
2012013100100146,2012년 1월 31일 09시,화요일,제주특별자치도 제주시 오라일동,경상사고,0,0,1,0,차대차 - 측면직각충돌,안전운전불이행,결빙,맑음,단일로 - 기타,승용,여,35세,경상,화물,남,56세,상해없음
2012013100100147,2012년 1월 31일 09시,화요일,제주특별자치도 제주시 일도이동,경상사고,0,0,1,0,차대사람 - 횡단중,안전운전불이행,건조,맑음,단일로 - 기타,승용,여,54세,상해없음,보행자,남,32세,경상
2012013100100162,2012년 1월 31일 10시,화요일,제주특별자치도 서귀포시 도순동,경상사고,0,0,1,0,차량단독 - 전도전복,안전운전불이행,건조,맑음,교차로 - 교차로안,화물,남,56세,경상,,,,
2012013100100188,2012년 1월 31일 11시,화요일,제주특별자치도 제주시 아라일동,사망사고,1,0,0,0,차량단독 - 공작물충돌,안전운전불이행,건조,맑음,단일로 - 기타,승용,남,36세,사망,,,,
2012013100100281,2012년 1월 31일 15시,화요일,제주특별자치도 서귀포시 안덕면,경상사고,0,0,1,0,차대차 - 추돌 - 진행중,안전운전불이행,건조,맑음,교차로 - 교차로부근,승용,남,25세,상해없음,승용,남,35세,경상
2012013100100282,2012년 1월 31일 15시,화요일,제주특별자치도 제주시 노형동,경상사고,0,0,2,0,차대차 - 기타,안전운전불이행,건조,맑음,교차로 - 교차로부근,승용,여,39세,경상,화물,남,39세,상해없음
2012013100100422,2012년 1월 31일 18시,화요일,제주특별자치도 서귀포시 중문동,경상사고,0,0,1,0,차대차 - 추돌 - 진행중,안전운전불이행,건조,맑음,단일로 - 기타,승용,남,48세,상해없음,승용,여,51세,경상
2012013100100423,2012년 1월 31일 18시,화요일,제주특별자치도 제주시 노형동,경상사고,0,0,2,0,차대차 - 기타,안전운전불이행,건조,맑음,교차로 - 교차로안,승용,여,29세,상해없음,승용,여,51세,상해없음
2012013100100453,2012년 1월 31일 19시,화요일,제주특별자치도 서귀포시 남원읍,부상신고사고,0,0,0,1,차량단독 - 기타,안전운전불이행,건조,맑음,단일로 - 기타,화물,남,40세,부상신고,,,,
2012013100100532,2012년 1월 31일 21시,화요일,제주특별자치도 제주시 도남동,중상사고,0,1,0,0,차대사람 - 횡단중,안전운전불이행,건조,흐림,단일로 - 기타,승용,남,59세,상해없음,보행자,남,65세,중상
2012020100100115,2012년 2월 1일 08시,수요일,제주특별자치도 제주시 이도일동,경상사고,0,0,1,0,차대차 - 측면직각충돌,안전거리미확보,건조,맑음,단일로 - 기타,화물,남,21세,상해없음,승용,남,54세,경상
2012020100100221,2012년 2월 1일 11시,수요일,제주특별자치도 제주시 연동,경상사고,0,0,1,0,차대차 - 기타,안전운전불이행,건조,맑음,단일로 - 기타,승용,남,49세,상해없음,승용,여,41세,경상
2012020100100250,2012년 2월 1일 12시,수요일,제주특별자치도 제주시 한림읍,중상사고,0,1,0,0,차대차 - 측면직각충돌,교차로운행방법위반,건조,맑음,기타 - 기타,승용,남,44세,상해없음,원동기,남,19세,중상
2012020100100251,2012년 2월 1일 12시,수요일,제주특별자치도 제주시 용담이동,경상사고,0,0,1,0,차량단독 - 공작물충돌,기타,건조,흐림,단일로 - 기타,승합,남,44세,상해없음,,,,
2012020100100296,2012년 2월 1일 14시,수요일,제주특별자치도 제주시 노형동,부상신고사고,0,0,0,1,차량단독 - 공작물충돌,안전운전불이행,건조,맑음,단일로 - 기타,승합,남,25세,부상신고,,,,
2012020100100462,2012년 2월 1일 20시,수요일,제주특별자치도 제주시 연동,경상사고,0,0,2,0,차대차 - 측면직각충돌,직진우회전진행방해,건조,맑음,교차로 - 교차로안,승용,남,38세,경상,승용,남,53세,경상
2012020100100489,2012년 2월 1일 21시,수요일,제주특별자치도 제주시 애월읍,중상사고,0,3,2,1,차대차 - 측면직각충돌,중앙선침범,결빙,눈,단일로 - 기타,승용,남,22세,부상신고,승합,남,54세,경상
2012020100100545,2012년 2월 1일 23시,수요일,제주특별자치도 제주시 노형동,경상사고,0,0,2,0,차대차 - 측면직각충돌,신호위반,적설,눈,교차로 - 교차로안,승용,남,27세,상해없음,승용,남,47세,경상
2012020200100017,2012년 2월 2일 00시,목요일,제주특별자치도 제주시 이도이동,경상사고,0,0,1,0,차대차 - 측면직각충돌,안전운전불이행,결빙,눈,단일로 - 기타,화물,남,26세,기타불명,승용,남,48세,경상
2012020200100143,2012년 2월 2일 08시,목요일,제주특별자치도 제주시 용담이동,경상사고,0,0,1,0,차대차 - 측면직각충돌,안전운전불이행,결빙,눈,교차로 - 교차로안,승용,남,37세,상해없음,화물,여,34세,경상
2012020200100170,2012년 2월 2일 09시,목요일,제주특별자치도 서귀포시 도순동,경상사고,0,0,1,0,차대차 - 추돌 - 진행중,안전운전불이행,결빙,눈,단일로 - 기타,승용,남,53세,상해없음,승용,여,54세,경상
2012020200100198,2012년 2월 2일 10시,목요일,제주특별자치도 서귀포시 상예동,중상사고,0,1,0,0,차대차 - 추돌 - 주정차중,안전운전불이행,적설,눈,단일로 - 기타,승용,남,29세,상해없음,승용,남,58세,중상
2012020200100228,2012년 2월 2일 11시,목요일,제주특별자치도 제주시 삼양일동,중상사고,0,1,1,0,차대차 - 측면직각충돌,안전거리미확보,결빙,눈,교차로 - 교차로부근,화물,남,59세,상해없음,승용,여,37세,경상
2012020200100288,2012년 2월 2일 13시,목요일,제주특별자치도 서귀포시 남원읍,중상사고,0,2,0,0,차대차 - 정면충돌,안전운전불이행,적설,눈,단일로 - 기타,승용,남,58세,중상,승합,남,38세,상해없음
2012020200100289,2012년 2월 2일 13시,목요일,제주특별자치도 제주시 한림읍,중상사고,0,1,0,1,차대차 - 측면직각충돌,안전운전불이행,결빙,눈,단일로 - 기타,승용,남,34세,중상,승용,남,26세,상해없음
2012020200100290,2012년 2월 2일 13시,목요일,제주특별자치도 제주시 애월읍,경상사고,0,0,1,0,차대사람 - 횡단중,안전운전불이행,결빙,눈,단일로 - 기타,승용,여,34세,상해없음,보행자,여,38세,경상
2012020200100327,2012년 2월 2일 14시,목요일,제주특별자치도 서귀포시 서귀동,부상신고사고,0,0,0,1,차대차 - 기타,안전거리미확보,건조,맑음,단일로 - 기타,이륜,남,71세,부상신고,승용,남,63세,상해없음
2012020200100328,2012년 2월 2일 14시,목요일,제주특별자치도 제주시 애월읍,중상사고,0,1,0,0,차대사람 - 횡단중,보행자보호의무위반,습기,눈,단일로 - 기타,승용,남,37세,상해없음,보행자,여,14세,중상
2012020200100329,2012년 2월 2일 14시,목요일,제주특별자치도 제주시 연동,경상사고,0,0,1,0,차대사람 - 기타,안전운전불이행,결빙,눈,단일로 - 기타,승용,남,63세,상해없음,보행자,여,47세,경상
2012020200100385,2012년 2월 2일 16시,목요일,제주특별자치도 제주시 애월읍,경상사고,0,0,1,0,차대차 - 측면직각충돌,안전운전불이행,결빙,눈,단일로 - 기타,승용,남,38세,상해없음,승용,여,39세,경상
2012020200100525,2012년 2월 2일 21시,목요일,제주특별자치도 제주시 한림읍,경상사고,0,0,2,0,차량단독 - 공작물충돌,안전운전불이행,결빙,눈,단일로 - 기타,승합,남,36세,상해없음,,,,
2012020300100109,2012년 2월 3일 07시,금요일,제주특별자치도 제주시 화북일동,경상사고,0,0,1,0,차대차 - 측면직각충돌,안전운전불이행,결빙,눈,교차로 - 교차로안,화물,남,44세,상해없음,화물,남,30세,경상
2012020300100157,2012년 2월 3일 08시,금요일,제주특별자치도 서귀포시 신효동,경상사고,0,0,1,0,차대사람 - 길가장자리구역통행중,안전운전불이행,건조,맑음,단일로 - 기타,승용,여,30세,상해없음,보행자,남,45세,경상
2012020300100182,2012년 2월 3일 09시,금요일,제주특별자치도 제주시 애월읍,경상사고,0,0,4,0,차대차 - 측면직각충돌,안전운전불이행,결빙,눈,단일로 - 기타,승용,남,34세,경상,승용,남,45세,경상
2012020300100362,2012년 2월 3일 15시,금요일,제주특별자치도 서귀포시 성산읍,경상사고,0,0,3,1,차대차 - 측면직각충돌,직진우회전진행방해,건조,맑음,교차로 - 교차로안,승합,남,50세,부상신고,승합,남,32세,경상
2012020300100473,2012년 2월 3일 18시,금요일,제주특별자치도 제주시 연동,중상사고,0,1,0,0,차대사람 - 기타,보행자보호의무위반,건조,흐림,단일로 - 기타,승용,남,22세,상해없음,보행자,여,57세,중상
2012020300100595,2012년 2월 3일 21시,금요일,제주특별자치도 제주시 일도일동,중상사고,0,1,0,0,차대사람 - 횡단중,보행자보호의무위반,건조,맑음,단일로 - 횡단보도상,이륜,남,53세,상해없음,보행자,남,79세,중상
2012020400100026,2012년 2월 4일 00시,토요일,제주특별자치도 제주시 노형동,중상사고,0,1,0,0,차대차 - 기타,교차로운행방법위반,건조,맑음,교차로 - 교차로안,승용,남,55세,상해없음,이륜,남,44세,중상
2012020400100225,2012년 2월 4일 10시,토요일,제주특별자치도 제주시 용담이동,경상사고,0,0,1,0,차대사람 - 기타,안전운전불이행,건조,맑음,교차로 - 교차로안,승합,남,51세,기타불명,보행자,남,72세,경상
2012020400100308,2012년 2월 4일 13시,토요일,제주특별자치도 제주시 아라일동,경상사고,0,0,1,0,차대차 - 측면직각충돌,안전거리미확보,건조,맑음,교차로 - 교차로부근,승합,남,24세,상해없음,승용,남,44세,경상
2012020400100515,2012년 2월 4일 19시,토요일,제주특별자치도 제주시 한경면,경상사고,0,0,1,0,차대사람 - 기타,안전운전불이행,건조,맑음,단일로 - 기타,기타불명,기타불명,기타불명,기타불명,보행자,남,18세,경상
2012020400100589,2012년 2월 4일 21시,토요일,제주특별자치도 제주시 일도이동,경상사고,0,0,1,0,차대차 - 측면직각충돌,안전운전불이행,건조,맑음,단일로 - 기타,승용,남,33세,상해없음,자전거,여,48세,경상
2012020400100611,2012년 2월 4일 22시,토요일,제주특별자치도 제주시 화북일동,경상사고,0,0,2,0,차대차 - 측면직각충돌,안전거리미확보,건조,흐림,교차로 - 교차로부근,승용,남,42세,상해없음,승용,남,33세,경상
2012020400100633,2012년 2월 4일 23시,토요일,제주특별자치도 제주시 도남동,경상사고,0,0,1,0,차대사람 - 횡단중,안전운전불이행,건조,흐림,기타 - 기타,승용,남,40세,상해없음,보행자,여,41세,경상
2012020400100634,2012년 2월 4일 23시,토요일,제주특별자치도 제주시 해안동,경상사고,0,0,1,0,차대차 - 기타,안전운전불이행,건조,맑음,교차로 - 교차로안,승용,남,35세,상해없음,승용,남,25세,경상
2012020500100067,2012년 2월 5일 01시,일요일,제주특별자치도 제주시 월평동,경상사고,0,0,1,0,차대사람 - 횡단중,안전운전불이행,건조,흐림,단일로 - 기타,화물,남,24세,상해없음,보행자,남,53세,경상
2012020500100153,2012년 2월 5일 07시,일요일,제주특별자치도 제주시 아라일동,경상사고,0,0,1,0,차대차 - 측면직각충돌,중앙선침범,결빙,비,단일로 - 기타,화물,남,53세,상해없음,승합,남,44세,경상
2012020500100249,2012년 2월 5일 13시,일요일,제주특별자치도 제주시 일도이동,경상사고,0,0,2,0,차대차 - 측면직각충돌,안전운전불이행,건조,흐림,단일로 - 기타,승용,남,49세,상해없음,승용,여,37세,경상
2012020500100275,2012년 2월 5일 14시,일요일,제주특별자치도 제주시 용담일동,중상사고,0,2,0,0,차대사람 - 횡단중,안전운전불이행,건조,맑음,단일로 - 기타,승용,남,37세,상해없음,보행자,여,94세,중상
2012020500100439,2012년 2월 5일 20시,일요일,제주특별자치도 제주시 일도일동,중상사고,0,1,0,0,차대사람 - 횡단중,보행자보호의무위반,습기,비,단일로 - 횡단보도상,화물,남,41세,상해없음,보행자,남,44세,중상
2012020500100440,2012년 2월 5일 20시,일요일,제주특별자치도 서귀포시 성산읍,중상사고,0,1,3,0,차대차 - 추돌 - 주정차중,안전운전불이행,건조,흐림,교차로 - 교차로부근,승용,여,44세,경상,승합,남,48세,경상
2012020500100475,2012년 2월 5일 21시,일요일,제주특별자치도 제주시 연동,경상사고,0,0,1,0,차대사람 - 횡단중,안전운전불이행,기타,흐림,단일로 - 기타,승용,남,64세,상해없음,보행자,남,31세,경상
2012020500100504,2012년 2월 5일 22시,일요일,제주특별자치도 제주시 도남동,중상사고,0,1,5,0,차대차 - 측면직각충돌,안전운전불이행,건조,흐림,교차로 - 교차로부근,승용,남,27세,중상,승용,남,30세,경상
2012020500100505,2012년 2월 5일 22시,일요일,제주특별자치도 제주시 일도일동,중상사고,0,1,1,0,차대차 - 측면직각충돌,안전운전불이행,건조,흐림,단일로 - 기타,승용,남,52세,상해없음,승용,남,63세,경상
2012020600100013,2012년 2월 6일 00시,월요일,제주특별자치도 제주시 일도이동,경상사고,0,0,1,0,차대사람 - 횡단중,보행자보호의무위반,건조,흐림,교차로 - 교차로부근,승용,남,28세,상해없음,보행자,남,54세,경상
2012020600100050,2012년 2월 6일 03시,월요일,제주특별자치도 제주시 이도이동,경상사고,0,0,1,0,차대차 - 측면직각충돌,신호위반,기타,맑음,교차로 - 교차로안,승용,남,62세,상해없음,승용,여,45세,경상
2012020600100067,2012년 2월 6일 05시,월요일,제주특별자치도 제주시 이도이동,경상사고,0,0,3,0,차대차 - 측면직각충돌,교차로운행방법위반,건조,맑음,교차로 - 교차로안,승용,남,59세,상해없음,승용,남,46세,경상