사고번호,사고일시,요일,시군구,사고내용,사망자수,중상자수,경상자수,부상신고자수,사고유형,법규위반,노면상태,기상상태,도로형태,가해운전자 차종,가해운전자 성별,가해운전자 연령,가해운전자 상해정도,피해운전자 차종,피해운전자 성별,피해운전자 연령,피해운전자 상해정도
2012020600100082,2012년 2월 6일 06시,월요일,제주특별자치도 제주시 애월읍,경상사고,0,0,1,0,차대차 - 기타,안전거리미확보,건조,흐림,단일로 - 기타,화물,남,61세,상해없음,승용,남,50세,경상
2012020600100142,2012년 2월 6일 08시,월요일,제주특별자치도 서귀포시 안덕면,중상사고,0,1,0,0,차대차 - 기타,직진우회전진행방해,습기,흐림,교차로 - 교차로안,화물,남,37세,중상,승용,남,48세,상해없음
2012020600100174,2012년 2월 6일 09시,월요일,제주특별자치도 제주시 아라일동,경상사고,0,0,1,0,차대차 - 측면직각충돌,중앙선침범,건조,흐림,단일로 - 기타,이륜,남,69세,경상,승용,남,30세,상해없음
2012020600100175,2012년 2월 6일 09시,월요일,제주특별자치도 제주시 도두이동,경상사고,0,0,1,1,차대차 - 측면직각충돌,직진우회전진행방해,건조,맑음,교차로 - 교차로안,승용,남,21세,부상신고,화물,남,34세,경상
2012020600100176,2012년 2월 6일 09시,월요일,제주특별자치도 제주시 용담이동,경상사고,0,0,1,0,차대차 - 측면직각충돌,안전운전불이행,습기,흐림,교차로 - 교차로안,승용,남,37세,상해없음,자전거,남,26세,경상
2012020600100299,2012년 2월 6일 14시,월요일,제주특별자치도 제주시 조천읍,경상사고,0,0,1,0,차대차 - 측면직각충돌,교차로운행방법위반,습기,비,교차로 - 교차로안,승용,여,37세,상해없음,원동기,여,63세,경상
2012020600100385,2012년 2월 6일 17시,월요일,제주특별자치도 제주시 연동,경상사고,0,0,1,0,차대차 - 측면직각충돌,안전거리미확보,습기,비,교차로 - 교차로안,승용,여,44세,경상,승용,남,20세,상해없음
2012020600100437,2012년 2월 6일 18시,월요일,제주특별자치도 제주시 삼도이동,경상사고,0,0,1,0,차대차 - 측면직각충돌,안전운전불이행,습기,비,교차로 - 교차로안,승용,여,37세,상해없음,자전거,남,16세,경상
2012020600100438,2012년 2월 6일 18시,월요일,제주특별자치도 제주시 구좌읍,중상사고,0,1,1,0,차대차 - 측면직각충돌,교차로운행방법위반,습기,흐림,교차로 - 교차로안,승용,남,31세,경상,승용,여,37세,중상
2012020600100486,2012년 2월 6일 19시,월요일,제주특별자치도 제주시 이도이동,중상사고,0,1,0,0,차대사람 - 횡단중,보행자보호의무위반,습기,비,단일로 - 횡단보도상,승용,남,32세,상해없음,보행자,남,13세,중상
2012020600100487,2012년 2월 6일 19시,월요일,제주특별자치도 서귀포시 성산읍,사망사고,1,0,0,0,차대차 - 기타,안전운전불이행,습기,비,단일로 - 기타,화물,남,44세,상해없음,승용,남,31세,상해없음
2012020600100527,2012년 2월 6일 20시,월요일,제주특별자치도 제주시 애월읍,중상사고,0,1,0,0,차대사람 - 횡단중,안전운전불이행,습기,비,교차로 - 교차로안,승용,남,46세,상해없음,보행자,남,39세,중상
2012020700100058,2012년 2월 7일 02시,화요일,제주특별자치도 제주시 일도일동,경상사고,0,0,1,0,차대사람 - 횡단중,안전운전불이행,기타,맑음,단일로 - 기타,승용,남,45세,상해없음,보행자,남,37세,경상
2012020700100144,2012년 2월 7일 07시,화요일,제주특별자치도 제주시 한경면,중상사고,0,1,0,0,차대차 - 측면직각충돌,신호위반,건조,맑음,교차로 - 교차로안,승용,남,21세,상해없음,원동기,남,74세,중상
2012020700100237,2012년 2월 7일 11시,화요일,제주특별자치도 제주시 삼양이동,중상사고,0,1,0,0,차대사람 - 횡단중,안전운전불이행,기타,맑음,단일로 - 기타,화물,남,56세,상해없음,보행자,여,57세,중상
2012020700100265,2012년 2월 7일 12시,화요일,제주특별자치도 서귀포시 호근동,중상사고,0,2,0,0,차대차 - 측면직각충돌,안전거리미확보,건조,맑음,교차로 - 교차로안,승용,남,61세,중상,화물,남,51세,중상
2012020700100306,2012년 2월 7일 14시,화요일,제주특별자치도 제주시 노형동,경상사고,0,0,2,0,차대차 - 측면직각충돌,안전운전불이행,건조,맑음,교차로 - 교차로부근,승용,남,59세,상해없음,승용,남,35세,경상
2012020700100352,2012년 2월 7일 16시,화요일,제주특별자치도 서귀포시 상예동,중상사고,0,1,0,0,차량단독 - 도로외이탈 - 기타,안전운전불이행,건조,맑음,단일로 - 기타,승용,남,52세,중상,,,,
2012020700100353,2012년 2월 7일 16시,화요일,제주특별자치도 서귀포시 동홍동,경상사고,0,0,1,0,차대차 - 기타,교차로운행방법위반,건조,맑음,교차로 - 교차로안,승용,남,49세,상해없음,승용,여,27세,경상
2012020700100410,2012년 2월 7일 18시,화요일,제주특별자치도 제주시 이도일동,경상사고,0,0,1,0,차대차 - 측면직각충돌,안전운전불이행,습기,눈,단일로 - 기타,승용,여,38세,상해없음,승용,남,37세,경상
2012020700100411,2012년 2월 7일 18시,화요일,제주특별자치도 제주시 삼도일동,경상사고,0,0,1,0,차대차 - 측면직각충돌,안전거리미확보,결빙,눈,교차로 - 교차로부근,승용,남,51세,상해없음,승용,여,38세,경상
2012020700100412,2012년 2월 7일 18시,화요일,제주특별자치도 서귀포시 성산읍,경상사고,0,0,1,0,차대차 - 측면직각충돌,안전거리미확보,습기,눈,단일로 - 기타,승용,여,43세,상해없음,승용,여,33세,경상
2012020700100413,2012년 2월 7일 18시,화요일,제주특별자치도 제주시 내도동,경상사고,0,0,3,0,차대차 - 측면직각충돌,안전운전불이행,결빙,눈,단일로 - 기타,승용,남,25세,상해없음,승합,남,44세,경상
2012020700100414,2012년 2월 7일 18시,화요일,제주특별자치도 제주시 노형동,경상사고,0,0,2,0,차대차 - 추돌 - 진행중,안전운전불이행,결빙,눈,단일로 - 기타,승용,여,21세,상해없음,승용,남,36세,상해없음
2012020700100453,2012년 2월 7일 19시,화요일,제주특별자치도 제주시 건입동,중상사고,0,1,0,0,차대차 - 측면직각충돌,중앙선침범,결빙,눈,단일로 - 기타,화물,남,54세,상해없음,승용,남,34세,중상
2012020700100454,2012년 2월 7일 19시,화요일,제주특별자치도 제주시 노형동,경상사고,0,0,3,0,차대차 - 기타,안전운전불이행,적설,눈,단일로 - 기타,승용,여,39세,경상,승용,여,38세,경상
2012020700100480,2012년 2월 7일 20시,화요일,제주특별자치도 제주시 일도이동,경상사고,0,0,2,0,차대차 - 추돌 - 진행중,안전거리미확보,습기,눈,단일로 - 기타,승용,남,49세,상해없음,승용,여,38세,경상
2012020700100513,2012년 2월 7일 21시,화요일,제주특별자치도 제주시 일도이동,경상사고,0,0,1,0,차대차 - 측면직각충돌,안전거리미확보,결빙,눈,단일로 - 기타,화물,남,40세,상해없음,승용,여,24세,경상
2012020700100514,2012년 2월 7일 21시,화요일,제주특별자치도 제주시 도남동,중상사고,0,2,0,0,차대차 - 측면직각충돌,안전운전불이행,적설,눈,단일로 - 기타,승용,남,37세,상해없음,승용,남,36세,중상
2012020700100515,2012년 2월 7일 21시,화요일,제주특별자치도 제주시 도남동,경상사고,0,0,1,0,차대사람 - 횡단중,안전운전불이행,습기,눈,교차로 - 교차로부근,승용,남,62세,상해없음,보행자,여,33세,경상
2012020800100011,2012년 2월 8일 00시,수요일,제주특별자치도 제주시 화북일동,경상사고,0,0,2,0,차대차 - 측면직각충돌,교차로운행방법위반,적설,눈,교차로 - 교차로안,승용,남,45세,상해없음,승용,남,45세,경상
2012020800100022,2012년 2월 8일 01시,수요일,제주특별자치도 제주시 연동,경상사고,0,0,1,0,차대차 - 측면직각충돌,신호위반,건조,맑음,단일로 - 기타,승용,남,38세,상해없음,승용,남,43세,경상
2012020800100057,2012년 2월 8일 05시,수요일,제주특별자치도 제주시 도남동,경상사고,0,0,3,0,차대차 - 측면직각충돌,안전운전불이행,결빙,흐림,단일로 - 기타,승용,남,45세,상해없음,승용,남,56세,경상
2012020800100113,2012년 2월 8일 08시,수요일,제주특별자치도 서귀포시 강정동,경상사고,0,0,1,0,차대차 - 기타,차로위반,적설,눈,교차로 - 교차로부근,화물,남,35세,상해없음,승합,남,49세,상해없음
2012020800100162,2012년 2월 8일 10시,수요일,제주특별자치도 제주시 조천읍,경상사고,0,0,1,0,차대사람 - 횡단중,안전운전불이행,적설,눈,단일로 - 기타,승용,남,64세,상해없음,보행자,여,19세,경상
2012020800100163,2012년 2월 8일 10시,수요일,제주특별자치도 서귀포시 남원읍,경상사고,0,0,4,0,차대차 - 추돌 - 주정차중,안전운전불이행,적설,눈,단일로 - 기타,승합,남,35세,상해없음,승합,남,46세,상해없음
2012020800100338,2012년 2월 8일 16시,수요일,제주특별자치도 제주시 삼양이동,경상사고,0,0,1,0,차대차 - 측면직각충돌,교차로운행방법위반,기타,맑음,교차로 - 교차로안,승용,남,23세,상해없음,승용,여,34세,경상
2012020800100339,2012년 2월 8일 16시,수요일,제주특별자치도 서귀포시 대정읍,경상사고,0,0,2,0,차량단독 - 공작물충돌,안전운전불이행,건조,맑음,단일로 - 기타,승용,여,37세,상해없음,,,,
2012020800100340,2012년 2월 8일 16시,수요일,제주특별자치도 제주시 노형동,경상사고,0,0,1,0,차대사람 - 횡단중,보행자보호의무위반,건조,흐림,단일로 - 기타,승합,남,57세,상해없음,보행자,남,13세,경상
2012020800100372,2012년 2월 8일 17시,수요일,제주특별자치도 제주시 화북일동,중상사고,0,1,0,0,차대차 - 측면직각충돌,안전운전불이행,습기,흐림,단일로 - 기타,원동기,남,24세,중상,승용,여,32세,상해없음
2012020800100584,2012년 2월 8일 22시,수요일,제주특별자치도 제주시 이도이동,경상사고,0,0,1,0,차대차 - 측면직각충돌,안전운전불이행,건조,맑음,단일로 - 기타,화물,남,43세,상해없음,승용,남,31세,상해없음
2012020900100042,2012년 2월 9일 01시,목요일,제주특별자치도 제주시 이도이동,중상사고,0,1,0,0,차대사람 - 횡단중,안전운전불이행,기타,맑음,단일로 - 기타,승용,남,63세,상해없음,보행자,여,44세,중상
2012020900100122,2012년 2월 9일 07시,목요일,제주특별자치도 제주시 이도이동,경상사고,0,0,1,0,차대사람 - 횡단중,안전운전불이행,건조,맑음,단일로 - 기타,화물,여,55세,상해없음,보행자,남,44세,경상
2012020900100167,2012년 2월 9일 08시,목요일,제주특별자치도 제주시 연동,경상사고,0,0,1,0,차대차 - 측면직각충돌,중앙선침범,건조,흐림,단일로 - 기타,승용,남,71세,상해없음,승용,남,42세,경상
2012020900100379,2012년 2월 9일 15시,목요일,제주특별자치도 서귀포시 법환동,경상사고,0,0,2,0,차대차 - 측면직각충돌,직진우회전진행방해,건조,맑음,교차로 - 교차로안,승용,여,43세,경상,승용,남,30세,상해없음
2012020900100409,2012년 2월 9일 16시,목요일,제주특별자치도 제주시 화북일동,경상사고,0,0,1,0,차대차 - 측면직각충돌,안전운전불이행,건조,맑음,교차로 - 교차로부근,승용,남,44세,상해없음,화물,남,54세,경상
2012020900100437,2012년 2월 9일 17시,목요일,제주특별자치도 제주시 오등동,경상사고,0,0,1,0,차대차 - 측면직각충돌,안전거리미확보,건조,맑음,단일로 - 기타,승합,남,51세,상해없음,승합,남,51세,경상
2012020900100518,2012년 2월 9일 19시,목요일,제주특별자치도 제주시 화북이동,경상사고,0,0,1,0,차대사람 - 횡단중,보행자보호의무위반,건조,맑음,단일로 - 횡단보도상,화물,남,49세,상해없음,보행자,남,49세,경상
2012020900100544,2012년 2월 9일 20시,목요일,제주특별자치도 제주시 연동,경상사고,0,0,1,0,차대차 - 기타,안전운전불이행,건조,맑음,단일로 - 기타,승용,남,42세,상해없음,승용,여,42세,경상
2012020900100628,2012년 2월 9일 22시,목요일,제주특별자치도 제주시 이도이동,중상사고,0,1,0,0,차대사람 - 횡단중,안전운전불이행,건조,흐림,교차로 - 교차로안,화물,남,28세,상해없음,보행자,남,52세,중상
2012021000100101,2012년 2월 10일 06시,금요일,제주특별자치도 제주시 아라일동,중상사고,0,1,1,0,차대차 - 추돌 - 주정차중,안전거리미확보,건조,맑음,교차로 - 교차로부근,승용,여,24세,상해없음,승합,남,40세,경상
2012021000100171,2012년 2월 10일 08시,금요일,제주특별자치도 제주시 이도이동,경상사고,0,0,1,0,차대사람 - 횡단중,보행자보호의무위반,건조,맑음,단일로 - 횡단보도상,승용,남,54세,상해없음,보행자,여,11세,경상
2012021000100198,2012년 2월 10일 09시,금요일,제주특별자치도 제주시 연동,경상사고,0,0,1,0,차대사람 - 횡단중,안전운전불이행,건조,맑음,교차로 - 교차로부근,승용,남,38세,상해없음,보행자,남,10세,경상
2012021000100298,2012년 2월 10일 13시,금요일,제주특별자치도 제주시 일도이동,경상사고,0,0,1,0,차대차 - 측면직각충돌,안전운전불이행,건조,맑음,교차로 - 교차로부근,승용,여,35세,상해없음,승용,여,35세,경상
2012021000100369,2012년 2월 10일 15시,금요일,제주특별자치도 제주시 삼도일동,경상사고,0,0,1,0,차대차 - 측면직각충돌,교차로운행방법위반,건조,맑음,교차로 - 교차로안,승용,남,22세,상해없음,화물,남,26세,경상
2012021000100406,2012년 2월 10일 16시,금요일,제주특별자치도 제주시 노형동,경상사고,0,0,2,0,차대차 - 기타,안전운전불이행,건조,맑음,단일로 - 기타,화물,여,52세,상해없음,승용,남,68세,경상
2012021000100536,2012년 2월 10일 19시,금요일,제주특별자치도 제주시 오라이동,경상사고,0,0,1,0,차대차 - 측면직각충돌,신호위반,건조,맑음,교차로 - 교차로안,승용,남,22세,상해없음,승합,남,38세,경상
2012021000100537,2012년 2월 10일 19시,금요일,제주특별자치도 서귀포시 토평동,경상사고,0,0,1,0,차대차 - 추돌 - 진행중,안전운전불이행,건조,맑음,단일로 - 기타,승용,남,20세,상해없음,농기계,남,47세,경상
2012021100100190,2012년 2월 11일 08시,토요일,제주특별자치도 제주시 도련이동,경상사고,0,0,1,0,차대차 - 측면직각충돌,교차로운행방법위반,건조,맑음,교차로 - 교차로부근,승용,남,35세,상해없음,승용,여,37세,상해없음
2012021100100215,2012년 2월 11일 09시,토요일,제주특별자치도 제주시 일도이동,경상사고,0,0,1,0,차대차 - 측면직각충돌,안전운전불이행,건조,맑음,단일로 - 기타,건설기계,남,54세,상해없음,승용,남,40세,경상
2012021100100240,2012년 2월 11일 10시,토요일,제주특별자치도 제주시 용담이동,경상사고,0,0,1,0,차대차 - 기타,직진우회전진행방해,건조,맑음,단일로 - 기타,승용,남,51세,상해없음,승합,남,37세,상해없음
2012021100100335,2012년 2월 11일 13시,토요일,제주특별자치도 제주시 노형동,경상사고,0,0,1,0,차대차 - 기타,안전운전불이행,건조,맑음,단일로 - 기타,원동기,남,25세,경상,승용,남,38세,상해없음
2012021100100358,2012년 2월 11일 14시,토요일,제주특별자치도 제주시 노형동,경상사고,0,0,1,0,차대차 - 기타,직진우회전진행방해,건조,맑음,단일로 - 기타,승용,여,44세,기타불명,자전거,남,73세,경상
2012021100100392,2012년 2월 11일 15시,토요일,제주특별자치도 제주시 이도이동,중상사고,0,1,1,0,차대차 - 측면직각충돌,안전거리미확보,건조,맑음,교차로 - 교차로부근,화물,남,47세,상해없음,승용,남,40세,중상
2012021100100393,2012년 2월 11일 15시,토요일,제주특별자치도 제주시 노형동,중상사고,0,1,1,0,차대차 - 측면직각충돌,안전운전불이행,건조,맑음,단일로 - 기타,승용,남,27세,기타불명,승용,여,55세,중상
2012021100100394,2012년 2월 11일 15시,토요일,제주특별자치도 제주시 노형동,경상사고,0,0,1,0,차대차 - 기타,안전운전불이행,건조,맑음,단일로 - 기타,승용,여,47세,기타불명,승용,남,33세,경상
2012021100100424,2012년 2월 11일 16시,토요일,제주특별자치도 제주시 이도일동,중상사고,0,1,0,0,차대사람 - 횡단중,보행자보호의무위반,기타,맑음,단일로 - 기타,승용,남,46세,상해없음,보행자,남,8세,중상
2012021100100465,2012년 2월 11일 17시,토요일,제주특별자치도 제주시 일도이동,경상사고,0,0,1,0,차대차 - 측면직각충돌,안전거리미확보,건조,기타,단일로 - 기타,승용,여,50세,상해없음,승합,남,42세,경상
2012021100100499,2012년 2월 11일 18시,토요일,제주특별자치도 제주시 이도이동,경상사고,0,0,1,0,차대차 - 측면직각충돌,교차로운행방법위반,건조,맑음,교차로 - 교차로안,화물,남,40세,상해없음,승용,여,40세,경상
2012021100100500,2012년 2월 11일 18시,토요일,제주특별자치도 제주시 일도이동,경상사고,0,0,1,0,차대사람 - 횡단중,보행자보호의무위반,건조,맑음,단일로 - 기타,승용,남,62세,상해없음,보행자,여,11세,경상
2012021100100501,2012년 2월 11일 18시,토요일,제주특별자치도 제주시 연동,중상사고,0,1,2,0,차대차 - 기타,직진우회전진행방해,건조,맑음,단일로 - 기타,승용,여,56세,경상,승용,남,24세,경상
2012021100100541,2012년 2월 11일 19시,토요일,제주특별자치도 제주시 이호이동,경상사고,0,0,1,0,차대차 - 기타,신호위반,건조,맑음,교차로 - 교차로안,승용,여,42세,상해없음,화물,남,30세,경상
2012021100100683,2012년 2월 11일 23시,토요일,제주특별자치도 제주시 봉개동,경상사고,0,0,1,0,차대사람 - 횡단중,안전운전불이행,건조,맑음,단일로 - 기타,승용,여,23세,상해없음,보행자,남,52세,경상
2012021200100066,2012년 2월 12일 01시,일요일,제주특별자치도 제주시 이도이동,부상신고사고,0,0,0,1,차대사람 - 횡단중,안전운전불이행,건조,맑음,단일로 - 기타,기타불명,기타불명,기타불명,기타불명,보행자,남,26세,부상신고
2012021200100163,2012년 2월 12일 06시,일요일,제주특별자치도 제주시 연동,경상사고,0,0,1,0,차대차 - 기타,안전운전불이행,건조,맑음,단일로 - 기타,승용,남,68세,상해없음,승용,남,49세,경상
2012021200100181,2012년 2월 12일 07시,일요일,제주특별자치도 서귀포시 신효동,부상신고사고,0,0,0,1,차대차 - 기타,중앙선침범,건조,맑음,단일로 - 기타,원동기,남,35세,부상신고,승용,남,30세,상해없음
2012021200100226,2012년 2월 12일 10시,일요일,제주특별자치도 제주시 아라일동,중상사고,0,1,1,0,차대차 - 측면직각충돌,교차로운행방법위반,건조,맑음,교차로 - 교차로부근,승용,여,32세,상해없음,자전거,남,27세,중상
2012021200100272,2012년 2월 12일 12시,일요일,제주특별자치도 서귀포시 대정읍,경상사고,0,0,1,0,차대사람 - 기타,안전운전불이행,건조,맑음,단일로 - 기타,승용,남,42세,상해없음,보행자,여,69세,경상
2012021200100295,2012년 2월 12일 13시,일요일,제주특별자치도 제주시 조천읍,경상사고,0,0,2,0,차대차 - 측면직각충돌,교차로운행방법위반,건조,맑음,교차로 - 교차로안,승용,남,51세,경상,화물,남,32세,경상
2012021200100485,2012년 2월 12일 20시,일요일,제주특별자치도 서귀포시 대정읍,경상사고,0,0,1,0,차대사람 - 차도통행중,안전운전불이행,건조,기타,교차로 - 교차로안,승용,여,50세,상해없음,보행자,여,53세,경상
2012021200100523,2012년 2월 12일 22시,일요일,제주특별자치도 제주시 오라일동,경상사고,0,0,1,0,차량단독 - 공작물충돌,안전운전불이행,건조,흐림,단일로 - 기타,승용,남,27세,경상,,,,
2012021200100543,2012년 2월 12일 23시,일요일,제주특별자치도 제주시 용담이동,경상사고,0,0,1,0,차대차 - 측면직각충돌,교차로운행방법위반,습기,비,교차로 - 교차로안,승용,남,48세,상해없음,승용,여,34세,경상
2012021300100169,2012년 2월 13일 11시,월요일,제주특별자치도 서귀포시 동홍동,경상사고,0,0,2,0,차대차 - 기타,신호위반,습기,흐림,교차로 - 교차로안,승용,남,53세,상해없음,승용,남,38세,경상
2012021300100187,2012년 2월 13일 12시,월요일,제주특별자치도 제주시 삼도일동,경상사고,0,0,1,0,차대차 - 측면직각충돌,교차로운행방법위반,습기,비,교차로 - 교차로부근,화물,여,38세,상해없음,이륜,남,31세,경상
2012021300100249,2012년 2월 13일 14시,월요일,제주특별자치도 제주시 도남동,중상사고,0,1,0,0,차대차 - 측면직각충돌,교차로운행방법위반,건조,맑음,교차로 - 교차로안,기타불명,기타불명,기타불명,기타불명,이륜,남,40세,중상
2012021300100250,2012년 2월 13일 14시,월요일,제주특별자치도 제주시 오라일동,중상사고,0,1,0,0,차대차 - 측면직각충돌,안전거리미확보,건조,흐림,단일로 - 기타,승용,남,37세,상해없음,이륜,남,75세,중상
2012021300100332,2012년 2월 13일 17시,월요일,제주특별자치도 서귀포시 동홍동,경상사고,0,0,1,0,차대차 - 정면충돌,중앙선침범,건조,맑음,교차로 - 교차로부근,화물,여,40세,상해없음,승용,남,53세,상해없음
2012021300100370,2012년 2월 13일 18시,월요일,제주특별자치도 제주시 용담이동,경상사고,0,0,1,0,차대차 - 측면직각충돌,신호위반,습기,흐림,교차로 - 교차로안,승용,여,58세,상해없음,승용,여,49세,경상
2012021300100438,2012년 2월 13일 20시,월요일,제주특별자치도 서귀포시 남원읍,중상사고,0,1,0,0,차대사람 - 횡단중,보행자보호의무위반,습기,비,교차로 - 교차로부근,승용,남,40세,상해없음,보행자,남,76세,중상
2012021300100439,2012년 2월 13일 20시,월요일,제주특별자치도 서귀포시 서귀동,경상사고,0,0,2,0,차대차 - 측면직각충돌,안전운전불이행,건조,맑음,교차로 - 교차로안,승용,여,30세,상해없음,승용,여,42세,경상
2012021300100505,2012년 2월 13일 22시,월요일,제주특별자치도 제주시 연동,경상사고,0,0,1,0,차대사람 - 횡단중,보행자보호의무위반,건조,맑음,단일로 - 횡단보도상,승용,남,41세,상해없음,보행자,남,13세,경상
2012021300100536,2012년 2월 13일 23시,월요일,제주특별자치도 제주시 용담일동,경상사고,0,0,2,0,차대차 - 측면직각충돌,교차로운행방법위반,습기,비,단일로 - 기타,승용,남,45세,상해없음,화물,남,45세,경상
2012021400100018,2012년 2월 14일 00시,화요일,제주특별자치도 제주시 노형동,경상사고,0,0,2,0,차대차 - 추돌 - 주정차중,안전거리미확보,습기,비,단일로 - 기타,승용,남,29세,상해없음,승용,남,51세,상해없음
2012021400100077,2012년 2월 14일 05시,화요일,제주특별자치도 제주시 건입동,경상사고,0,0,1,0,차대차 - 측면직각충돌,안전운전불이행,습기,비,교차로 - 교차로부근,승용,남,32세,상해없음,화물,남,43세,경상
2012021400100185,2012년 2월 14일 09시,화요일,제주특별자치도 서귀포시 성산읍,중상사고,0,2,0,0,차대차 - 측면직각충돌,교차로운행방법위반,습기,비,교차로 - 교차로안,승합,남,57세,상해없음,이륜,여,63세,중상
2012021400100213,2012년 2월 14일 10시,화요일,제주특별자치도 제주시 조천읍,경상사고,0,0,2,0,차대차 - 측면직각충돌,안전운전불이행,습기,비,교차로 - 교차로부근,승용,남,30세,경상,승용,여,50세,경상
2012021400100355,2012년 2월 14일 15시,화요일,제주특별자치도 서귀포시 남원읍,경상사고,0,0,1,0,차대차 - 추돌 - 진행중,안전거리미확보,건조,맑음,단일로 - 기타,화물,남,46세,상해없음,승용,남,28세,경상
2012021400100418,2012년 2월 14일 17시,화요일,제주특별자치도 제주시 연동,경상사고,0,0,2,0,차대차 - 측면직각충돌,신호위반,건조,맑음,교차로 - 교차로안,승용,여,39세,상해없음,승용,남,49세,경상
2012021400100457,2012년 2월 14일 18시,화요일,제주특별자치도 제주시 구좌읍,경상사고,0,0,2,0,차대차 - 추돌 - 주정차중,안전운전불이행,건조,흐림,단일로 - 기타,승용,남,54세,상해없음,승용,남,27세,경상
2012021400100458,2012년 2월 14일 18시,화요일,제주특별자치도 제주시 삼양이동,경상사고,0,0,1,0,차대차 - 추돌 - 진행중,안전거리미확보,습기,비,교차로 - 교차로부근,화물,남,42세,상해없음,승용,여,44세,경상
2012021400100534,2012년 2월 14일 20시,화요일,제주특별자치도 제주시 아라일동,중상사고,0,1,1,0,차대차 - 측면직각충돌,안전거리미확보,건조,흐림,단일로 - 기타,승용,남,49세,기타불명,승용,남,29세,상해없음
2012021400100631,2012년 2월 14일 23시,화요일,제주특별자치도 서귀포시 동홍동,경상사고,0,0,1,0,차대사람 - 횡단중,보행자보호의무위반,습기,비,단일로 - 기타,승용,남,61세,상해없음,보행자,여,39세,경상
2012021400100632,2012년 2월 14일 23시,화요일,제주특별자치도 서귀포시 서귀동,중상사고,0,1,0,0,차대차 - 측면직각충돌,안전거리미확보,습기,비,단일로 - 기타,승용,남,39세,상해없음,원동기,남,41세,중상
2012021500100189,2012년 2월 15일 11시,수요일,제주특별자치도 제주시 이도이동,경상사고,0,0,1,0,차대차 - 측면직각충돌,중앙선침범,건조,맑음,교차로 - 교차로부근,이륜,남,41세,경상,승용,여,49세,상해없음
2012021500100312,2012년 2월 15일 17시,수요일,제주특별자치도 제주시 일도이동,경상사고,0,0,1,0,차대사람 - 횡단중,안전운전불이행,건조,맑음,기타 - 기타,기타불명,기타불명,기타불명,기타불명,보행자,남,64세,경상
2012021500100313,2012년 2월 15일 17시,수요일,제주특별자치도 제주시 조천읍,경상사고,0,0,1,0,차대차 - 측면직각충돌,교차로운행방법위반,건조,맑음,교차로 - 교차로안,승용,남,39세,상해없음,승용,여,56세,경상
2012021500100314,2012년 2월 15일 17시,수요일,제주특별자치도 제주시 용담삼동,중상사고,0,1,0,0,차대사람 - 기타,안전운전불이행,건조,맑음,교차로 - 교차로안,화물,남,52세,상해없음,보행자,남,3세,중상
2012021500100392,2012년 2월 15일 19시,수요일,제주특별자치도 서귀포시 남원읍,중상사고,0,1,0,0,차대차 - 추돌 - 주정차중,안전운전불이행,건조,맑음,단일로 - 기타,승용,남,33세,중상,화물,남,40세,상해없음
2012021500100478,2012년 2월 15일 22시,수요일,제주특별자치도 제주시 애월읍,중상사고,0,1,1,0,차대차 - 측면직각충돌,신호위반,건조,흐림,교차로 - 교차로안,승용,남,24세,상해없음,승용,여,26세,경상
2012021600100141,2012년 2월 16일 09시,목요일,제주특별자치도 제주시 노형동,경상사고,0,0,1,0,차대사람 - 기타,기타,건조,맑음,단일로 - 기타,승용,여,40세,상해없음,보행자,남,10세,경상
2012021600100222,2012년 2월 16일 12시,목요일,제주특별자치도 제주시 이도이동,경상사고,0,0,1,0,차대사람 - 횡단중,안전운전불이행,건조,맑음,단일로 - 기타,자전거,남,15세,상해없음,보행자,남,20세,경상
2012021600100291,2012년 2월 16일 15시,목요일,제주특별자치도 서귀포시 서홍동,중상사고,0,1,0,0,차대차 - 추돌 - 진행중,안전운전불이행,건조,맑음,단일로 - 기타,건설기계,남,50세,상해없음,승용,여,53세,중상
2012021600100451,2012년 2월 16일 20시,목요일,제주특별자치도 제주시 노형동,경상사고,0,0,1,0,차대사람 - 횡단중,안전운전불이행,건조,맑음,단일로 - 기타,승용,남,47세,상해없음,보행자,남,41세,경상
2012021600100489,2012년 2월 16일 21시,목요일,제주특별자치도 제주시 삼양일동,경상사고,0,0,1,0,차대차 - 측면직각충돌,신호위반,건조,맑음,교차로 - 교차로안,승용,남,32세,상해없음,승용,남,45세,경상
2012021600100540,2012년 2월 16일 23시,목요일,제주특별자치도 제주시 삼양일동,중상사고,0,1,1,0,차대사람 - 횡단중,보행자보호의무위반,건조,맑음,단일로 - 횡단보도상,승용,남,53세,상해없음,보행자,남,34세,중상
2012021700100135,2012년 2월 17일 08시,금요일,제주특별자치도 제주시 연동,경상사고,0,0,1,0,차대차 - 기타,안전운전불이행,건조,흐림,교차로 - 교차로안,승용,여,43세,상해없음,자전거,여,22세,경상
2012021700100209,2012년 2월 17일 12시,금요일,제주특별자치도 제주시 이도이동,경상사고,0,0,1,0,차대차 - 측면직각충돌,안전운전불이행,결빙,눈,교차로 - 교차로안,화물,남,58세,상해없음,승용,여,48세,경상
2012021700100254,2012년 2월 17일 14시,금요일,제주특별자치도 제주시 용담일동,경상사고,0,0,1,0,차대차 - 측면직각충돌,교차로운행방법위반,건조,흐림,교차로 - 교차로부근,승용,남,70세,상해없음,화물,남,48세,경상