사고번호,사고일시,요일,시군구,사고내용,사망자수,중상자수,경상자수,부상신고자수,사고유형,법규위반,노면상태,기상상태,도로형태,가해운전자 차종,가해운전자 성별,가해운전자 연령,가해운전자 상해정도,피해운전자 차종,피해운전자 성별,피해운전자 연령,피해운전자 상해정도
2012021700100437,2012년 2월 17일 21시,금요일,제주특별자치도 제주시 노형동,중상사고,0,1,0,0,차대사람 - 보도통행중,안전운전불이행,습기,눈,교차로 - 교차로부근,승용,남,53세,상해없음,보행자,남,60세,중상
2012021700100508,2012년 2월 17일 23시,금요일,제주특별자치도 제주시 이도이동,중상사고,0,1,0,0,차대사람 - 횡단중,보행자보호의무위반,기타,눈,단일로 - 횡단보도상,승용,남,40세,상해없음,보행자,여,23세,중상
2012021700100509,2012년 2월 17일 23시,금요일,제주특별자치도 제주시 도남동,경상사고,0,0,1,0,차대차 - 추돌 - 진행중,안전거리미확보,적설,눈,단일로 - 기타,승용,남,42세,상해없음,승용,남,56세,경상
2012021800100024,2012년 2월 18일 00시,토요일,제주특별자치도 제주시 연동,중상사고,0,1,1,0,차대차 - 기타,안전운전불이행,결빙,눈,단일로 - 기타,승용,남,27세,상해없음,승용,남,53세,중상
2012021800100025,2012년 2월 18일 00시,토요일,제주특별자치도 제주시 애월읍,경상사고,0,0,3,0,차대차 - 추돌 - 진행중,안전운전불이행,결빙,눈,단일로 - 기타,승합,남,26세,상해없음,승용,남,38세,상해없음
2012021800100116,2012년 2월 18일 05시,토요일,제주특별자치도 제주시 연동,경상사고,0,0,1,0,차대차 - 기타,안전운전불이행,결빙,눈,교차로 - 교차로부근,승용,남,41세,상해없음,승용,남,38세,경상
2012021800100202,2012년 2월 18일 10시,토요일,제주특별자치도 서귀포시 대정읍,중상사고,0,1,0,0,차대차 - 측면직각충돌,신호위반,건조,흐림,교차로 - 교차로안,원동기,남,75세,중상,승용,남,29세,상해없음
2012021800100203,2012년 2월 18일 10시,토요일,제주특별자치도 서귀포시 서귀동,경상사고,0,0,1,0,차대차 - 측면직각충돌,안전운전불이행,습기,눈,교차로 - 교차로안,승용,남,53세,상해없음,승용,남,26세,경상
2012021800100204,2012년 2월 18일 10시,토요일,제주특별자치도 제주시 연동,경상사고,0,0,1,0,차대차 - 측면직각충돌,안전운전불이행,결빙,눈,교차로 - 교차로안,승합,남,50세,상해없음,승용,남,33세,경상
2012021800100280,2012년 2월 18일 13시,토요일,제주특별자치도 서귀포시 남원읍,경상사고,0,0,1,0,차대차 - 측면직각충돌,직진우회전진행방해,습기,눈,교차로 - 교차로안,승용,남,23세,상해없음,승용,남,52세,상해없음
2012021800100497,2012년 2월 18일 20시,토요일,제주특별자치도 제주시 용담이동,부상신고사고,0,0,0,1,차대차 - 기타,안전운전불이행,건조,맑음,단일로 - 기타,승용,여,40세,부상신고,승용,남,49세,상해없음
2012021800100529,2012년 2월 18일 21시,토요일,제주특별자치도 제주시 연동,경상사고,0,0,1,0,차대차 - 기타,안전운전불이행,건조,맑음,단일로 - 기타,승용,남,37세,상해없음,승용,남,55세,경상
2012021900100253,2012년 2월 19일 15시,일요일,제주특별자치도 제주시 애월읍,경상사고,0,0,1,0,차대차 - 기타,신호위반,건조,맑음,교차로 - 교차로안,원동기,남,67세,경상,승용,남,48세,상해없음
2012021900100284,2012년 2월 19일 16시,일요일,제주특별자치도 서귀포시 표선면,중상사고,0,1,0,0,차대차 - 추돌 - 주정차중,안전운전불이행,건조,맑음,단일로 - 기타,승용,남,43세,상해없음,화물,여,45세,중상
2012021900100397,2012년 2월 19일 20시,일요일,제주특별자치도 제주시 용담일동,경상사고,0,0,2,0,차대차 - 측면직각충돌,안전운전불이행,건조,맑음,단일로 - 기타,원동기,남,16세,경상,화물,남,55세,상해없음
2012021900100433,2012년 2월 19일 21시,일요일,제주특별자치도 제주시 연동,중상사고,0,1,0,0,차대차 - 기타,안전운전불이행,건조,흐림,단일로 - 기타,기타불명,기타불명,기타불명,기타불명,원동기,남,45세,중상
2012021900100434,2012년 2월 19일 21시,일요일,제주특별자치도 제주시 노형동,경상사고,0,0,1,0,차량단독 - 기타,안전운전불이행,건조,맑음,단일로 - 기타,원동기,남,57세,경상,,,,
2012022000100053,2012년 2월 20일 05시,월요일,제주특별자치도 서귀포시 동홍동,경상사고,0,0,1,0,차대차 - 추돌 - 주정차중,안전운전불이행,건조,맑음,단일로 - 기타,승용,남,41세,경상,승용,남,52세,기타불명
2012022000100090,2012년 2월 20일 07시,월요일,제주특별자치도 서귀포시 대정읍,경상사고,0,0,1,0,차대사람 - 기타,보행자보호의무위반,건조,맑음,단일로 - 기타,승용,여,25세,상해없음,보행자,남,7세,경상
2012022000100127,2012년 2월 20일 08시,월요일,제주특별자치도 서귀포시 호근동,중상사고,0,1,0,0,차대차 - 추돌 - 진행중,안전거리미확보,건조,맑음,단일로 - 기타,승용,여,39세,상해없음,화물,남,62세,중상
2012022000100182,2012년 2월 20일 10시,월요일,제주특별자치도 제주시 삼도일동,중상사고,0,1,0,0,차대차 - 측면직각충돌,안전운전불이행,건조,맑음,단일로 - 횡단보도상,이륜,남,67세,중상,화물,남,43세,상해없음
2012022000100183,2012년 2월 20일 10시,월요일,제주특별자치도 제주시 이도이동,경상사고,0,0,1,0,차대차 - 측면직각충돌,안전운전불이행,건조,맑음,단일로 - 기타,화물,남,34세,상해없음,승용,남,43세,경상
2012022000100378,2012년 2월 20일 17시,월요일,제주특별자치도 제주시 봉개동,경상사고,0,0,4,0,차대차 - 측면직각충돌,안전거리미확보,기타,맑음,단일로 - 기타,화물,남,36세,상해없음,승용,여,27세,경상
2012022100100230,2012년 2월 21일 10시,화요일,제주특별자치도 제주시 구좌읍,경상사고,0,0,2,0,차대차 - 측면직각충돌,신호위반,습기,흐림,교차로 - 교차로안,승용,남,79세,상해없음,화물,여,33세,경상
2012022100100277,2012년 2월 21일 12시,화요일,제주특별자치도 제주시 아라일동,중상사고,0,2,0,0,차대차 - 측면직각충돌,중앙선침범,습기,비,단일로 - 기타,승합,남,42세,상해없음,승용,여,64세,중상
2012022100100365,2012년 2월 21일 15시,화요일,제주특별자치도 서귀포시 성산읍,경상사고,0,0,3,0,차대차 - 추돌 - 진행중,안전거리미확보,결빙,기타,교차로 - 교차로부근,승용,남,52세,상해없음,승용,남,41세,경상
2012022100100425,2012년 2월 21일 17시,화요일,제주특별자치도 제주시 구좌읍,중상사고,0,1,0,0,차대사람 - 횡단중,안전운전불이행,습기,비,단일로 - 기타,기타불명,기타불명,기타불명,기타불명,보행자,남,31세,중상
2012022100100514,2012년 2월 21일 19시,화요일,제주특별자치도 제주시 이도이동,경상사고,0,0,2,0,차대차 - 측면직각충돌,안전운전불이행,습기,비,교차로 - 교차로부근,승용,남,51세,상해없음,화물,남,51세,경상
2012022100100515,2012년 2월 21일 19시,화요일,제주특별자치도 제주시 조천읍,중상사고,0,1,0,0,차대사람 - 횡단중,안전운전불이행,습기,비,교차로 - 교차로부근,화물,남,27세,상해없음,보행자,여,73세,중상
2012022100100594,2012년 2월 21일 21시,화요일,제주특별자치도 서귀포시 서귀동,중상사고,0,1,0,0,차대차 - 추돌 - 진행중,직진우회전진행방해,건조,맑음,단일로 - 기타,승용,남,45세,상해없음,원동기,남,36세,중상
2012022100100677,2012년 2월 21일 23시,화요일,제주특별자치도 제주시 연동,경상사고,0,0,1,0,차대차 - 기타,안전거리미확보,습기,비,단일로 - 기타,승용,여,39세,상해없음,승용,여,39세,경상
2012022200100024,2012년 2월 22일 00시,수요일,제주특별자치도 서귀포시 대정읍,경상사고,0,0,1,0,차대차 - 측면직각충돌,안전거리미확보,건조,맑음,단일로 - 기타,승용,남,29세,상해없음,승용,남,56세,상해없음
2012022200100048,2012년 2월 22일 01시,수요일,제주특별자치도 제주시 노형동,중상사고,0,1,1,0,차대차 - 기타,안전거리미확보,건조,흐림,단일로 - 기타,승합,남,52세,상해없음,승용,여,21세,중상
2012022200100248,2012년 2월 22일 11시,수요일,제주특별자치도 제주시 삼도이동,중상사고,0,1,0,0,차대사람 - 횡단중,보행자보호의무위반,건조,흐림,단일로 - 기타,화물,남,29세,상해없음,보행자,남,46세,중상
2012022200100249,2012년 2월 22일 11시,수요일,제주특별자치도 제주시 일도이동,경상사고,0,0,1,0,차대차 - 측면직각충돌,안전거리미확보,건조,맑음,교차로 - 교차로부근,승합,남,73세,상해없음,승용,남,45세,상해없음
2012022200100261,2012년 2월 22일 12시,수요일,제주특별자치도 서귀포시 대정읍,경상사고,0,0,1,0,차대사람 - 기타,안전운전불이행,건조,맑음,단일로 - 기타,승용,여,49세,상해없음,보행자,남,44세,경상
2012022200100380,2012년 2월 22일 17시,수요일,제주특별자치도 서귀포시 토평동,중상사고,0,1,0,0,차대차 - 측면직각충돌,신호위반,습기,비,교차로 - 교차로안,승용,남,67세,상해없음,승용,여,26세,중상
2012022200100535,2012년 2월 22일 22시,수요일,제주특별자치도 제주시 화북일동,중상사고,0,2,2,0,차대차 - 측면직각충돌,안전운전불이행,습기,비,교차로 - 교차로부근,승용,여,46세,중상,승용,남,28세,중상
2012022200100565,2012년 2월 22일 23시,수요일,제주특별자치도 서귀포시 서호동,중상사고,0,1,0,0,차대차 - 기타,안전운전불이행,습기,비,교차로 - 교차로부근,승용,남,39세,중상,승용,남,23세,상해없음
2012022200100566,2012년 2월 22일 23시,수요일,제주특별자치도 제주시 연동,중상사고,0,3,3,0,차대차 - 측면직각충돌,직진우회전진행방해,습기,비,교차로 - 교차로안,승합,남,55세,상해없음,승용,남,57세,상해없음
2012022300100229,2012년 2월 23일 12시,목요일,제주특별자치도 제주시 노형동,경상사고,0,0,1,0,차대차 - 측면직각충돌,안전거리미확보,건조,맑음,단일로 - 기타,화물,남,41세,상해없음,승용,남,51세,경상
2012022300100254,2012년 2월 23일 13시,목요일,제주특별자치도 서귀포시 중문동,경상사고,0,0,1,0,차대사람 - 횡단중,보행자보호의무위반,건조,맑음,단일로 - 횡단보도상,승용,여,30세,상해없음,보행자,남,11세,경상
2012022300100308,2012년 2월 23일 15시,목요일,제주특별자치도 제주시 한경면,경상사고,0,0,1,0,차대차 - 기타,안전운전불이행,건조,맑음,단일로 - 기타,화물,남,49세,상해없음,승용,여,40세,경상
2012022300100348,2012년 2월 23일 17시,목요일,제주특별자치도 제주시 일도일동,경상사고,0,0,1,0,차대사람 - 횡단중,안전운전불이행,건조,흐림,단일로 - 기타,승용,남,52세,상해없음,보행자,여,56세,경상
2012022400100021,2012년 2월 24일 00시,금요일,제주특별자치도 제주시 이도이동,경상사고,0,0,1,0,차대차 - 측면직각충돌,안전운전불이행,건조,기타,기타 - 기타,승용,남,33세,상해없음,승용,남,41세,경상
2012022400100171,2012년 2월 24일 08시,금요일,제주특별자치도 제주시 도두이동,부상신고사고,0,0,0,1,차량단독 - 공작물충돌,안전운전불이행,건조,맑음,교차로 - 교차로안,승용,남,18세,상해없음,,,,
2012022400100238,2012년 2월 24일 11시,금요일,제주특별자치도 제주시 이도이동,경상사고,0,0,1,0,차대차 - 측면직각충돌,안전운전불이행,건조,맑음,교차로 - 교차로안,이륜,남,51세,경상,화물,남,39세,상해없음
2012022400100281,2012년 2월 24일 13시,금요일,제주특별자치도 서귀포시 동홍동,경상사고,0,0,1,0,차대차 - 측면직각충돌,기타,건조,맑음,교차로 - 교차로안,승용,남,53세,경상,화물,남,56세,상해없음
2012022400100303,2012년 2월 24일 14시,금요일,제주특별자치도 제주시 구좌읍,사망사고,1,0,0,0,차대사람 - 기타,안전운전불이행,건조,흐림,단일로 - 기타,승합,남,47세,상해없음,보행자,여,78세,사망
2012022400100354,2012년 2월 24일 16시,금요일,제주특별자치도 제주시 일도이동,경상사고,0,0,1,0,차량단독 - 공작물충돌,안전운전불이행,건조,기타,단일로 - 기타,승합,남,30세,상해없음,,,,
2012022400100355,2012년 2월 24일 16시,금요일,제주특별자치도 제주시 연동,경상사고,0,0,3,0,차대차 - 측면직각충돌,안전운전불이행,건조,맑음,단일로 - 기타,승용,여,48세,상해없음,승용,남,33세,경상
2012022400100461,2012년 2월 24일 19시,금요일,제주특별자치도 제주시 이도이동,경상사고,0,0,1,0,차대차 - 측면직각충돌,안전거리미확보,건조,흐림,단일로 - 기타,건설기계,남,46세,상해없음,승용,여,40세,경상
2012022400100462,2012년 2월 24일 19시,금요일,제주특별자치도 서귀포시 토평동,경상사고,0,0,2,0,차대차 - 추돌 - 주정차중,안전운전불이행,건조,맑음,단일로 - 기타,승용,남,52세,상해없음,승용,남,46세,상해없음
2012022400100463,2012년 2월 24일 19시,금요일,제주특별자치도 제주시 오라삼동,경상사고,0,0,1,0,차대차 - 측면직각충돌,안전거리미확보,습기,비,단일로 - 기타,승용,남,46세,상해없음,승용,여,50세,경상
2012022400100546,2012년 2월 24일 21시,금요일,제주특별자치도 제주시 오라삼동,경상사고,0,0,2,0,차대차 - 기타,안전운전불이행,습기,비,교차로 - 교차로안,승용,남,55세,경상,승용,남,27세,경상
2012022500100093,2012년 2월 25일 02시,토요일,제주특별자치도 제주시 일도이동,경상사고,0,0,1,0,차대사람 - 횡단중,보행자보호의무위반,습기,비,단일로 - 횡단보도상,승용,남,41세,상해없음,보행자,여,24세,경상
2012022500100094,2012년 2월 25일 02시,토요일,제주특별자치도 제주시 이도이동,경상사고,0,0,1,0,차대차 - 측면직각충돌,교차로운행방법위반,습기,비,교차로 - 교차로안,승용,여,42세,상해없음,승용,남,65세,경상
2012022500100149,2012년 2월 25일 05시,토요일,제주특별자치도 제주시 구좌읍,사망사고,1,0,0,0,차대차 - 추돌 - 주정차중,기타,습기,비,단일로 - 기타,승용,남,29세,상해없음,이륜,남,58세,사망
2012022500100230,2012년 2월 25일 09시,토요일,제주특별자치도 서귀포시 표선면,중상사고,0,1,0,0,차대차 - 기타,안전운전불이행,건조,흐림,단일로 - 기타,승용,여,60세,중상,화물,남,35세,상해없음
2012022500100283,2012년 2월 25일 12시,토요일,제주특별자치도 제주시 외도일동,경상사고,0,0,1,0,차대차 - 측면직각충돌,직진우회전진행방해,건조,흐림,교차로 - 교차로안,이륜,남,23세,경상,승용,여,43세,상해없음
2012022500100349,2012년 2월 25일 15시,토요일,제주특별자치도 서귀포시 대정읍,부상신고사고,0,0,0,1,차대차 - 기타,안전거리미확보,건조,맑음,단일로 - 기타,승용,여,50세,상해없음,원동기,남,66세,부상신고
2012022500100400,2012년 2월 25일 17시,토요일,제주특별자치도 제주시 아라일동,경상사고,0,0,1,0,차대차 - 측면직각충돌,안전운전불이행,건조,맑음,단일로 - 기타,화물,남,60세,상해없음,화물,남,31세,경상
2012022500100482,2012년 2월 25일 19시,토요일,제주특별자치도 제주시 건입동,중상사고,0,1,1,0,차대차 - 측면직각충돌,교차로운행방법위반,건조,맑음,교차로 - 교차로안,승용,남,36세,상해없음,화물,남,48세,경상
2012022500100526,2012년 2월 25일 20시,토요일,제주특별자치도 제주시 도남동,경상사고,0,0,2,0,차대차 - 측면직각충돌,교차로운행방법위반,건조,맑음,교차로 - 교차로안,승용,남,28세,경상,승합,남,41세,경상
2012022500100621,2012년 2월 25일 23시,토요일,제주특별자치도 서귀포시 서홍동,중상사고,0,1,0,0,차대차 - 측면직각충돌,중앙선침범,건조,맑음,교차로 - 교차로부근,승용,남,45세,상해없음,승용,여,26세,중상
2012022600100145,2012년 2월 26일 11시,일요일,제주특별자치도 제주시 용담일동,중상사고,0,1,0,0,차대차 - 측면직각충돌,안전운전불이행,건조,흐림,교차로 - 교차로부근,이륜,남,34세,중상,화물,남,65세,상해없음
2012022600100195,2012년 2월 26일 14시,일요일,제주특별자치도 서귀포시 표선면,경상사고,0,0,2,0,차대차 - 측면직각충돌,안전거리미확보,건조,맑음,단일로 - 기타,화물,여,55세,상해없음,승용,남,30세,경상
2012022600100234,2012년 2월 26일 16시,일요일,제주특별자치도 제주시 도남동,경상사고,0,0,2,0,차대차 - 측면직각충돌,안전운전불이행,건조,맑음,교차로 - 교차로부근,승용,여,28세,상해없음,이륜,남,26세,경상
2012022600100235,2012년 2월 26일 16시,일요일,제주특별자치도 제주시 구좌읍,경상사고,0,0,1,0,차량단독 - 공작물충돌,안전운전불이행,건조,맑음,단일로 - 기타,승용,여,28세,상해없음,,,,
2012022600100236,2012년 2월 26일 16시,일요일,제주특별자치도 제주시 노형동,중상사고,0,1,0,0,차대차 - 기타,중앙선침범,건조,맑음,단일로 - 기타,건설기계,남,43세,상해없음,원동기,남,43세,중상
2012022600100288,2012년 2월 26일 18시,일요일,제주특별자치도 서귀포시 서홍동,중상사고,0,1,0,0,차대사람 - 보도통행중,신호위반,건조,맑음,단일로 - 횡단보도상,승용,여,49세,상해없음,보행자,여,16세,중상
2012022600100315,2012년 2월 26일 19시,일요일,제주특별자치도 제주시 이호일동,중상사고,0,1,0,0,차대차 - 측면직각충돌,안전운전불이행,건조,맑음,단일로 - 기타,특수,남,37세,상해없음,화물,남,35세,중상
2012022600100359,2012년 2월 26일 21시,일요일,제주특별자치도 제주시 건입동,중상사고,0,1,1,0,차대차 - 측면직각충돌,중앙선침범,건조,맑음,단일로 - 기타,화물,남,58세,상해없음,승용,남,32세,중상
2012022600100360,2012년 2월 26일 21시,일요일,제주특별자치도 제주시 오라일동,중상사고,0,1,3,0,차대차 - 측면직각충돌,신호위반,건조,맑음,교차로 - 교차로안,승용,남,48세,상해없음,승합,남,34세,경상
2012022600100379,2012년 2월 26일 22시,일요일,제주특별자치도 제주시 건입동,중상사고,0,1,0,0,차대차 - 측면직각충돌,안전운전불이행,건조,맑음,교차로 - 교차로부근,이륜,남,72세,중상,승용,여,45세,상해없음
2012022600100380,2012년 2월 26일 22시,일요일,제주특별자치도 제주시 이도이동,경상사고,0,0,1,0,차대사람 - 횡단중,안전운전불이행,건조,맑음,단일로 - 기타,승용,남,49세,상해없음,보행자,여,29세,경상
2012022600100395,2012년 2월 26일 23시,일요일,제주특별자치도 제주시 연동,경상사고,0,0,1,0,차대차 - 기타,교차로운행방법위반,건조,맑음,교차로 - 교차로안,승용,남,40세,상해없음,이륜,남,25세,경상
2012022700100082,2012년 2월 27일 07시,월요일,제주특별자치도 제주시 애월읍,경상사고,0,0,1,0,차대차 - 측면직각충돌,안전운전불이행,건조,맑음,단일로 - 기타,승용,남,45세,상해없음,승용,여,27세,경상
2012022700100131,2012년 2월 27일 09시,월요일,제주특별자치도 제주시 용담이동,중상사고,0,1,0,0,차대차 - 측면직각충돌,신호위반,건조,맑음,교차로 - 교차로부근,승용,남,56세,상해없음,승용,남,56세,상해없음
2012022700100156,2012년 2월 27일 10시,월요일,제주특별자치도 서귀포시 남원읍,경상사고,0,0,2,0,차대차 - 측면직각충돌,직진우회전진행방해,건조,맑음,교차로 - 교차로안,승용,남,34세,경상,화물,여,49세,경상
2012022700100185,2012년 2월 27일 11시,월요일,제주특별자치도 제주시 이도이동,경상사고,0,0,1,0,차대차 - 측면직각충돌,안전운전불이행,건조,맑음,단일로 - 기타,이륜,남,86세,경상,승용,여,23세,상해없음
2012022700100186,2012년 2월 27일 11시,월요일,제주특별자치도 제주시 오라삼동,경상사고,0,0,1,0,차대차 - 측면직각충돌,안전운전불이행,건조,맑음,단일로 - 기타,승용,여,75세,경상,승합,남,32세,기타불명
2012022700100433,2012년 2월 27일 19시,월요일,제주특별자치도 서귀포시 대정읍,경상사고,0,0,2,0,차대사람 - 보도통행중,기타,건조,기타,단일로 - 횡단보도부근,승용,남,30세,상해없음,보행자,남,52세,경상
2012022700100434,2012년 2월 27일 19시,월요일,제주특별자치도 서귀포시 안덕면,경상사고,0,0,1,0,차대차 - 기타,안전운전불이행,건조,맑음,단일로 - 기타,화물,남,57세,경상,승용,남,54세,상해없음
2012022700100469,2012년 2월 27일 20시,월요일,제주특별자치도 제주시 용담이동,경상사고,0,0,1,0,차대사람 - 기타,보행자보호의무위반,건조,맑음,단일로 - 기타,승용,남,22세,상해없음,보행자,여,20세,경상
2012022800100017,2012년 2월 28일 00시,화요일,제주특별자치도 제주시 영평동,중상사고,0,1,0,0,차대차 - 측면직각충돌,안전운전불이행,건조,흐림,교차로 - 교차로안,승용,남,28세,중상,승용,남,41세,상해없음
2012022800100116,2012년 2월 28일 08시,화요일,제주특별자치도 제주시 일도이동,경상사고,0,0,1,0,차대차 - 측면직각충돌,교차로운행방법위반,건조,맑음,교차로 - 교차로안,승용,여,55세,상해없음,승용,여,45세,경상
2012022800100367,2012년 2월 28일 19시,화요일,제주특별자치도 제주시 이도이동,경상사고,0,0,1,0,차대차 - 측면직각충돌,안전운전불이행,습기,비,교차로 - 교차로부근,화물,남,34세,상해없음,승용,여,23세,경상
2012022800100368,2012년 2월 28일 19시,화요일,제주특별자치도 서귀포시 서홍동,부상신고사고,0,0,0,1,차대사람 - 횡단중,보행자보호의무위반,습기,비,단일로 - 기타,승용,남,62세,상해없음,보행자,여,18세,부상신고
2012022800100369,2012년 2월 28일 19시,화요일,제주특별자치도 제주시 연동,경상사고,0,0,1,0,차대차 - 기타,교차로운행방법위반,습기,비,교차로 - 교차로안,승합,남,55세,상해없음,승용,여,51세,경상
2012022900100087,2012년 2월 29일 05시,수요일,제주특별자치도 서귀포시 동홍동,경상사고,0,0,2,0,차대차 - 기타,직진우회전진행방해,습기,맑음,교차로 - 교차로안,화물,남,67세,경상,화물,남,48세,경상
2012022900100272,2012년 2월 29일 13시,수요일,제주특별자치도 서귀포시 성산읍,경상사고,0,0,1,0,차대차 - 기타,안전운전불이행,건조,맑음,단일로 - 기타,화물,남,55세,상해없음,원동기,남,22세,경상
2012022900100331,2012년 2월 29일 15시,수요일,제주특별자치도 서귀포시 동홍동,경상사고,0,0,1,0,차대사람 - 기타,보행자보호의무위반,건조,맑음,단일로 - 기타,원동기,남,52세,상해없음,보행자,여,5세,경상
2012022900100467,2012년 2월 29일 19시,수요일,제주특별자치도 제주시 조천읍,중상사고,0,2,0,0,차대차 - 측면직각충돌,안전거리미확보,건조,맑음,단일로 - 기타,승용,남,24세,상해없음,승용,남,35세,중상
2012022900100569,2012년 2월 29일 22시,수요일,제주특별자치도 제주시 이도이동,중상사고,0,1,0,0,차대사람 - 횡단중,안전운전불이행,건조,맑음,단일로 - 기타,화물,남,32세,상해없음,보행자,남,40세,중상
2012022900100570,2012년 2월 29일 22시,수요일,제주특별자치도 서귀포시 토평동,경상사고,0,0,1,0,차대차 - 기타,안전거리미확보,건조,맑음,단일로 - 기타,승용,남,64세,상해없음,승용,남,45세,상해없음
2012030100100100,2012년 3월 1일 04시,목요일,제주특별자치도 제주시 연동,경상사고,0,0,1,0,차대차 - 기타,안전운전불이행,건조,맑음,교차로 - 교차로부근,승용,남,26세,상해없음,승용,남,40세,경상
2012030100100389,2012년 3월 1일 19시,목요일,제주특별자치도 제주시 용담이동,중상사고,0,1,1,0,차대차 - 기타,직진우회전진행방해,건조,맑음,교차로 - 교차로안,화물,여,37세,중상,화물,여,56세,경상
2012030100100411,2012년 3월 1일 20시,목요일,제주특별자치도 서귀포시 동홍동,중상사고,0,1,0,0,차대차 - 측면직각충돌,안전거리미확보,건조,흐림,단일로 - 기타,원동기,남,47세,중상,승용,남,63세,상해없음
2012030100100465,2012년 3월 1일 23시,목요일,제주특별자치도 제주시 일도이동,경상사고,0,0,2,0,차대차 - 측면직각충돌,교차로운행방법위반,건조,맑음,교차로 - 교차로안,승용,남,50세,상해없음,승용,남,49세,경상
2012030200100058,2012년 3월 2일 05시,금요일,제주특별자치도 제주시 일도이동,경상사고,0,0,6,0,차대차 - 측면직각충돌,안전운전불이행,습기,비,교차로 - 교차로부근,승용,남,31세,경상,승합,남,44세,경상
2012030200100194,2012년 3월 2일 10시,금요일,제주특별자치도 서귀포시 중문동,중상사고,0,1,1,0,차대차 - 추돌 - 주정차중,안전운전불이행,습기,비,단일로 - 기타,승합,남,50세,상해없음,승용,남,29세,경상
2012030200100404,2012년 3월 2일 17시,금요일,제주특별자치도 서귀포시 하원동,경상사고,0,0,1,0,차대차 - 측면직각충돌,직진우회전진행방해,건조,맑음,교차로 - 교차로안,승용,남,28세,상해없음,승용,여,36세,경상
2012030200100494,2012년 3월 2일 19시,금요일,제주특별자치도 제주시 일도이동,중상사고,0,1,0,0,차대사람 - 횡단중,보행자보호의무위반,습기,비,단일로 - 횡단보도상,승용,남,46세,상해없음,보행자,여,69세,중상
2012030200100495,2012년 3월 2일 19시,금요일,제주특별자치도 서귀포시 동홍동,사망사고,1,1,0,0,차량단독 - 전도전복,안전운전불이행,습기,흐림,단일로 - 기타,화물,남,44세,중상,,,,
2012030200100541,2012년 3월 2일 20시,금요일,제주특별자치도 제주시 조천읍,중상사고,0,1,0,0,차대차 - 측면직각충돌,안전운전불이행,습기,비,교차로 - 교차로부근,기타불명,기타불명,기타불명,기타불명,승용,남,48세,상해없음
2012030200100661,2012년 3월 2일 23시,금요일,제주특별자치도 서귀포시 동홍동,중상사고,0,1,0,0,차대차 - 기타,직진우회전진행방해,건조,맑음,교차로 - 교차로안,승용,여,38세,상해없음,승용,여,23세,중상
2012030300100080,2012년 3월 3일 03시,토요일,제주특별자치도 제주시 화북일동,중상사고,0,1,0,0,차대사람 - 횡단중,보행자보호의무위반,기타,맑음,단일로 - 횡단보도상,승용,남,35세,상해없음,보행자,남,24세,중상
2012030300100092,2012년 3월 3일 04시,토요일,제주특별자치도 제주시 외도이동,경상사고,0,0,1,0,차량단독 - 공작물충돌,안전운전불이행,습기,비,단일로 - 기타,승용,남,30세,경상,,,,
2012030300100108,2012년 3월 3일 05시,토요일,제주특별자치도 제주시 외도이동,중상사고,0,1,1,0,차대차 - 측면직각충돌,안전운전불이행,습기,비,단일로 - 기타,승용,남,32세,상해없음,승용,남,69세,중상
2012030300100359,2012년 3월 3일 17시,토요일,제주특별자치도 제주시 조천읍,경상사고,0,0,2,0,차대차 - 측면직각충돌,안전운전불이행,건조,흐림,단일로 - 기타,화물,남,59세,경상,승용,남,34세,경상
2012030300100360,2012년 3월 3일 17시,토요일,제주특별자치도 제주시 애월읍,경상사고,0,0,2,0,차대차 - 추돌 - 진행중,안전운전불이행,습기,흐림,단일로 - 기타,승용,남,55세,상해없음,승용,여,47세,경상
2012030300100388,2012년 3월 3일 18시,토요일,제주특별자치도 제주시 애월읍,중상사고,0,1,0,0,차대사람 - 기타,안전운전불이행,건조,흐림,단일로 - 기타,승용,여,61세,상해없음,보행자,여,14세,중상
2012030300100478,2012년 3월 3일 21시,토요일,제주특별자치도 서귀포시 대정읍,중상사고,0,1,0,0,차대사람 - 횡단중,안전운전불이행,습기,흐림,교차로 - 교차로부근,이륜,기타불명,기타불명,기타불명,보행자,여,75세,중상
2012030400100015,2012년 3월 4일 00시,일요일,제주특별자치도 제주시 노형동,중상사고,0,1,1,0,차대차 - 기타,안전운전불이행,건조,흐림,교차로 - 교차로안,승용,남,24세,경상,승용,남,31세,중상
2012030400100065,2012년 3월 4일 03시,일요일,제주특별자치도 제주시 이도이동,경상사고,0,0,6,0,차대차 - 측면직각충돌,안전운전불이행,건조,맑음,교차로 - 교차로부근,승용,남,28세,경상,승용,남,30세,경상
2012030400100104,2012년 3월 4일 07시,일요일,제주특별자치도 제주시 구좌읍,경상사고,0,0,1,0,차량단독 - 공작물충돌,안전운전불이행,기타,맑음,단일로 - 기타,승용,남,23세,경상,,,,