사고번호,사고일시,요일,시군구,사고내용,사망자수,중상자수,경상자수,부상신고자수,사고유형,법규위반,노면상태,기상상태,도로형태,가해운전자 차종,가해운전자 성별,가해운전자 연령,가해운전자 상해정도,피해운전자 차종,피해운전자 성별,피해운전자 연령,피해운전자 상해정도
2012033100100154,2012년 3월 31일 07시,토요일,제주특별자치도 서귀포시 하원동,경상사고,0,0,1,0,차대차 - 추돌 - 주정차중,안전운전불이행,건조,맑음,교차로 - 교차로부근,승용,남,24세,상해없음,승용,남,51세,상해없음
2012033100100172,2012년 3월 31일 08시,토요일,제주특별자치도 서귀포시 토평동,중상사고,0,1,1,0,차량단독 - 공작물충돌,안전운전불이행,건조,맑음,단일로 - 기타,화물,남,69세,경상,,,,
2012033100100410,2012년 3월 31일 16시,토요일,제주특별자치도 제주시 이도이동,경상사고,0,0,7,0,차대차 - 측면직각충돌,안전거리미확보,건조,맑음,단일로 - 기타,승용,남,36세,상해없음,승용,여,43세,경상
2012033100100448,2012년 3월 31일 17시,토요일,제주특별자치도 서귀포시 동홍동,경상사고,0,0,1,1,차대차 - 측면직각충돌,직진우회전진행방해,건조,맑음,교차로 - 교차로안,화물,남,29세,부상신고,화물,남,68세,경상
2012033100100449,2012년 3월 31일 17시,토요일,제주특별자치도 제주시 한림읍,중상사고,0,1,0,0,차대사람 - 기타,안전운전불이행,건조,맑음,교차로 - 교차로부근,화물,남,33세,상해없음,보행자,여,76세,중상
2012033100100552,2012년 3월 31일 20시,토요일,제주특별자치도 제주시 삼도이동,경상사고,0,0,1,0,차대사람 - 횡단중,안전운전불이행,건조,맑음,교차로 - 교차로안,승용,남,46세,상해없음,보행자,남,48세,경상
2012033100100553,2012년 3월 31일 20시,토요일,제주특별자치도 제주시 용담이동,중상사고,0,1,0,0,차대차 - 측면직각충돌,신호위반,습기,비,교차로 - 교차로안,승용,남,43세,상해없음,승용,남,49세,중상
2012040100100099,2012년 4월 1일 03시,일요일,제주특별자치도 제주시 도남동,경상사고,0,0,1,0,차대사람 - 횡단중,안전운전불이행,건조,맑음,단일로 - 기타,기타불명,기타불명,기타불명,기타불명,보행자,남,22세,경상
2012040100100112,2012년 4월 1일 04시,일요일,제주특별자치도 서귀포시 토평동,경상사고,0,0,1,0,차량단독 - 공작물충돌,안전운전불이행,건조,맑음,단일로 - 기타,승용,여,25세,경상,,,,
2012040100100113,2012년 4월 1일 04시,일요일,제주특별자치도 제주시 연동,부상신고사고,0,0,0,1,차대사람 - 기타,안전운전불이행,건조,맑음,교차로 - 교차로부근,승용,기타불명,기타불명,기타불명,보행자,여,21세,부상신고
2012040100100122,2012년 4월 1일 05시,일요일,제주특별자치도 제주시 오라이동,경상사고,0,0,1,0,차대차 - 측면직각충돌,중앙선침범,기타,맑음,단일로 - 기타,승용,남,32세,상해없음,승용,여,42세,경상
2012040100100179,2012년 4월 1일 09시,일요일,제주특별자치도 제주시 한림읍,부상신고사고,0,0,0,1,차대차 - 측면직각충돌,안전운전불이행,건조,맑음,교차로 - 교차로안,원동기,남,54세,부상신고,승용,여,49세,상해없음
2012040100100267,2012년 4월 1일 13시,일요일,제주특별자치도 제주시 봉개동,중상사고,0,1,0,0,차대사람 - 횡단중,안전운전불이행,건조,맑음,단일로 - 기타,승용,남,31세,상해없음,보행자,남,5세,중상
2012040100100300,2012년 4월 1일 14시,일요일,제주특별자치도 제주시 이도이동,경상사고,0,0,1,0,차량단독 - 공작물충돌,안전운전불이행,건조,맑음,단일로 - 기타,승합,남,56세,상해없음,,,,
2012040100100301,2012년 4월 1일 14시,일요일,제주특별자치도 제주시 애월읍,경상사고,0,0,4,1,차대차 - 추돌 - 주정차중,안전거리미확보,건조,맑음,단일로 - 기타,화물,남,35세,부상신고,승용,남,54세,경상
2012040100100327,2012년 4월 1일 15시,일요일,제주특별자치도 제주시 도련일동,중상사고,0,2,1,0,차대차 - 측면직각충돌,안전운전불이행,건조,맑음,교차로 - 교차로부근,승합,남,53세,상해없음,승용,남,40세,중상
2012040100100329,2012년 4월 1일 15시,일요일,제주특별자치도 제주시 용담이동,경상사고,0,0,5,0,차대차 - 측면직각충돌,중앙선침범,건조,맑음,단일로 - 기타,승용,남,49세,상해없음,승용,여,39세,경상
2012040100100446,2012년 4월 1일 19시,일요일,제주특별자치도 제주시 조천읍,사망사고,1,0,0,0,차대차 - 측면직각충돌,안전운전불이행,건조,맑음,교차로 - 교차로안,승용,여,43세,상해없음,자전거,남,70세,사망
2012040100100447,2012년 4월 1일 19시,일요일,제주특별자치도 제주시 이도이동,경상사고,0,0,1,0,차대차 - 측면직각충돌,안전운전불이행,건조,맑음,단일로 - 기타,원동기,남,21세,경상,승용,남,51세,상해없음
2012040100100448,2012년 4월 1일 19시,일요일,제주특별자치도 제주시 용담이동,경상사고,0,0,1,0,차대차 - 기타,안전거리미확보,건조,맑음,단일로 - 기타,승용,남,42세,상해없음,승용,남,49세,경상
2012040100100488,2012년 4월 1일 20시,일요일,제주특별자치도 제주시 노형동,경상사고,0,0,2,0,차대차 - 정면충돌,신호위반,건조,맑음,교차로 - 교차로안,승용,여,44세,경상,승용,남,50세,경상
2012040200100033,2012년 4월 2일 04시,월요일,제주특별자치도 제주시 일도이동,경상사고,0,0,1,0,차대차 - 측면직각충돌,안전운전불이행,건조,맑음,교차로 - 교차로안,기타불명,기타불명,기타불명,기타불명,승용,여,51세,상해없음
2012040200100076,2012년 4월 2일 07시,월요일,제주특별자치도 제주시 이도이동,경상사고,0,0,1,0,차대사람 - 횡단중,안전운전불이행,건조,맑음,교차로 - 교차로부근,이륜,남,18세,상해없음,보행자,남,41세,경상
2012040200100077,2012년 4월 2일 07시,월요일,제주특별자치도 제주시 노형동,중상사고,0,1,0,0,차대차 - 기타,직진우회전진행방해,건조,맑음,교차로 - 교차로안,승용,여,42세,상해없음,자전거,남,14세,중상
2012040200100142,2012년 4월 2일 09시,월요일,제주특별자치도 제주시 아라일동,중상사고,0,3,0,0,차대차 - 측면직각충돌,안전운전불이행,건조,맑음,교차로 - 교차로부근,승합,남,54세,상해없음,화물,남,33세,중상
2012040200100173,2012년 4월 2일 10시,월요일,제주특별자치도 제주시 삼도이동,중상사고,0,1,0,0,차대사람 - 횡단중,보행자보호의무위반,건조,맑음,교차로 - 교차로부근,화물,남,41세,상해없음,보행자,남,30세,중상
2012040200100216,2012년 4월 2일 12시,월요일,제주특별자치도 서귀포시 안덕면,사망사고,1,0,0,0,차대차 - 측면직각충돌,안전운전불이행,건조,흐림,단일로 - 기타,화물,남,64세,사망,특수,남,21세,상해없음
2012040200100249,2012년 4월 2일 13시,월요일,제주특별자치도 제주시 도남동,경상사고,0,0,1,0,차대차 - 측면직각충돌,중앙선침범,건조,맑음,단일로 - 기타,승용,여,36세,상해없음,이륜,남,46세,경상
2012040200100339,2012년 4월 2일 16시,월요일,제주특별자치도 서귀포시 표선면,중상사고,0,1,0,0,차대차 - 기타,기타,건조,맑음,단일로 - 기타,자전거,여,55세,중상,기타불명,미분류,기타불명,기타불명
2012040200100340,2012년 4월 2일 16시,월요일,제주특별자치도 제주시 노형동,경상사고,0,0,2,0,차대차 - 추돌 - 주정차중,중앙선침범,습기,비,단일로 - 기타,승용,남,63세,경상,화물,남,53세,기타불명
2012040200100422,2012년 4월 2일 18시,월요일,제주특별자치도 제주시 건입동,경상사고,0,0,2,0,차대차 - 측면직각충돌,안전거리미확보,건조,맑음,교차로 - 교차로부근,승용,여,53세,경상,승용,여,46세,경상
2012040200100476,2012년 4월 2일 19시,월요일,제주특별자치도 서귀포시 법환동,경상사고,0,0,2,0,차대차 - 추돌 - 진행중,안전운전불이행,습기,비,단일로 - 기타,승용,남,47세,경상,승합,남,51세,상해없음
2012040200100529,2012년 4월 2일 20시,월요일,제주특별자치도 제주시 삼도이동,경상사고,0,0,1,0,차대사람 - 횡단중,안전운전불이행,기타,맑음,교차로 - 교차로안,승용,남,21세,상해없음,보행자,남,47세,경상
2012040200100578,2012년 4월 2일 21시,월요일,제주특별자치도 서귀포시 서귀동,경상사고,0,0,1,0,차대사람 - 길가장자리구역통행중,안전운전불이행,습기,비,단일로 - 기타,승용,여,31세,상해없음,보행자,남,15세,경상
2012040300100146,2012년 4월 3일 06시,화요일,제주특별자치도 제주시 이도이동,중상사고,0,1,0,0,차량단독 - 공작물충돌,안전운전불이행,건조,맑음,단일로 - 기타,승용,남,20세,중상,,,,
2012040300100172,2012년 4월 3일 07시,화요일,제주특별자치도 제주시 삼도이동,경상사고,0,0,1,0,차대차 - 측면직각충돌,교차로운행방법위반,건조,흐림,교차로 - 교차로안,승용,여,25세,경상,승용,남,42세,상해없음
2012040300100173,2012년 4월 3일 07시,화요일,제주특별자치도 제주시 연동,경상사고,0,0,1,0,차대사람 - 횡단중,신호위반,습기,비,교차로 - 교차로안,승용,여,40세,상해없음,보행자,여,16세,경상
2012040300100225,2012년 4월 3일 08시,화요일,제주특별자치도 제주시 아라일동,중상사고,0,1,0,0,차대차 - 측면직각충돌,중앙선침범,결빙,눈,단일로 - 기타,승용,남,43세,상해없음,승용,남,50세,중상
2012040300100256,2012년 4월 3일 09시,화요일,제주특별자치도 제주시 조천읍,중상사고,0,2,0,0,차대차 - 측면직각충돌,중앙선침범,건조,맑음,단일로 - 기타,승용,남,45세,중상,화물,남,37세,상해없음
2012040300100257,2012년 4월 3일 09시,화요일,제주특별자치도 제주시 용담이동,경상사고,0,0,2,0,차대차 - 측면직각충돌,직진우회전진행방해,건조,맑음,교차로 - 교차로안,승용,여,45세,경상,승용,남,45세,상해없음
2012040300100457,2012년 4월 3일 17시,화요일,제주특별자치도 제주시 오라일동,경상사고,0,0,2,0,차대차 - 측면직각충돌,안전거리미확보,건조,맑음,단일로 - 기타,화물,남,39세,상해없음,승용,남,45세,경상
2012040300100458,2012년 4월 3일 17시,화요일,제주특별자치도 제주시 애월읍,경상사고,0,0,1,0,차량단독 - 전도전복,안전운전불이행,건조,맑음,기타 - 기타,승용,남,49세,상해없음,,,,
2012040300100536,2012년 4월 3일 20시,화요일,제주특별자치도 제주시 노형동,경상사고,0,0,1,0,차대차 - 기타,직진우회전진행방해,건조,맑음,교차로 - 교차로안,승합,남,34세,상해없음,승용,여,40세,경상
2012040300100570,2012년 4월 3일 21시,화요일,제주특별자치도 제주시 아라일동,경상사고,0,0,1,0,차대사람 - 횡단중,안전운전불이행,건조,맑음,교차로 - 교차로안,승용,남,28세,상해없음,보행자,여,15세,경상
2012040300100613,2012년 4월 3일 22시,화요일,제주특별자치도 서귀포시 성산읍,경상사고,0,0,1,0,차대차 - 추돌 - 진행중,안전운전불이행,건조,맑음,교차로 - 교차로부근,승용,남,44세,상해없음,승용,남,44세,경상
2012040300100614,2012년 4월 3일 22시,화요일,제주특별자치도 제주시 용담삼동,중상사고,0,1,0,0,차대사람 - 횡단중,신호위반,건조,맑음,교차로 - 교차로안,승용,남,28세,상해없음,보행자,남,36세,중상
2012040400100092,2012년 4월 4일 07시,수요일,제주특별자치도 제주시 오라일동,중상사고,0,1,2,0,차대차 - 추돌 - 주정차중,안전운전불이행,건조,맑음,단일로 - 기타,승용,남,30세,상해없음,화물,남,45세,상해없음
2012040400100128,2012년 4월 4일 08시,수요일,제주특별자치도 제주시 도련일동,중상사고,0,2,1,0,차대차 - 측면직각충돌,교차로운행방법위반,건조,맑음,교차로 - 교차로안,승용,여,35세,경상,승용,여,35세,중상
2012040400100129,2012년 4월 4일 08시,수요일,제주특별자치도 제주시 일도일동,경상사고,0,0,1,0,차대사람 - 길가장자리구역통행중,안전운전불이행,건조,맑음,단일로 - 기타,승용,남,30세,상해없음,보행자,여,7세,경상
2012040400100159,2012년 4월 4일 09시,수요일,제주특별자치도 제주시 삼양일동,경상사고,0,0,1,0,차대차 - 측면직각충돌,안전운전불이행,건조,맑음,단일로 - 기타,건설기계,남,31세,상해없음,화물,남,52세,경상
2012040400100160,2012년 4월 4일 09시,수요일,제주특별자치도 서귀포시 서귀동,경상사고,0,0,2,0,차대차 - 측면직각충돌,직진우회전진행방해,건조,맑음,교차로 - 교차로안,승용,남,60세,상해없음,승용,남,61세,상해없음
2012040400100231,2012년 4월 4일 13시,수요일,제주특별자치도 제주시 이도이동,경상사고,0,0,1,0,차대차 - 측면직각충돌,교차로운행방법위반,건조,맑음,교차로 - 교차로안,승용,남,49세,상해없음,이륜,여,31세,경상
2012040400100232,2012년 4월 4일 13시,수요일,제주특별자치도 제주시 노형동,중상사고,0,2,0,0,차대사람 - 횡단중,보행자보호의무위반,건조,맑음,단일로 - 기타,승용,남,20세,상해없음,보행자,남,73세,중상
2012040400100326,2012년 4월 4일 16시,수요일,제주특별자치도 제주시 한경면,경상사고,0,0,1,0,차량단독 - 기타,안전운전불이행,건조,맑음,교차로 - 교차로부근,승용,여,38세,경상,,,,
2012040400100363,2012년 4월 4일 17시,수요일,제주특별자치도 제주시 애월읍,경상사고,0,0,1,0,차대사람 - 기타,안전운전불이행,건조,맑음,단일로 - 기타,화물,남,61세,상해없음,보행자,여,21세,경상
2012040400100364,2012년 4월 4일 17시,수요일,제주특별자치도 제주시 노형동,경상사고,0,0,1,0,차대차 - 측면직각충돌,안전운전불이행,건조,맑음,교차로 - 교차로안,승용,여,43세,상해없음,이륜,남,27세,경상
2012040400100392,2012년 4월 4일 18시,수요일,제주특별자치도 제주시 노형동,부상신고사고,0,0,0,1,차대차 - 기타,안전거리미확보,건조,맑음,단일로 - 기타,원동기,남,39세,부상신고,승용,남,46세,상해없음
2012040500100121,2012년 4월 5일 07시,목요일,제주특별자치도 서귀포시 성산읍,부상신고사고,0,0,0,1,차대차 - 기타,안전운전불이행,건조,맑음,단일로 - 기타,원동기,여,57세,부상신고,화물,여,51세,기타불명
2012040500100224,2012년 4월 5일 11시,목요일,제주특별자치도 서귀포시 대정읍,사망사고,1,0,0,0,차대차 - 측면직각충돌,직진우회전진행방해,건조,맑음,교차로 - 교차로안,승용,여,45세,기타불명,이륜,남,24세,사망
2012040500100225,2012년 4월 5일 11시,목요일,제주특별자치도 제주시 한경면,경상사고,0,0,1,0,차대차 - 측면직각충돌,직진우회전진행방해,건조,맑음,교차로 - 교차로안,승용,남,46세,상해없음,승용,남,60세,경상
2012040500100280,2012년 4월 5일 13시,목요일,제주특별자치도 제주시 용담이동,중상사고,0,1,0,0,차대차 - 측면직각충돌,중앙선침범,건조,맑음,단일로 - 기타,승용,남,41세,상해없음,승용,여,57세,중상
2012040500100453,2012년 4월 5일 18시,목요일,제주특별자치도 제주시 노형동,경상사고,0,0,1,1,차대차 - 기타,중앙선침범,건조,맑음,단일로 - 기타,승용,남,34세,부상신고,승용,남,25세,경상
2012040500100488,2012년 4월 5일 19시,목요일,제주특별자치도 제주시 용담이동,중상사고,0,1,0,0,차대차 - 기타,안전운전불이행,건조,맑음,교차로 - 교차로부근,원동기,남,32세,중상,승용,여,54세,상해없음
2012040500100526,2012년 4월 5일 20시,목요일,제주특별자치도 제주시 구좌읍,중상사고,0,1,0,0,차대차 - 측면직각충돌,안전운전불이행,건조,맑음,단일로 - 기타,화물,남,40세,상해없음,원동기,남,77세,중상
2012040500100596,2012년 4월 5일 22시,목요일,제주특별자치도 서귀포시 대정읍,경상사고,0,0,1,0,차대차 - 측면직각충돌,안전운전불이행,건조,맑음,교차로 - 교차로안,승용,여,62세,기타불명,승용,남,43세,경상
2012040500100597,2012년 4월 5일 22시,목요일,제주특별자치도 제주시 용담이동,중상사고,0,1,0,0,차대차 - 기타,중앙선침범,건조,맑음,단일로 - 기타,승용,남,48세,상해없음,자전거,남,22세,중상
2012040600100159,2012년 4월 6일 08시,금요일,제주특별자치도 제주시 일도이동,경상사고,0,0,1,0,차대사람 - 횡단중,안전운전불이행,건조,맑음,단일로 - 기타,승용,남,31세,상해없음,보행자,여,8세,경상
2012040600100160,2012년 4월 6일 08시,금요일,제주특별자치도 서귀포시 서홍동,중상사고,0,1,0,0,차대차 - 추돌 - 진행중,안전운전불이행,건조,맑음,교차로 - 교차로안,화물,남,63세,상해없음,승용,남,48세,중상
2012040600100252,2012년 4월 6일 12시,금요일,제주특별자치도 서귀포시 하원동,중상사고,0,1,0,0,차대차 - 기타,안전운전불이행,건조,맑음,교차로 - 교차로안,승합,남,52세,상해없음,원동기,여,37세,중상
2012040600100253,2012년 4월 6일 12시,금요일,제주특별자치도 제주시 한림읍,경상사고,0,0,2,0,차대차 - 측면직각충돌,직진우회전진행방해,건조,맑음,교차로 - 교차로안,화물,남,53세,상해없음,승용,남,80세,경상
2012040600100313,2012년 4월 6일 14시,금요일,제주특별자치도 제주시 도남동,중상사고,0,1,3,0,차대차 - 측면직각충돌,안전운전불이행,건조,맑음,단일로 - 기타,승용,남,24세,경상,승용,남,41세,경상
2012040600100408,2012년 4월 6일 17시,금요일,제주특별자치도 서귀포시 서홍동,경상사고,0,0,1,0,차대차 - 측면직각충돌,직진우회전진행방해,건조,맑음,교차로 - 교차로안,승용,남,71세,상해없음,원동기,남,70세,경상
2012040600100499,2012년 4월 6일 19시,금요일,제주특별자치도 제주시 일도일동,중상사고,0,1,0,0,차대차 - 측면직각충돌,교차로운행방법위반,건조,맑음,교차로 - 교차로부근,승용,남,28세,상해없음,이륜,남,34세,중상
2012040600100541,2012년 4월 6일 20시,금요일,제주특별자치도 서귀포시 강정동,경상사고,0,0,1,0,차대차 - 기타,중앙선침범,건조,맑음,단일로 - 기타,승용,여,63세,상해없음,자전거,여,45세,경상
2012040600100570,2012년 4월 6일 21시,금요일,제주특별자치도 서귀포시 남원읍,사망사고,1,0,0,0,차대사람 - 횡단중,보행자보호의무위반,건조,맑음,교차로 - 교차로안,승용,남,35세,상해없음,보행자,여,52세,사망
2012040600100645,2012년 4월 6일 23시,금요일,제주특별자치도 제주시 이도이동,경상사고,0,0,1,0,차대차 - 측면직각충돌,교차로운행방법위반,건조,맑음,교차로 - 교차로안,승용,남,47세,상해없음,승합,남,45세,상해없음
2012040700100022,2012년 4월 7일 00시,토요일,제주특별자치도 제주시 도남동,중상사고,0,1,0,0,차대사람 - 횡단중,안전운전불이행,건조,맑음,단일로 - 기타,승용,남,59세,상해없음,보행자,남,27세,중상
2012040700100044,2012년 4월 7일 01시,토요일,제주특별자치도 제주시 도남동,경상사고,0,0,1,1,차대차 - 측면직각충돌,중앙선침범,건조,맑음,단일로 - 기타,승용,여,40세,상해없음,승용,남,26세,경상
2012040700100115,2012년 4월 7일 05시,토요일,제주특별자치도 제주시 이도이동,중상사고,0,1,0,0,차대차 - 측면직각충돌,교차로운행방법위반,건조,맑음,교차로 - 교차로안,승용,남,31세,상해없음,승합,여,46세,중상
2012040700100127,2012년 4월 7일 06시,토요일,제주특별자치도 제주시 화북이동,경상사고,0,0,3,0,차대차 - 측면직각충돌,안전운전불이행,건조,맑음,교차로 - 교차로부근,승용,여,21세,경상,승용,남,59세,경상
2012040700100251,2012년 4월 7일 11시,토요일,제주특별자치도 제주시 삼도이동,경상사고,0,0,1,0,차대차 - 측면직각충돌,교차로운행방법위반,건조,맑음,교차로 - 교차로안,승용,남,59세,상해없음,이륜,남,44세,경상
2012040700100252,2012년 4월 7일 11시,토요일,제주특별자치도 제주시 조천읍,경상사고,0,0,1,0,차대차 - 측면직각충돌,중앙선침범,건조,맑음,단일로 - 기타,이륜,남,79세,경상,승용,남,43세,상해없음
2012040700100349,2012년 4월 7일 14시,토요일,제주특별자치도 제주시 오라일동,경상사고,0,0,1,0,차대사람 - 횡단중,안전운전불이행,건조,맑음,기타 - 기타,승용,여,52세,기타불명,보행자,남,37세,경상
2012040700100350,2012년 4월 7일 14시,토요일,제주특별자치도 제주시 건입동,경상사고,0,0,1,0,차대사람 - 기타,안전운전불이행,건조,맑음,단일로 - 기타,화물,남,45세,상해없음,보행자,남,5세,경상
2012040700100422,2012년 4월 7일 16시,토요일,제주특별자치도 서귀포시 월평동,경상사고,0,0,1,0,차대차 - 기타,직진우회전진행방해,건조,맑음,단일로 - 기타,농기계,남,66세,경상,승합,남,54세,상해없음
2012040700100510,2012년 4월 7일 18시,토요일,제주특별자치도 서귀포시 동홍동,중상사고,0,1,1,0,차대차 - 측면직각충돌,직진우회전진행방해,건조,맑음,교차로 - 교차로안,승용,남,29세,상해없음,승용,남,47세,상해없음
2012040700100573,2012년 4월 7일 20시,토요일,제주특별자치도 제주시 연동,경상사고,0,0,1,0,차대사람 - 횡단중,보행자보호의무위반,건조,맑음,단일로 - 횡단보도상,승용,남,70세,상해없음,보행자,여,19세,경상
2012040800100023,2012년 4월 8일 00시,일요일,제주특별자치도 제주시 연동,중상사고,0,1,0,0,차대차 - 기타,기타,건조,맑음,교차로 - 교차로부근,승용,남,62세,상해없음,원동기,남,42세,중상
2012040800100047,2012년 4월 8일 01시,일요일,제주특별자치도 제주시 노형동,경상사고,0,0,1,0,차대차 - 측면직각충돌,직진우회전진행방해,건조,흐림,교차로 - 교차로안,승용,남,56세,상해없음,승용,여,40세,경상
2012040800100078,2012년 4월 8일 02시,일요일,제주특별자치도 제주시 한림읍,경상사고,0,0,1,0,차대사람 - 차도통행중,보행자보호의무위반,건조,맑음,단일로 - 기타,승용,남,40세,상해없음,보행자,남,40세,경상
2012040800100149,2012년 4월 8일 08시,일요일,제주특별자치도 서귀포시 하원동,경상사고,0,0,1,0,차대사람 - 기타,안전운전불이행,건조,맑음,단일로 - 기타,승용,여,40세,상해없음,보행자,남,19세,경상
2012040800100190,2012년 4월 8일 10시,일요일,제주특별자치도 제주시 한림읍,중상사고,0,1,0,0,차대차 - 기타,안전운전불이행,건조,맑음,교차로 - 교차로안,화물,여,38세,상해없음,원동기,여,50세,중상
2012040800100211,2012년 4월 8일 11시,일요일,제주특별자치도 서귀포시 남원읍,중상사고,0,1,1,0,차대차 - 측면직각충돌,직진우회전진행방해,건조,맑음,교차로 - 교차로안,화물,남,50세,상해없음,승용,남,23세,중상
2012040800100348,2012년 4월 8일 15시,일요일,제주특별자치도 제주시 이도일동,중상사고,0,1,0,0,차대사람 - 횡단중,안전운전불이행,기타,맑음,단일로 - 기타,승용,여,41세,상해없음,보행자,남,78세,중상
2012040800100349,2012년 4월 8일 15시,일요일,제주특별자치도 서귀포시 성산읍,경상사고,0,0,5,0,차대차 - 측면직각충돌,신호위반,건조,맑음,교차로 - 교차로안,화물,남,39세,상해없음,승용,남,36세,경상
2012040900100012,2012년 4월 9일 00시,월요일,제주특별자치도 제주시 도두이동,중상사고,0,1,0,0,차대사람 - 횡단중,보행자보호의무위반,건조,맑음,교차로 - 교차로부근,승용,남,48세,상해없음,보행자,남,57세,중상
2012040900100140,2012년 4월 9일 09시,월요일,제주특별자치도 제주시 오라일동,경상사고,0,0,1,0,차대차 - 측면직각충돌,교차로운행방법위반,건조,맑음,교차로 - 교차로안,화물,남,26세,상해없음,승용,여,42세,경상
2012040900100165,2012년 4월 9일 10시,월요일,제주특별자치도 제주시 삼도일동,경상사고,0,0,1,0,차대사람 - 횡단중,안전운전불이행,건조,맑음,교차로 - 교차로부근,승용,남,60세,상해없음,보행자,남,65세,경상
2012040900100190,2012년 4월 9일 11시,월요일,제주특별자치도 서귀포시 남원읍,중상사고,0,1,0,0,차대차 - 측면직각충돌,안전운전불이행,건조,맑음,교차로 - 교차로부근,화물,여,60세,상해없음,원동기,여,74세,중상
2012040900100222,2012년 4월 9일 12시,월요일,제주특별자치도 제주시 구좌읍,경상사고,0,0,1,0,차대차 - 측면직각충돌,교차로운행방법위반,건조,맑음,교차로 - 교차로안,승용,남,54세,상해없음,원동기,남,58세,경상
2012040900100223,2012년 4월 9일 12시,월요일,제주특별자치도 제주시 노형동,경상사고,0,0,1,0,차대사람 - 기타,안전운전불이행,건조,맑음,교차로 - 교차로안,승용,여,37세,상해없음,보행자,여,65세,경상
2012040900100276,2012년 4월 9일 14시,월요일,제주특별자치도 제주시 용담이동,경상사고,0,0,1,0,차대차 - 측면직각충돌,안전운전불이행,건조,맑음,단일로 - 기타,승용,여,24세,상해없음,승합,남,34세,상해없음
2012040900100345,2012년 4월 9일 16시,월요일,제주특별자치도 제주시 한림읍,경상사고,0,0,1,0,차대차 - 기타,안전운전불이행,건조,맑음,단일로 - 기타,승용,남,46세,상해없음,승용,남,64세,경상
2012040900100346,2012년 4월 9일 16시,월요일,제주특별자치도 제주시 한림읍,경상사고,0,0,1,0,차량단독 - 기타,안전운전불이행,건조,맑음,단일로 - 기타,화물,남,52세,경상,,,,
2012041000100015,2012년 4월 10일 00시,화요일,제주특별자치도 제주시 이도이동,경상사고,0,0,1,0,차대차 - 측면직각충돌,교차로운행방법위반,건조,맑음,교차로 - 교차로안,승용,여,21세,상해없음,승용,남,48세,상해없음
2012041000100046,2012년 4월 10일 02시,화요일,제주특별자치도 제주시 삼도일동,경상사고,0,0,1,0,차대사람 - 횡단중,안전운전불이행,건조,맑음,교차로 - 교차로부근,승합,남,30세,상해없음,보행자,여,41세,경상
2012041000100047,2012년 4월 10일 02시,화요일,제주특별자치도 서귀포시 서홍동,부상신고사고,0,0,0,1,차량단독 - 전도전복,안전운전불이행,건조,맑음,단일로 - 기타,이륜,남,18세,부상신고,,,,
2012041000100080,2012년 4월 10일 06시,화요일,제주특별자치도 서귀포시 서홍동,경상사고,0,0,1,0,차대차 - 측면직각충돌,직진우회전진행방해,습기,비,교차로 - 교차로안,원동기,여,61세,경상,화물,남,55세,상해없음
2012041000100201,2012년 4월 10일 10시,화요일,제주특별자치도 제주시 한경면,중상사고,0,1,0,0,차대차 - 측면직각충돌,안전운전불이행,건조,맑음,단일로 - 기타,화물,여,41세,상해없음,승용,남,29세,중상
2012041000100263,2012년 4월 10일 12시,화요일,제주특별자치도 서귀포시 안덕면,경상사고,0,0,1,0,차대차 - 측면직각충돌,직진우회전진행방해,습기,비,교차로 - 교차로안,이륜,여,66세,경상,승합,남,38세,상해없음
2012041000100264,2012년 4월 10일 12시,화요일,제주특별자치도 서귀포시 안덕면,중상사고,0,1,2,0,차량단독 - 기타,안전운전불이행,습기,비,교차로 - 교차로안,승용,남,19세,경상,,,,
2012041000100317,2012년 4월 10일 14시,화요일,제주특별자치도 제주시 도남동,경상사고,0,0,1,0,차대차 - 측면직각충돌,중앙선침범,건조,흐림,교차로 - 교차로부근,승용,여,63세,상해없음,승용,남,61세,상해없음
2012041000100318,2012년 4월 10일 14시,화요일,제주특별자치도 제주시 한림읍,중상사고,0,1,0,0,차대사람 - 차도통행중,안전운전불이행,습기,비,교차로 - 교차로안,화물,여,35세,상해없음,보행자,여,59세,중상
2012041000100348,2012년 4월 10일 15시,화요일,제주특별자치도 제주시 외도일동,경상사고,0,0,2,0,차대차 - 측면직각충돌,안전운전불이행,건조,맑음,단일로 - 기타,승용,남,24세,상해없음,승용,남,44세,경상
2012041000100376,2012년 4월 10일 16시,화요일,제주특별자치도 제주시 도두이동,경상사고,0,0,1,0,차량단독 - 기타,안전운전불이행,건조,맑음,단일로 - 기타,승합,남,46세,상해없음,,,,
2012041000100412,2012년 4월 10일 17시,화요일,제주특별자치도 제주시 일도이동,경상사고,0,0,1,0,차대차 - 측면직각충돌,안전거리미확보,건조,맑음,교차로 - 교차로부근,승용,여,42세,상해없음,승용,남,39세,경상
2012041000100746,2012년 4월 10일 23시,화요일,제주특별자치도 서귀포시 호근동,경상사고,0,0,1,0,차대차 - 측면직각충돌,기타,습기,비,교차로 - 교차로안,승용,남,27세,상해없음,승용,남,26세,경상
2012041000100747,2012년 4월 10일 23시,화요일,제주특별자치도 제주시 연동,경상사고,0,0,3,0,차대차 - 측면직각충돌,신호위반,건조,맑음,교차로 - 교차로안,승용,남,32세,경상,승용,남,54세,경상