사고번호,사고일시,요일,시군구,사고내용,사망자수,중상자수,경상자수,부상신고자수,사고유형,법규위반,노면상태,기상상태,도로형태,가해운전자 차종,가해운전자 성별,가해운전자 연령,가해운전자 상해정도,피해운전자 차종,피해운전자 성별,피해운전자 연령,피해운전자 상해정도
2012041100100040,2012년 4월 11일 00시,수요일,제주특별자치도 제주시 아라일동,사망사고,2,4,0,0,차량단독 - 전도전복,안전운전불이행,기타,비,단일로 - 기타,승용,남,18세,중상,,,,
2012041100100041,2012년 4월 11일 00시,수요일,제주특별자치도 제주시 삼도이동,중상사고,0,1,0,0,차대사람 - 횡단중,안전운전불이행,건조,맑음,단일로 - 기타,승용,남,55세,상해없음,보행자,여,46세,중상
2012041100100223,2012년 4월 11일 08시,수요일,제주특별자치도 제주시 용담이동,경상사고,0,0,1,0,차대사람 - 횡단중,보행자보호의무위반,건조,흐림,단일로 - 횡단보도상,승용,여,40세,상해없음,보행자,남,67세,경상
2012041100100248,2012년 4월 11일 09시,수요일,제주특별자치도 제주시 연동,중상사고,0,1,0,0,차량단독 - 기타,기타,건조,맑음,단일로 - 기타,승합,남,46세,상해없음,,,,
2012041100100332,2012년 4월 11일 12시,수요일,제주특별자치도 제주시 삼양이동,중상사고,0,1,0,0,차량단독 - 공작물충돌,안전운전불이행,건조,흐림,교차로 - 교차로부근,승용,여,52세,상해없음,,,,
2012041100100437,2012년 4월 11일 15시,수요일,제주특별자치도 서귀포시 대정읍,경상사고,0,0,1,0,차대사람 - 차도통행중,안전운전불이행,건조,맑음,단일로 - 기타,승합,남,19세,상해없음,보행자,남,5세,경상
2012041100100438,2012년 4월 11일 15시,수요일,제주특별자치도 제주시 한림읍,경상사고,0,0,1,0,차대차 - 측면직각충돌,안전운전불이행,건조,맑음,단일로 - 기타,농기계,남,69세,경상,승용,남,36세,상해없음
2012041100100459,2012년 4월 11일 16시,수요일,제주특별자치도 제주시 노형동,경상사고,0,0,1,0,차대사람 - 횡단중,안전운전불이행,건조,맑음,교차로 - 교차로부근,승용,여,51세,상해없음,보행자,여,17세,경상
2012041100100494,2012년 4월 11일 17시,수요일,제주특별자치도 서귀포시 안덕면,경상사고,0,0,1,0,차대차 - 기타,신호위반,건조,맑음,교차로 - 교차로안,승용,남,53세,상해없음,승용,여,49세,경상
2012041100100560,2012년 4월 11일 19시,수요일,제주특별자치도 제주시 이도일동,경상사고,0,0,1,0,차대차 - 측면직각충돌,교차로운행방법위반,건조,맑음,교차로 - 교차로안,승합,남,55세,상해없음,승용,여,50세,경상
2012041200100054,2012년 4월 12일 05시,목요일,제주특별자치도 서귀포시 표선면,중상사고,0,2,2,0,차대차 - 정면충돌,직진우회전진행방해,건조,맑음,교차로 - 교차로안,승용,남,27세,중상,승용,남,34세,경상
2012041200100091,2012년 4월 12일 07시,목요일,제주특별자치도 제주시 조천읍,중상사고,0,1,0,0,차대사람 - 횡단중,신호위반,건조,맑음,단일로 - 기타,승용,여,40세,상해없음,보행자,여,12세,중상
2012041200100161,2012년 4월 12일 09시,목요일,제주특별자치도 제주시 삼도이동,경상사고,0,0,2,0,차대차 - 측면직각충돌,교차로운행방법위반,건조,맑음,교차로 - 교차로안,이륜,남,75세,경상,승용,여,37세,경상
2012041200100233,2012년 4월 12일 11시,목요일,제주특별자치도 제주시 화북이동,경상사고,0,0,1,0,차대차 - 측면직각충돌,안전거리미확보,건조,맑음,단일로 - 기타,화물,남,43세,상해없음,원동기,남,19세,경상
2012041200100234,2012년 4월 12일 11시,목요일,제주특별자치도 서귀포시 도순동,경상사고,0,0,1,0,차대차 - 추돌 - 진행중,안전운전불이행,건조,맑음,단일로 - 기타,승용,여,37세,상해없음,승용,여,31세,경상
2012041200100264,2012년 4월 12일 12시,목요일,제주특별자치도 서귀포시 하효동,경상사고,0,0,1,0,차대차 - 측면직각충돌,직진우회전진행방해,건조,맑음,교차로 - 교차로안,승용,남,33세,상해없음,승용,여,39세,경상
2012041200100308,2012년 4월 12일 13시,목요일,제주특별자치도 제주시 아라일동,경상사고,0,0,1,0,차량단독 - 공작물충돌,안전운전불이행,건조,맑음,단일로 - 기타,승합,남,54세,상해없음,,,,
2012041200100330,2012년 4월 12일 14시,목요일,제주특별자치도 제주시 애월읍,경상사고,0,0,4,0,차대차 - 측면직각충돌,안전운전불이행,건조,맑음,교차로 - 교차로부근,화물,남,51세,상해없음,승용,남,44세,경상
2012041200100331,2012년 4월 12일 14시,목요일,제주특별자치도 제주시 연동,중상사고,0,1,2,0,차대차 - 측면직각충돌,안전운전불이행,건조,맑음,단일로 - 기타,승용,남,44세,상해없음,승용,남,37세,중상
2012041200100423,2012년 4월 12일 17시,목요일,제주특별자치도 제주시 노형동,경상사고,0,0,1,0,차대사람 - 길가장자리구역통행중,안전운전불이행,건조,맑음,단일로 - 기타,화물,남,50세,상해없음,보행자,여,34세,경상
2012041200100462,2012년 4월 12일 18시,목요일,제주특별자치도 제주시 이도이동,경상사고,0,0,1,0,차대차 - 측면직각충돌,교차로운행방법위반,건조,맑음,교차로 - 교차로안,화물,남,38세,상해없음,이륜,남,26세,경상
2012041200100625,2012년 4월 12일 23시,목요일,제주특별자치도 제주시 노형동,경상사고,0,0,2,0,차대차 - 측면직각충돌,안전운전불이행,건조,맑음,교차로 - 교차로안,화물,남,29세,상해없음,이륜,남,20세,경상
2012041300100147,2012년 4월 13일 08시,금요일,제주특별자치도 서귀포시 호근동,중상사고,0,1,0,0,차대차 - 추돌 - 진행중,안전운전불이행,습기,비,단일로 - 기타,화물,남,44세,상해없음,농기계,남,64세,중상
2012041300100214,2012년 4월 13일 11시,금요일,제주특별자치도 서귀포시 서홍동,중상사고,0,1,0,0,차대사람 - 횡단중,안전운전불이행,건조,맑음,단일로 - 횡단보도상,승합,남,44세,상해없음,보행자,남,64세,중상
2012041300100240,2012년 4월 13일 12시,금요일,제주특별자치도 제주시 삼도이동,중상사고,0,1,0,0,차대사람 - 횡단중,보행자보호의무위반,습기,비,교차로 - 교차로부근,승용,여,28세,상해없음,보행자,여,39세,중상
2012041300100273,2012년 4월 13일 13시,금요일,제주특별자치도 서귀포시 동홍동,경상사고,0,0,1,0,차대사람 - 기타,안전운전불이행,건조,흐림,단일로 - 기타,화물,남,31세,상해없음,보행자,여,86세,경상
2012041300100300,2012년 4월 13일 14시,금요일,제주특별자치도 제주시 노형동,경상사고,0,0,1,0,차대차 - 측면직각충돌,불법유턴,건조,맑음,단일로 - 기타,승용,여,57세,경상,승합,남,41세,상해없음
2012041300100359,2012년 4월 13일 16시,금요일,제주특별자치도 제주시 한림읍,중상사고,0,1,0,0,차대차 - 측면직각충돌,안전거리미확보,건조,맑음,단일로 - 기타,승용,남,28세,상해없음,농기계,남,66세,중상
2012041300100384,2012년 4월 13일 17시,금요일,제주특별자치도 제주시 노형동,경상사고,0,0,1,0,차대사람 - 기타,안전운전불이행,건조,맑음,단일로 - 기타,화물,남,20세,상해없음,보행자,남,6세,경상
2012041300100385,2012년 4월 13일 17시,금요일,제주특별자치도 제주시 연동,중상사고,0,1,0,0,차대사람 - 기타,안전운전불이행,건조,맑음,단일로 - 기타,화물,남,37세,상해없음,보행자,남,9세,중상
2012041300100457,2012년 4월 13일 19시,금요일,제주특별자치도 서귀포시 동홍동,중상사고,0,1,0,0,차대차 - 측면직각충돌,직진우회전진행방해,건조,맑음,교차로 - 교차로안,원동기,여,64세,중상,승용,여,53세,상해없음
2012041300100498,2012년 4월 13일 20시,금요일,제주특별자치도 제주시 오라일동,중상사고,0,1,0,0,차대사람 - 횡단중,안전운전불이행,습기,비,교차로 - 교차로부근,승용,여,36세,상해없음,보행자,여,51세,중상
2012041300100499,2012년 4월 13일 20시,금요일,제주특별자치도 서귀포시 남원읍,경상사고,0,0,1,0,차대차 - 측면직각충돌,직진우회전진행방해,건조,기타,교차로 - 교차로안,화물,남,76세,상해없음,승용,여,51세,경상
2012041300100500,2012년 4월 13일 20시,금요일,제주특별자치도 제주시 노형동,부상신고사고,0,0,0,1,차대사람 - 횡단중,보행자보호의무위반,건조,흐림,단일로 - 횡단보도상,화물,남,18세,상해없음,보행자,남,53세,부상신고
2012041300100501,2012년 4월 13일 20시,금요일,제주특별자치도 제주시 연동,경상사고,0,0,2,0,차대차 - 기타,안전운전불이행,건조,맑음,교차로 - 교차로부근,승용,남,50세,상해없음,승용,여,47세,경상
2012041400100018,2012년 4월 14일 00시,토요일,제주특별자치도 제주시 노형동,부상신고사고,0,0,0,1,차대차 - 기타,교차로운행방법위반,건조,맑음,교차로 - 교차로부근,승용,남,22세,상해없음,승용,남,47세,부상신고
2012041400100031,2012년 4월 14일 01시,토요일,제주특별자치도 제주시 연동,경상사고,0,0,1,0,차대차 - 기타,중앙선침범,건조,흐림,단일로 - 기타,승용,남,35세,상해없음,승용,남,41세,경상
2012041400100208,2012년 4월 14일 10시,토요일,제주특별자치도 제주시 조천읍,중상사고,0,1,0,0,차대사람 - 횡단중,보행자보호의무위반,건조,맑음,교차로 - 교차로부근,승용,여,39세,상해없음,보행자,남,11세,중상
2012041400100209,2012년 4월 14일 10시,토요일,제주특별자치도 제주시 도남동,경상사고,0,0,1,0,차대차 - 측면직각충돌,안전운전불이행,건조,맑음,교차로 - 교차로안,자전거,남,13세,경상,승용,여,37세,상해없음
2012041400100210,2012년 4월 14일 10시,토요일,제주특별자치도 제주시 일도이동,경상사고,0,0,1,0,차대사람 - 횡단중,안전운전불이행,건조,맑음,교차로 - 교차로부근,이륜,남,31세,상해없음,보행자,여,13세,경상
2012041400100243,2012년 4월 14일 11시,토요일,제주특별자치도 제주시 한경면,중상사고,0,1,0,0,차대차 - 측면직각충돌,직진우회전진행방해,건조,맑음,교차로 - 교차로안,원동기,남,75세,중상,화물,남,30세,상해없음
2012041400100283,2012년 4월 14일 12시,토요일,제주특별자치도 제주시 삼도이동,경상사고,0,0,1,0,차대사람 - 횡단중,안전운전불이행,건조,맑음,단일로 - 기타,승용,남,46세,상해없음,보행자,남,49세,경상
2012041400100284,2012년 4월 14일 12시,토요일,제주특별자치도 서귀포시 성산읍,중상사고,0,2,1,0,차대차 - 추돌 - 진행중,직진우회전진행방해,건조,맑음,교차로 - 교차로부근,화물,남,49세,중상,화물,남,48세,중상
2012041400100285,2012년 4월 14일 12시,토요일,제주특별자치도 서귀포시 호근동,경상사고,0,0,1,0,차량단독 - 공작물충돌,안전운전불이행,건조,맑음,단일로 - 기타,화물,남,68세,경상,,,,
2012041400100342,2012년 4월 14일 13시,토요일,제주특별자치도 제주시 조천읍,중상사고,0,1,0,0,차대차 - 측면직각충돌,안전운전불이행,건조,맑음,교차로 - 교차로부근,화물,남,36세,상해없음,승용,남,28세,상해없음
2012041400100385,2012년 4월 14일 14시,토요일,제주특별자치도 제주시 용담이동,경상사고,0,0,1,0,차대사람 - 기타,보행자보호의무위반,건조,맑음,교차로 - 교차로안,화물,남,39세,상해없음,보행자,여,37세,경상
2012041400100466,2012년 4월 14일 16시,토요일,제주특별자치도 서귀포시 안덕면,중상사고,0,1,1,0,차량단독 - 기타,안전운전불이행,건조,맑음,단일로 - 기타,원동기,남,76세,경상,,,,
2012041400100467,2012년 4월 14일 16시,토요일,제주특별자치도 제주시 한림읍,부상신고사고,0,0,0,1,차대차 - 측면직각충돌,안전운전불이행,건조,맑음,교차로 - 교차로안,승용,남,73세,부상신고,승용,남,57세,상해없음
2012041400100468,2012년 4월 14일 16시,토요일,제주특별자치도 제주시 외도일동,중상사고,0,1,0,0,차대사람 - 횡단중,안전운전불이행,건조,맑음,교차로 - 교차로안,승용,기타불명,기타불명,기타불명,보행자,남,21세,중상
2012041400100500,2012년 4월 14일 17시,토요일,제주특별자치도 서귀포시 동홍동,중상사고,0,1,1,0,차대차 - 측면직각충돌,직진우회전진행방해,건조,맑음,교차로 - 교차로안,승용,남,48세,상해없음,승용,남,41세,경상
2012041400100540,2012년 4월 14일 18시,토요일,제주특별자치도 서귀포시 남원읍,사망사고,1,0,1,0,차대사람 - 횡단중,안전운전불이행,건조,맑음,단일로 - 기타,이륜,남,16세,경상,보행자,남,54세,사망
2012041400100668,2012년 4월 14일 21시,토요일,제주특별자치도 제주시 조천읍,중상사고,0,2,3,0,차대차 - 측면직각충돌,교차로운행방법위반,건조,맑음,교차로 - 교차로안,승합,남,49세,상해없음,화물,남,33세,중상
2012041400100685,2012년 4월 14일 22시,토요일,제주특별자치도 제주시 노형동,경상사고,0,0,1,0,차대사람 - 횡단중,신호위반,건조,맑음,단일로 - 횡단보도상,화물,여,64세,기타불명,보행자,여,39세,경상
2012041400100686,2012년 4월 14일 22시,토요일,제주특별자치도 제주시 외도일동,경상사고,0,0,1,0,차대차 - 측면직각충돌,안전운전불이행,건조,맑음,교차로 - 교차로안,승용,여,26세,경상,승용,남,23세,상해없음
2012041500100022,2012년 4월 15일 00시,일요일,제주특별자치도 제주시 연동,경상사고,0,0,1,0,차대차 - 측면직각충돌,중앙선침범,건조,맑음,단일로 - 기타,화물,남,51세,상해없음,승용,남,43세,경상
2012041500100023,2012년 4월 15일 00시,일요일,제주특별자치도 제주시 노형동,중상사고,0,1,0,0,차대차 - 측면직각충돌,직진우회전진행방해,건조,맑음,교차로 - 교차로안,승용,여,55세,중상,승용,남,41세,상해없음
2012041500100051,2012년 4월 15일 01시,일요일,제주특별자치도 서귀포시 대정읍,부상신고사고,0,0,0,1,차량단독 - 공작물충돌,안전운전불이행,건조,맑음,단일로 - 기타,원동기,남,22세,부상신고,,,,
2012041500100154,2012년 4월 15일 08시,일요일,제주특별자치도 제주시 애월읍,중상사고,0,2,0,0,차대차 - 기타,안전운전불이행,건조,맑음,단일로 - 기타,승용,남,75세,상해없음,승합,남,51세,상해없음
2012041500100245,2012년 4월 15일 12시,일요일,제주특별자치도 제주시 오라일동,중상사고,0,1,0,0,차대차 - 측면직각충돌,안전거리미확보,건조,맑음,단일로 - 기타,승용,남,52세,상해없음,승용,여,54세,중상
2012041500100420,2012년 4월 15일 18시,일요일,제주특별자치도 제주시 연동,부상신고사고,0,0,0,1,차량단독 - 공작물충돌,기타,건조,맑음,교차로 - 교차로안,승합,남,46세,상해없음,,,,
2012041500100502,2012년 4월 15일 21시,일요일,제주특별자치도 제주시 아라일동,중상사고,0,1,4,0,차대차 - 추돌 - 진행중,안전거리미확보,건조,맑음,단일로 - 기타,화물,남,43세,경상,승용,남,61세,경상
2012041600100144,2012년 4월 16일 09시,월요일,제주특별자치도 제주시 일도이동,경상사고,0,0,1,0,차대사람 - 횡단중,안전운전불이행,기타,맑음,단일로 - 기타,승용,여,50세,상해없음,보행자,여,75세,경상
2012041600100145,2012년 4월 16일 09시,월요일,제주특별자치도 서귀포시 서귀동,경상사고,0,0,1,0,차대사람 - 기타,안전운전불이행,건조,맑음,단일로 - 기타,승용,남,42세,상해없음,보행자,남,41세,경상
2012041600100292,2012년 4월 16일 14시,월요일,제주특별자치도 제주시 이도이동,경상사고,0,0,1,0,차대차 - 측면직각충돌,안전운전불이행,건조,맑음,교차로 - 교차로부근,승용,여,27세,상해없음,승용,남,34세,경상
2012041600100293,2012년 4월 16일 14시,월요일,제주특별자치도 서귀포시 동홍동,경상사고,0,0,1,0,차대차 - 측면직각충돌,직진우회전진행방해,건조,맑음,교차로 - 교차로안,원동기,남,67세,경상,승용,여,40세,상해없음
2012041600100294,2012년 4월 16일 14시,월요일,제주특별자치도 제주시 용담이동,중상사고,0,1,0,0,차대차 - 측면직각충돌,안전운전불이행,건조,맑음,교차로 - 교차로부근,승용,남,31세,상해없음,자전거,남,49세,중상
2012041600100335,2012년 4월 16일 15시,월요일,제주특별자치도 제주시 도남동,경상사고,0,0,1,0,차대사람 - 횡단중,안전운전불이행,건조,맑음,단일로 - 기타,기타불명,기타불명,기타불명,기타불명,보행자,남,10세,경상
2012041600100371,2012년 4월 16일 16시,월요일,제주특별자치도 서귀포시 서귀동,중상사고,0,1,0,0,차대사람 - 횡단중,신호위반,건조,맑음,단일로 - 횡단보도상,승용,남,65세,상해없음,보행자,남,20세,중상
2012041600100435,2012년 4월 16일 18시,월요일,제주특별자치도 제주시 건입동,중상사고,0,1,0,0,차대사람 - 횡단중,안전운전불이행,건조,맑음,교차로 - 교차로부근,승용,여,29세,상해없음,보행자,남,53세,중상
2012041600100472,2012년 4월 16일 19시,월요일,제주특별자치도 서귀포시 서홍동,중상사고,0,3,5,0,차대차 - 기타,중앙선침범,건조,맑음,단일로 - 기타,승합,남,64세,상해없음,화물,남,55세,중상
2012041600100537,2012년 4월 16일 21시,월요일,제주특별자치도 제주시 도남동,중상사고,0,1,0,0,차대사람 - 횡단중,안전운전불이행,건조,맑음,단일로 - 기타,승용,남,72세,상해없음,보행자,남,36세,중상
2012041700100046,2012년 4월 17일 02시,화요일,제주특별자치도 제주시 이도이동,중상사고,0,1,0,0,차대차 - 측면직각충돌,신호위반,건조,맑음,교차로 - 교차로안,승용,남,33세,상해없음,승용,남,54세,중상
2012041700100080,2012년 4월 17일 06시,화요일,제주특별자치도 서귀포시 남원읍,중상사고,0,1,0,0,차대차 - 측면직각충돌,안전운전불이행,건조,맑음,교차로 - 교차로안,화물,남,72세,상해없음,화물,남,52세,상해없음
2012041800100135,2012년 4월 18일 08시,수요일,제주특별자치도 제주시 이도이동,경상사고,0,0,3,0,차대차 - 측면직각충돌,안전거리미확보,건조,맑음,교차로 - 교차로부근,화물,남,58세,상해없음,승용,남,32세,경상
2012041800100313,2012년 4월 18일 14시,수요일,제주특별자치도 제주시 일도이동,경상사고,0,0,1,0,차대사람 - 횡단중,보행자보호의무위반,건조,맑음,교차로 - 교차로부근,화물,남,31세,상해없음,보행자,여,6세,경상
2012041800100372,2012년 4월 18일 16시,수요일,제주특별자치도 제주시 화북이동,경상사고,0,0,1,0,차량단독 - 공작물충돌,안전운전불이행,건조,맑음,단일로 - 기타,승합,남,40세,경상,,,,
2012041800100373,2012년 4월 18일 16시,수요일,제주특별자치도 서귀포시 대정읍,중상사고,0,1,0,0,차대차 - 기타,중앙선침범,건조,맑음,단일로 - 기타,승용,여,37세,상해없음,자전거,남,76세,중상
2012041800100470,2012년 4월 18일 19시,수요일,제주특별자치도 제주시 용담일동,중상사고,0,1,0,0,차대차 - 측면직각충돌,차로위반,건조,맑음,교차로 - 교차로안,승용,남,44세,상해없음,승용,남,32세,중상
2012041800100505,2012년 4월 18일 20시,수요일,제주특별자치도 서귀포시 대정읍,경상사고,0,0,1,0,차대사람 - 횡단중,안전운전불이행,건조,맑음,단일로 - 기타,승용,여,48세,상해없음,보행자,남,35세,경상
2012041800100616,2012년 4월 18일 23시,수요일,제주특별자치도 서귀포시 서호동,중상사고,0,1,0,0,차량단독 - 기타,안전운전불이행,건조,맑음,교차로 - 교차로부근,이륜,남,17세,중상,,,,
2012041900100199,2012년 4월 19일 10시,목요일,제주특별자치도 제주시 한경면,중상사고,0,4,7,0,차대차 - 측면직각충돌,직진우회전진행방해,습기,비,교차로 - 교차로안,화물,남,39세,경상,승합,남,51세,상해없음
2012041900100252,2012년 4월 19일 12시,목요일,제주특별자치도 제주시 이도이동,중상사고,0,1,0,0,차대차 - 측면직각충돌,안전거리미확보,건조,맑음,단일로 - 기타,화물,남,48세,상해없음,화물,남,41세,중상
2012041900100390,2012년 4월 19일 17시,목요일,제주특별자치도 서귀포시 동홍동,중상사고,0,1,0,0,차대사람 - 횡단중,안전운전불이행,습기,비,단일로 - 기타,화물,남,35세,상해없음,보행자,남,7세,중상
2012041900100536,2012년 4월 19일 21시,목요일,제주특별자치도 서귀포시 성산읍,경상사고,0,0,1,0,차대차 - 기타,교차로운행방법위반,건조,기타,교차로 - 교차로안,승용,남,42세,상해없음,승합,남,22세,경상
2012042000100058,2012년 4월 20일 02시,금요일,제주특별자치도 서귀포시 동홍동,중상사고,0,1,0,0,차대사람 - 횡단중,안전운전불이행,습기,비,단일로 - 기타,승용,남,36세,기타불명,보행자,여,54세,중상
2012042000100142,2012년 4월 20일 07시,금요일,제주특별자치도 제주시 화북일동,경상사고,0,0,1,0,차대사람 - 횡단중,안전운전불이행,습기,비,교차로 - 교차로부근,승용,남,53세,상해없음,보행자,남,15세,경상
2012042000100185,2012년 4월 20일 08시,금요일,제주특별자치도 제주시 오라일동,경상사고,0,0,1,0,차대사람 - 횡단중,안전운전불이행,건조,맑음,단일로 - 기타,화물,남,43세,상해없음,보행자,남,3세,경상
2012042000100186,2012년 4월 20일 08시,금요일,제주특별자치도 제주시 연동,중상사고,0,1,0,0,차대차 - 측면직각충돌,신호위반,건조,맑음,교차로 - 교차로안,승용,남,26세,상해없음,자전거,남,24세,중상
2012042000100225,2012년 4월 20일 09시,금요일,제주특별자치도 서귀포시 서홍동,중상사고,0,1,0,0,차대차 - 측면직각충돌,직진우회전진행방해,습기,비,교차로 - 교차로안,승용,여,25세,상해없음,승용,남,46세,상해없음
2012042000100226,2012년 4월 20일 09시,금요일,제주특별자치도 제주시 애월읍,중상사고,0,1,12,0,차대차 - 추돌 - 진행중,안전거리미확보,건조,맑음,단일로 - 기타,승합,남,54세,상해없음,승합,남,58세,상해없음
2012042000100333,2012년 4월 20일 13시,금요일,제주특별자치도 제주시 한림읍,중상사고,0,1,1,0,차대차 - 측면직각충돌,안전운전불이행,습기,비,교차로 - 교차로안,화물,여,60세,경상,승용,남,73세,중상
2012042000100420,2012년 4월 20일 16시,금요일,제주특별자치도 제주시 이도이동,부상신고사고,0,0,0,1,차대사람 - 횡단중,신호위반,습기,비,교차로 - 교차로안,기타불명,기타불명,기타불명,기타불명,보행자,남,12세,부상신고
2012042000100421,2012년 4월 20일 16시,금요일,제주특별자치도 제주시 오라일동,경상사고,0,0,1,0,차대차 - 측면직각충돌,안전거리미확보,건조,맑음,교차로 - 교차로부근,승용,남,67세,상해없음,승용,남,56세,경상
2012042000100422,2012년 4월 20일 16시,금요일,제주특별자치도 제주시 연동,중상사고,0,1,1,0,차대차 - 기타,안전운전불이행,건조,맑음,단일로 - 기타,승용,남,69세,경상,승용,남,30세,상해없음
2012042000100580,2012년 4월 20일 20시,금요일,제주특별자치도 제주시 아라일동,경상사고,0,0,1,0,차대차 - 측면직각충돌,안전운전불이행,습기,비,기타 - 기타,승합,남,51세,상해없음,승용,남,27세,경상
2012042000100621,2012년 4월 20일 21시,금요일,제주특별자치도 제주시 용담삼동,경상사고,0,0,1,0,차대사람 - 횡단중,기타,건조,맑음,기타 - 기타,승용,남,22세,상해없음,보행자,여,50세,경상
2012042000100712,2012년 4월 20일 23시,금요일,제주특별자치도 서귀포시 호근동,경상사고,0,0,3,0,차대차 - 정면충돌,직진우회전진행방해,습기,비,교차로 - 교차로안,승용,남,28세,경상,승용,남,34세,경상
2012042100100017,2012년 4월 21일 00시,토요일,제주특별자치도 제주시 연동,경상사고,0,0,1,0,차량단독 - 전도전복,안전운전불이행,습기,비,단일로 - 기타,승용,남,43세,경상,,,,
2012042100100107,2012년 4월 21일 03시,토요일,제주특별자치도 제주시 이도일동,경상사고,0,0,2,1,차대차 - 측면직각충돌,안전거리미확보,습기,비,단일로 - 기타,승용,남,60세,부상신고,승용,남,28세,경상
2012042100100162,2012년 4월 21일 06시,토요일,제주특별자치도 제주시 삼도일동,경상사고,0,0,1,0,차대차 - 측면직각충돌,중앙선침범,습기,비,교차로 - 교차로부근,승용,남,30세,상해없음,승용,여,36세,경상
2012042100100367,2012년 4월 21일 13시,토요일,제주특별자치도 제주시 이도이동,경상사고,0,0,1,0,차대차 - 측면직각충돌,안전거리미확보,습기,비,교차로 - 교차로부근,화물,여,29세,상해없음,승합,남,44세,상해없음
2012042100100368,2012년 4월 21일 13시,토요일,제주특별자치도 제주시 애월읍,경상사고,0,0,1,0,차대차 - 정면충돌,중앙선침범,습기,비,단일로 - 기타,화물,남,30세,경상,화물,남,42세,상해없음
2012042100100488,2012년 4월 21일 16시,토요일,제주특별자치도 제주시 봉개동,경상사고,0,0,1,0,차대차 - 측면직각충돌,안전거리미확보,습기,비,단일로 - 기타,승용,남,38세,상해없음,화물,남,61세,경상
2012042100100489,2012년 4월 21일 16시,토요일,제주특별자치도 제주시 애월읍,경상사고,0,0,1,0,차대차 - 추돌 - 주정차중,안전운전불이행,습기,비,단일로 - 기타,화물,남,42세,상해없음,승용,남,39세,경상
2012042100100579,2012년 4월 21일 18시,토요일,제주특별자치도 제주시 일도이동,경상사고,0,0,1,0,차대차 - 측면직각충돌,안전거리미확보,습기,비,단일로 - 기타,기타불명,기타불명,기타불명,기타불명,승용,여,28세,경상
2012042100100702,2012년 4월 21일 20시,토요일,제주특별자치도 제주시 오라일동,중상사고,0,1,0,0,차대차 - 측면직각충돌,교차로운행방법위반,습기,비,교차로 - 교차로안,승용,남,37세,상해없음,승용,남,25세,중상
2012042100100703,2012년 4월 21일 20시,토요일,제주특별자치도 제주시 애월읍,중상사고,0,1,0,0,차대차 - 측면직각충돌,중앙선침범,건조,맑음,단일로 - 기타,승용,남,26세,상해없음,원동기,남,50세,중상
2012042200100042,2012년 4월 22일 00시,일요일,제주특별자치도 제주시 화북일동,경상사고,0,0,1,0,차대차 - 측면직각충돌,교차로운행방법위반,기타,맑음,교차로 - 교차로안,승용,남,65세,상해없음,승용,남,46세,상해없음
2012042200100147,2012년 4월 22일 03시,일요일,제주특별자치도 제주시 일도이동,중상사고,0,1,2,0,차대차 - 측면직각충돌,안전운전불이행,습기,비,교차로 - 교차로부근,승용,남,26세,상해없음,승용,남,53세,상해없음
2012042200100184,2012년 4월 22일 04시,일요일,제주특별자치도 제주시 아라일동,중상사고,0,1,1,0,차대차 - 측면직각충돌,교차로운행방법위반,건조,흐림,교차로 - 교차로안,승용,남,36세,상해없음,승용,남,33세,경상
2012042200100237,2012년 4월 22일 08시,일요일,제주특별자치도 서귀포시 성산읍,중상사고,0,1,0,0,차대차 - 기타,안전운전불이행,건조,맑음,단일로 - 기타,화물,남,69세,상해없음,원동기,남,50세,중상
2012042200100271,2012년 4월 22일 10시,일요일,제주특별자치도 서귀포시 서귀동,경상사고,0,0,1,0,차대차 - 추돌 - 진행중,신호위반,건조,맑음,교차로 - 교차로안,승합,남,41세,상해없음,승용,남,57세,경상
2012042200100316,2012년 4월 22일 12시,일요일,제주특별자치도 제주시 삼양일동,중상사고,0,1,0,0,차대차 - 측면직각충돌,교차로운행방법위반,건조,맑음,교차로 - 교차로안,승용,여,48세,상해없음,이륜,남,29세,중상
2012042200100334,2012년 4월 22일 13시,일요일,제주특별자치도 제주시 우도면,중상사고,0,1,0,0,차량단독 - 공작물충돌,안전운전불이행,건조,맑음,단일로 - 기타,이륜,여,32세,상해없음,,,,
2012042200100365,2012년 4월 22일 14시,일요일,제주특별자치도 제주시 이도이동,경상사고,0,0,1,0,차대차 - 측면직각충돌,안전운전불이행,건조,맑음,단일로 - 기타,승용,남,60세,상해없음,원동기,남,42세,경상
2012042200100391,2012년 4월 22일 15시,일요일,제주특별자치도 제주시 노형동,경상사고,0,0,3,0,차대차 - 측면직각충돌,직진우회전진행방해,건조,맑음,교차로 - 교차로안,승용,남,49세,상해없음,승용,남,40세,경상
2012042200100415,2012년 4월 22일 16시,일요일,제주특별자치도 서귀포시 중문동,경상사고,0,0,1,0,차대차 - 기타,안전운전불이행,건조,맑음,단일로 - 기타,화물,남,57세,상해없음,승용,여,39세,경상