사고번호,사고일시,요일,시군구,사고내용,사망자수,중상자수,경상자수,부상신고자수,사고유형,법규위반,노면상태,기상상태,도로형태,가해운전자 차종,가해운전자 성별,가해운전자 연령,가해운전자 상해정도,피해운전자 차종,피해운전자 성별,피해운전자 연령,피해운전자 상해정도
2012042200100475,2012년 4월 22일 18시,일요일,제주특별자치도 제주시 이도이동,중상사고,0,1,0,0,차대차 - 측면직각충돌,안전거리미확보,건조,맑음,단일로 - 기타,승용,남,34세,상해없음,이륜,남,18세,중상
2012042200100633,2012년 4월 22일 22시,일요일,제주특별자치도 제주시 도남동,경상사고,0,0,2,0,차대차 - 측면직각충돌,안전거리미확보,건조,맑음,교차로 - 교차로부근,승용,남,34세,상해없음,승용,남,20세,경상
2012042300100091,2012년 4월 23일 07시,월요일,제주특별자치도 제주시 조천읍,경상사고,0,0,2,0,차대차 - 측면직각충돌,안전거리미확보,건조,맑음,단일로 - 기타,승용,여,39세,상해없음,화물,남,43세,경상
2012042300100178,2012년 4월 23일 10시,월요일,제주특별자치도 제주시 한림읍,경상사고,0,0,1,0,차대차 - 측면직각충돌,안전운전불이행,건조,맑음,단일로 - 횡단보도부근,이륜,남,20세,경상,승용,남,36세,상해없음
2012042300100198,2012년 4월 23일 11시,월요일,제주특별자치도 제주시 조천읍,중상사고,0,1,0,0,차대차 - 측면직각충돌,중앙선침범,건조,맑음,교차로 - 교차로부근,승용,남,70세,상해없음,승용,여,56세,중상
2012042300100250,2012년 4월 23일 13시,월요일,제주특별자치도 제주시 이도이동,경상사고,0,0,1,0,차대차 - 측면직각충돌,안전운전불이행,건조,맑음,단일로 - 기타,승합,남,54세,상해없음,승용,여,41세,경상
2012042300100251,2012년 4월 23일 13시,월요일,제주특별자치도 서귀포시 안덕면,경상사고,0,0,2,0,차대차 - 측면직각충돌,직진우회전진행방해,건조,맑음,교차로 - 교차로안,화물,남,28세,상해없음,승용,남,54세,경상
2012042300100284,2012년 4월 23일 14시,월요일,제주특별자치도 제주시 용담삼동,경상사고,0,0,4,0,차대차 - 추돌 - 진행중,안전거리미확보,건조,맑음,교차로 - 교차로부근,승용,여,29세,상해없음,승용,여,46세,경상
2012042300100285,2012년 4월 23일 14시,월요일,제주특별자치도 제주시 노형동,중상사고,0,1,0,0,차대사람 - 횡단중,안전운전불이행,건조,맑음,단일로 - 기타,승용,남,74세,상해없음,보행자,여,78세,중상
2012042300100391,2012년 4월 23일 17시,월요일,제주특별자치도 제주시 일도이동,경상사고,0,0,1,0,차대차 - 측면직각충돌,신호위반,건조,맑음,교차로 - 교차로안,승용,여,58세,상해없음,승용,여,44세,경상
2012042300100392,2012년 4월 23일 17시,월요일,제주특별자치도 제주시 용담이동,사망사고,1,0,0,0,차대사람 - 기타,안전운전불이행,건조,맑음,단일로 - 기타,승합,남,50세,상해없음,보행자,여,62세,사망
2012042300100431,2012년 4월 23일 18시,월요일,제주특별자치도 제주시 조천읍,경상사고,0,0,1,0,차대차 - 측면직각충돌,중앙선침범,건조,맑음,단일로 - 기타,원동기,남,76세,경상,승용,여,36세,상해없음
2012042300100567,2012년 4월 23일 22시,월요일,제주특별자치도 제주시 용담일동,중상사고,0,1,0,0,차대차 - 측면직각충돌,안전운전불이행,건조,맑음,단일로 - 기타,승용,남,52세,상해없음,자전거,남,69세,중상
2012042300100604,2012년 4월 23일 23시,월요일,제주특별자치도 제주시 일도일동,경상사고,0,0,2,0,차대차 - 측면직각충돌,신호위반,건조,맑음,교차로 - 교차로안,승용,여,42세,상해없음,승용,남,55세,상해없음
2012042400100025,2012년 4월 24일 01시,화요일,제주특별자치도 제주시 노형동,경상사고,0,0,1,1,차대차 - 기타,안전운전불이행,건조,맑음,단일로 - 기타,화물,남,24세,상해없음,승용,남,55세,경상
2012042400100064,2012년 4월 24일 05시,화요일,제주특별자치도 서귀포시 표선면,중상사고,0,1,0,0,차대차 - 기타,직진우회전진행방해,건조,맑음,교차로 - 교차로안,승용,여,46세,중상,승용,남,70세,상해없음
2012042400100104,2012년 4월 24일 07시,화요일,제주특별자치도 서귀포시 안덕면,사망사고,1,0,0,0,차량단독 - 공작물충돌,안전운전불이행,건조,맑음,단일로 - 기타,승용,남,69세,사망,,,,
2012042400100217,2012년 4월 24일 11시,화요일,제주특별자치도 서귀포시 회수동,부상신고사고,0,0,0,1,차대차 - 측면직각충돌,안전운전불이행,건조,맑음,교차로 - 교차로안,화물,남,73세,부상신고,승합,남,40세,상해없음
2012042400100302,2012년 4월 24일 14시,화요일,제주특별자치도 제주시 애월읍,중상사고,0,1,0,0,차대사람 - 횡단중,보행자보호의무위반,건조,맑음,단일로 - 기타,화물,여,48세,상해없음,보행자,남,8세,중상
2012042400100303,2012년 4월 24일 14시,화요일,제주특별자치도 제주시 연동,경상사고,0,0,1,0,차대차 - 측면직각충돌,안전운전불이행,건조,맑음,교차로 - 교차로안,승용,남,23세,상해없음,승용,남,43세,경상
2012042400100345,2012년 4월 24일 15시,화요일,제주특별자치도 제주시 건입동,경상사고,0,0,1,0,차대차 - 측면직각충돌,안전운전불이행,건조,맑음,교차로 - 교차로부근,승용,남,64세,상해없음,화물,남,53세,경상
2012042400100381,2012년 4월 24일 16시,화요일,제주특별자치도 제주시 구좌읍,중상사고,0,1,0,0,차대차 - 측면직각충돌,교차로운행방법위반,건조,맑음,교차로 - 교차로안,승용,남,42세,상해없음,자전거,여,74세,중상
2012042400100382,2012년 4월 24일 16시,화요일,제주특별자치도 서귀포시 상효동,경상사고,0,0,2,0,차량단독 - 전도전복,안전운전불이행,건조,맑음,교차로 - 교차로부근,승용,남,62세,경상,,,,
2012042400100471,2012년 4월 24일 18시,화요일,제주특별자치도 제주시 아라일동,경상사고,0,0,1,0,차대차 - 측면직각충돌,안전운전불이행,건조,맑음,교차로 - 교차로부근,승합,남,53세,상해없음,승용,남,44세,경상
2012042400100508,2012년 4월 24일 19시,화요일,제주특별자치도 제주시 이도이동,경상사고,0,0,1,0,차대사람 - 횡단중,안전운전불이행,건조,흐림,단일로 - 기타,화물,남,40세,상해없음,보행자,남,5세,경상
2012042500100047,2012년 4월 25일 01시,수요일,제주특별자치도 제주시 도남동,경상사고,0,0,2,0,차대차 - 측면직각충돌,안전운전불이행,건조,맑음,교차로 - 교차로부근,승용,남,34세,상해없음,승용,남,42세,경상
2012042500100107,2012년 4월 25일 07시,수요일,제주특별자치도 제주시 조천읍,중상사고,0,1,0,0,차량단독 - 공작물충돌,안전운전불이행,습기,비,단일로 - 기타,승용,남,29세,중상,,,,
2012042500100108,2012년 4월 25일 07시,수요일,제주특별자치도 서귀포시 남원읍,중상사고,0,1,1,0,차대차 - 추돌 - 주정차중,안전운전불이행,습기,비,교차로 - 교차로안,승합,남,48세,상해없음,승합,남,48세,상해없음
2012042500100232,2012년 4월 25일 11시,수요일,제주특별자치도 제주시 건입동,중상사고,0,1,0,0,차대사람 - 횡단중,안전운전불이행,기타,흐림,교차로 - 교차로안,승합,남,52세,상해없음,보행자,여,84세,중상
2012042500100233,2012년 4월 25일 11시,수요일,제주특별자치도 서귀포시 표선면,중상사고,0,1,0,0,차대차 - 추돌 - 진행중,안전운전불이행,습기,비,단일로 - 기타,화물,여,41세,상해없음,승합,남,54세,상해없음
2012042500100339,2012년 4월 25일 15시,수요일,제주특별자치도 서귀포시 안덕면,경상사고,0,0,2,0,차대차 - 추돌 - 진행중,안전운전불이행,습기,비,단일로 - 기타,승합,남,46세,상해없음,승합,남,25세,상해없음
2012042500100375,2012년 4월 25일 16시,수요일,제주특별자치도 제주시 노형동,경상사고,0,0,3,0,차대차 - 기타,안전운전불이행,건조,맑음,교차로 - 교차로부근,승용,남,42세,상해없음,승합,여,40세,경상
2012042500100636,2012년 4월 25일 22시,수요일,제주특별자치도 제주시 이도일동,중상사고,0,1,1,0,차대차 - 측면직각충돌,안전운전불이행,건조,맑음,교차로 - 교차로부근,승용,여,41세,상해없음,승용,남,47세,중상
2012042500100637,2012년 4월 25일 22시,수요일,제주특별자치도 제주시 일도일동,경상사고,0,0,1,0,차대차 - 측면직각충돌,안전거리미확보,습기,비,단일로 - 기타,승용,남,41세,상해없음,이륜,남,22세,경상
2012042600100032,2012년 4월 26일 00시,목요일,제주특별자치도 제주시 연동,경상사고,0,0,1,0,차대차 - 기타,안전운전불이행,건조,맑음,단일로 - 기타,승용,남,22세,상해없음,승용,남,40세,경상
2012042600100174,2012년 4월 26일 07시,목요일,제주특별자치도 서귀포시 서홍동,경상사고,0,0,1,0,차대차 - 기타,안전거리미확보,건조,맑음,교차로 - 교차로안,화물,남,68세,상해없음,승용,남,22세,경상
2012042600100211,2012년 4월 26일 08시,목요일,제주특별자치도 서귀포시 표선면,중상사고,0,1,0,0,차대사람 - 횡단중,안전운전불이행,건조,맑음,단일로 - 기타,승용,남,51세,상해없음,보행자,여,56세,중상
2012042600100212,2012년 4월 26일 08시,목요일,제주특별자치도 제주시 연동,경상사고,0,0,1,0,차대차 - 측면직각충돌,교차로운행방법위반,건조,맑음,교차로 - 교차로안,승용,남,30세,상해없음,승용,남,36세,경상
2012042600100213,2012년 4월 26일 08시,목요일,제주특별자치도 제주시 연동,경상사고,0,0,1,0,차량단독 - 기타,기타,건조,맑음,단일로 - 기타,승합,남,40세,상해없음,,,,
2012042600100256,2012년 4월 26일 09시,목요일,제주특별자치도 제주시 아라일동,중상사고,0,1,0,0,차대사람 - 횡단중,안전운전불이행,건조,맑음,단일로 - 기타,승용,남,50세,상해없음,보행자,남,18세,중상
2012042600100291,2012년 4월 26일 10시,목요일,제주특별자치도 제주시 애월읍,중상사고,0,2,0,0,차대차 - 측면직각충돌,중앙선침범,건조,맑음,단일로 - 기타,승합,남,49세,상해없음,농기계,남,68세,중상
2012042600100318,2012년 4월 26일 11시,목요일,제주특별자치도 제주시 오라일동,경상사고,0,0,1,0,차대차 - 측면직각충돌,안전운전불이행,건조,맑음,단일로 - 기타,승용,남,53세,상해없음,자전거,남,70세,경상
2012042600100319,2012년 4월 26일 11시,목요일,제주특별자치도 제주시 이도이동,경상사고,0,0,1,0,차대차 - 측면직각충돌,안전거리미확보,건조,맑음,단일로 - 기타,승용,남,21세,상해없음,화물,남,33세,경상
2012042600100320,2012년 4월 26일 11시,목요일,제주특별자치도 서귀포시 표선면,경상사고,0,0,2,0,차대차 - 기타,직진우회전진행방해,건조,맑음,교차로 - 교차로안,승용,남,32세,경상,승용,남,43세,상해없음
2012042600100347,2012년 4월 26일 12시,목요일,제주특별자치도 제주시 구좌읍,중상사고,0,1,0,0,차대사람 - 기타,안전거리미확보,건조,맑음,단일로 - 기타,승합,남,25세,상해없음,보행자,여,64세,중상
2012042600100348,2012년 4월 26일 12시,목요일,제주특별자치도 서귀포시 상예동,중상사고,0,1,0,0,차대차 - 측면직각충돌,직진우회전진행방해,건조,맑음,교차로 - 교차로안,승용,남,52세,상해없음,화물,남,48세,상해없음
2012042600100349,2012년 4월 26일 12시,목요일,제주특별자치도 제주시 연동,경상사고,0,0,1,0,차대차 - 측면직각충돌,직진우회전진행방해,건조,맑음,교차로 - 교차로안,승용,여,40세,상해없음,이륜,남,24세,경상
2012042600100375,2012년 4월 26일 13시,목요일,제주특별자치도 제주시 봉개동,중상사고,0,2,1,0,차대차 - 측면직각충돌,중앙선침범,건조,맑음,단일로 - 기타,승용,남,29세,상해없음,승용,여,52세,경상
2012042600100414,2012년 4월 26일 14시,목요일,제주특별자치도 제주시 조천읍,경상사고,0,0,2,0,차대차 - 측면직각충돌,안전거리미확보,건조,맑음,단일로 - 기타,화물,남,49세,상해없음,승용,남,45세,상해없음
2012042600100458,2012년 4월 26일 15시,목요일,제주특별자치도 제주시 오라일동,경상사고,0,0,1,0,차대차 - 측면직각충돌,안전운전불이행,건조,맑음,단일로 - 기타,승용,남,33세,상해없음,승용,남,27세,상해없음
2012042600100507,2012년 4월 26일 16시,목요일,제주특별자치도 제주시 봉개동,경상사고,0,0,2,0,차대차 - 측면직각충돌,안전운전불이행,건조,맑음,단일로 - 기타,승용,여,36세,경상,승용,여,43세,경상
2012042600100637,2012년 4월 26일 19시,목요일,제주특별자치도 서귀포시 호근동,사망사고,1,0,0,0,차량단독 - 공작물충돌,안전운전불이행,건조,맑음,교차로 - 교차로안,승용,남,75세,사망,,,,
2012042600100773,2012년 4월 26일 23시,목요일,제주특별자치도 제주시 일도이동,경상사고,0,0,1,0,차대차 - 측면직각충돌,차로위반,건조,맑음,단일로 - 기타,승용,여,41세,상해없음,승용,남,64세,경상
2012042700100111,2012년 4월 27일 06시,금요일,제주특별자치도 제주시 한림읍,중상사고,0,1,0,0,차량단독 - 공작물충돌,안전운전불이행,건조,맑음,단일로 - 기타,승용,여,24세,중상,,,,
2012042700100211,2012년 4월 27일 09시,금요일,제주특별자치도 서귀포시 동홍동,경상사고,0,0,1,0,차대차 - 기타,기타,건조,맑음,교차로 - 교차로안,승용,남,29세,상해없음,원동기,남,18세,경상
2012042700100260,2012년 4월 27일 11시,금요일,제주특별자치도 제주시 연동,경상사고,0,0,1,0,차대차 - 기타,교차로운행방법위반,건조,맑음,교차로 - 교차로안,승용,여,30세,상해없음,승용,남,39세,경상
2012042700100284,2012년 4월 27일 12시,금요일,제주특별자치도 서귀포시 표선면,중상사고,0,1,0,0,차대사람 - 횡단중,안전운전불이행,건조,맑음,단일로 - 기타,승합,남,57세,상해없음,보행자,남,76세,중상
2012042700100391,2012년 4월 27일 15시,금요일,제주특별자치도 제주시 한림읍,중상사고,0,3,2,0,차대차 - 측면직각충돌,안전운전불이행,건조,맑음,교차로 - 교차로안,승용,남,40세,중상,승용,남,41세,중상
2012042700100428,2012년 4월 27일 16시,금요일,제주특별자치도 제주시 이도이동,경상사고,0,0,1,0,차대차 - 측면직각충돌,안전운전불이행,건조,맑음,단일로 - 기타,승용,여,49세,상해없음,자전거,여,61세,경상
2012042700100429,2012년 4월 27일 16시,금요일,제주특별자치도 제주시 삼도이동,중상사고,0,1,0,0,차대사람 - 횡단중,안전운전불이행,건조,맑음,단일로 - 기타,화물,남,51세,상해없음,보행자,남,61세,중상
2012042700100430,2012년 4월 27일 16시,금요일,제주특별자치도 서귀포시 중문동,경상사고,0,0,1,0,차대차 - 추돌 - 진행중,안전운전불이행,건조,맑음,교차로 - 교차로부근,원동기,여,70세,경상,승용,남,46세,상해없음
2012042700100431,2012년 4월 27일 16시,금요일,제주특별자치도 제주시 연동,중상사고,0,1,0,0,차대차 - 기타,안전거리미확보,건조,맑음,교차로 - 교차로부근,원동기,남,75세,중상,승용,남,43세,상해없음
2012042700100432,2012년 4월 27일 16시,금요일,제주특별자치도 제주시 용담이동,경상사고,0,0,1,0,차대차 - 측면직각충돌,불법유턴,건조,맑음,단일로 - 기타,승용,남,43세,상해없음,자전거,남,52세,경상
2012042700100475,2012년 4월 27일 17시,금요일,제주특별자치도 서귀포시 토평동,경상사고,0,0,3,0,차대차 - 추돌 - 진행중,안전운전불이행,건조,맑음,교차로 - 교차로안,승합,남,49세,상해없음,승용,여,47세,경상
2012042700100685,2012년 4월 27일 22시,금요일,제주특별자치도 제주시 노형동,경상사고,0,0,3,0,차대차 - 추돌 - 진행중,안전운전불이행,건조,맑음,교차로 - 교차로부근,승용,남,52세,상해없음,승용,남,43세,경상
2012042800100073,2012년 4월 28일 03시,토요일,제주특별자치도 제주시 이호이동,사망사고,1,1,0,0,차대차 - 정면충돌,중앙선침범,건조,맑음,단일로 - 기타,승용,남,24세,사망,화물,남,58세,중상
2012042800100327,2012년 4월 28일 13시,토요일,제주특별자치도 서귀포시 남원읍,경상사고,0,0,1,0,차대차 - 기타,안전거리미확보,건조,맑음,단일로 - 기타,이륜,남,69세,경상,화물,남,63세,상해없음
2012042800100406,2012년 4월 28일 15시,토요일,제주특별자치도 제주시 건입동,경상사고,0,0,1,0,차대차 - 측면직각충돌,안전운전불이행,건조,맑음,단일로 - 기타,승합,남,46세,상해없음,이륜,남,76세,경상
2012042800100445,2012년 4월 28일 16시,토요일,제주특별자치도 제주시 화북일동,중상사고,0,1,4,0,차대차 - 측면직각충돌,교차로운행방법위반,건조,맑음,교차로 - 교차로안,화물,여,47세,경상,승용,남,37세,경상
2012042800100446,2012년 4월 28일 16시,토요일,제주특별자치도 서귀포시 동홍동,중상사고,0,1,0,1,차대차 - 측면직각충돌,직진우회전진행방해,건조,맑음,교차로 - 교차로안,승용,여,34세,부상신고,승용,여,41세,중상
2012042800100568,2012년 4월 28일 19시,토요일,제주특별자치도 제주시 용담일동,경상사고,0,0,2,0,차대차 - 측면직각충돌,신호위반,건조,맑음,교차로 - 교차로안,승용,여,19세,상해없음,승용,남,69세,경상
2012042800100569,2012년 4월 28일 19시,토요일,제주특별자치도 제주시 봉개동,경상사고,0,0,2,0,차대차 - 측면직각충돌,안전운전불이행,건조,맑음,단일로 - 기타,승용,남,22세,상해없음,화물,여,62세,상해없음
2012042800100644,2012년 4월 28일 21시,토요일,제주특별자치도 제주시 애월읍,경상사고,0,0,2,0,차대차 - 기타,안전거리미확보,건조,맑음,단일로 - 기타,승용,남,66세,상해없음,승용,남,41세,경상
2012042900100093,2012년 4월 29일 04시,일요일,제주특별자치도 서귀포시 남원읍,중상사고,0,2,0,0,차량단독 - 전도전복,안전운전불이행,건조,흐림,단일로 - 기타,원동기,남,19세,중상,,,,
2012042900100117,2012년 4월 29일 06시,일요일,제주특별자치도 서귀포시 호근동,경상사고,0,0,1,0,차대차 - 추돌 - 진행중,안전운전불이행,건조,맑음,교차로 - 교차로부근,승합,남,48세,상해없음,화물,남,71세,상해없음
2012042900100162,2012년 4월 29일 09시,일요일,제주특별자치도 제주시 이도이동,중상사고,0,2,0,0,차대차 - 측면직각충돌,신호위반,건조,맑음,교차로 - 교차로안,승용,남,39세,상해없음,승용,여,37세,중상
2012042900100180,2012년 4월 29일 10시,일요일,제주특별자치도 제주시 용담이동,경상사고,0,0,2,0,차대차 - 추돌 - 진행중,안전거리미확보,건조,맑음,교차로 - 교차로부근,승용,남,43세,상해없음,승용,남,54세,경상
2012042900100219,2012년 4월 29일 12시,일요일,제주특별자치도 제주시 우도면,경상사고,0,0,1,0,차량단독 - 전도전복,안전운전불이행,건조,맑음,단일로 - 기타,원동기,여,33세,경상,,,,
2012042900100274,2012년 4월 29일 14시,일요일,제주특별자치도 제주시 이도이동,중상사고,0,1,0,0,차대사람 - 횡단중,안전운전불이행,습기,비,단일로 - 기타,승용,여,23세,상해없음,보행자,여,55세,중상
2012042900100296,2012년 4월 29일 15시,일요일,제주특별자치도 제주시 노형동,경상사고,0,0,1,0,차량단독 - 기타,안전운전불이행,습기,비,단일로 - 기타,승용,남,59세,경상,,,,
2012042900100378,2012년 4월 29일 18시,일요일,제주특별자치도 서귀포시 법환동,경상사고,0,0,1,0,차대차 - 측면직각충돌,안전운전불이행,습기,비,교차로 - 교차로안,승용,남,50세,상해없음,승용,남,41세,경상
2012042900100413,2012년 4월 29일 19시,일요일,제주특별자치도 제주시 일도이동,중상사고,0,1,0,0,차대사람 - 횡단중,보행자보호의무위반,습기,비,단일로 - 횡단보도상,승용,여,24세,상해없음,보행자,남,67세,중상
2012042900100505,2012년 4월 29일 22시,일요일,제주특별자치도 제주시 도남동,경상사고,0,0,1,0,차대사람 - 횡단중,안전운전불이행,기타,비,단일로 - 기타,승용,여,48세,상해없음,보행자,남,30세,경상
2012043000100061,2012년 4월 30일 05시,월요일,제주특별자치도 제주시 이호이동,중상사고,0,1,0,0,차대차 - 기타,안전운전불이행,건조,맑음,단일로 - 기타,승용,남,54세,상해없음,자전거,남,74세,중상
2012043000100238,2012년 4월 30일 11시,월요일,제주특별자치도 서귀포시 동홍동,경상사고,0,0,1,0,차대차 - 측면직각충돌,직진우회전진행방해,습기,비,교차로 - 교차로안,승용,남,57세,상해없음,승용,남,50세,상해없음
2012043000100350,2012년 4월 30일 14시,월요일,제주특별자치도 서귀포시 남원읍,중상사고,0,1,2,0,차대차 - 기타,직진우회전진행방해,습기,비,교차로 - 교차로안,화물,남,44세,중상,승용,남,32세,경상
2012043000100351,2012년 4월 30일 14시,월요일,제주특별자치도 제주시 연동,경상사고,0,0,1,0,차대차 - 측면직각충돌,안전운전불이행,건조,맑음,교차로 - 교차로부근,승용,여,35세,상해없음,이륜,남,24세,경상
2012043000100388,2012년 4월 30일 15시,월요일,제주특별자치도 제주시 연동,경상사고,0,0,1,0,차대차 - 기타,직진우회전진행방해,건조,맑음,교차로 - 교차로안,원동기,남,21세,경상,화물,남,51세,상해없음
2012043000100436,2012년 4월 30일 16시,월요일,제주특별자치도 제주시 삼도이동,경상사고,0,0,1,0,차대사람 - 기타,안전운전불이행,습기,비,단일로 - 기타,승용,여,55세,상해없음,보행자,남,46세,경상
2012043000100437,2012년 4월 30일 16시,월요일,제주특별자치도 제주시 삼도일동,중상사고,0,2,0,0,차대차 - 측면직각충돌,교차로운행방법위반,결빙,흐림,교차로 - 교차로안,화물,남,28세,상해없음,승용,남,45세,상해없음
2012043000100478,2012년 4월 30일 17시,월요일,제주특별자치도 제주시 화북이동,경상사고,0,0,1,0,차대차 - 측면직각충돌,안전거리미확보,습기,비,단일로 - 기타,승용,남,69세,상해없음,승용,남,33세,경상
2012043000100747,2012년 4월 30일 23시,월요일,제주특별자치도 제주시 조천읍,중상사고,0,1,2,0,차대차 - 측면직각충돌,교차로운행방법위반,건조,맑음,교차로 - 교차로안,승용,남,30세,상해없음,승용,여,42세,경상
2012050100100148,2012년 5월 1일 07시,화요일,제주특별자치도 제주시 화북일동,중상사고,0,1,2,0,차대차 - 측면직각충돌,신호위반,습기,비,교차로 - 교차로안,승용,남,34세,상해없음,승용,남,36세,경상
2012050100100234,2012년 5월 1일 10시,화요일,제주특별자치도 제주시 애월읍,부상신고사고,0,0,0,1,차대차 - 측면직각충돌,안전운전불이행,건조,맑음,교차로 - 교차로부근,농기계,남,74세,부상신고,승용,여,36세,상해없음
2012050100100260,2012년 5월 1일 11시,화요일,제주특별자치도 제주시 오라일동,경상사고,0,0,2,0,차대차 - 측면직각충돌,교차로운행방법위반,습기,비,교차로 - 교차로안,화물,남,45세,경상,승용,여,33세,경상
2012050100100298,2012년 5월 1일 12시,화요일,제주특별자치도 제주시 노형동,경상사고,0,0,1,0,차대차 - 측면직각충돌,안전운전불이행,습기,비,단일로 - 기타,승합,남,47세,상해없음,화물,남,52세,경상
2012050100100328,2012년 5월 1일 13시,화요일,제주특별자치도 서귀포시 색달동,경상사고,0,0,1,0,차대차 - 추돌 - 주정차중,안전운전불이행,습기,비,교차로 - 교차로부근,화물,여,43세,상해없음,승용,남,45세,경상
2012050100100404,2012년 5월 1일 15시,화요일,제주특별자치도 제주시 조천읍,중상사고,0,1,4,0,차대차 - 측면직각충돌,안전운전불이행,습기,비,단일로 - 기타,승용,여,46세,경상,승용,남,41세,경상
2012050100100447,2012년 5월 1일 16시,화요일,제주특별자치도 제주시 해안동,경상사고,0,0,1,0,차대차 - 추돌 - 주정차중,안전거리미확보,습기,비,교차로 - 교차로부근,승용,여,24세,상해없음,승용,남,30세,경상
2012050100100631,2012년 5월 1일 20시,화요일,제주특별자치도 제주시 이도이동,경상사고,0,0,1,0,차대차 - 측면직각충돌,중앙선침범,습기,비,교차로 - 교차로부근,승용,남,47세,상해없음,승용,남,28세,경상
2012050100100724,2012년 5월 1일 22시,화요일,제주특별자치도 제주시 화북일동,경상사고,0,0,1,0,차대차 - 측면직각충돌,안전거리미확보,기타,비,단일로 - 기타,화물,남,48세,상해없음,승용,남,61세,경상
2012050100100757,2012년 5월 1일 23시,화요일,제주특별자치도 제주시 이도일동,경상사고,0,0,1,0,차대차 - 측면직각충돌,안전운전불이행,습기,비,교차로 - 교차로안,승용,남,29세,상해없음,승용,남,40세,경상
2012050100100758,2012년 5월 1일 23시,화요일,제주특별자치도 제주시 도평동,중상사고,0,1,0,0,차대사람 - 기타,안전운전불이행,습기,비,단일로 - 기타,승용,남,21세,상해없음,보행자,남,39세,중상
2012050200100022,2012년 5월 2일 00시,수요일,제주특별자치도 제주시 노형동,경상사고,0,0,1,0,차대차 - 측면직각충돌,안전운전불이행,습기,비,단일로 - 기타,화물,기타불명,기타불명,기타불명,승용,여,42세,경상
2012050200100023,2012년 5월 2일 00시,수요일,제주특별자치도 제주시 연동,중상사고,0,1,0,0,차대사람 - 기타,안전운전불이행,건조,맑음,단일로 - 기타,승용,남,43세,상해없음,보행자,남,34세,중상
2012050200100059,2012년 5월 2일 03시,수요일,제주특별자치도 서귀포시 신효동,중상사고,0,1,0,0,차량단독 - 공작물충돌,안전운전불이행,건조,맑음,교차로 - 교차로안,원동기,남,50세,중상,,,,
2012050200100309,2012년 5월 2일 12시,수요일,제주특별자치도 제주시 한림읍,경상사고,0,0,1,0,차대차 - 측면직각충돌,안전운전불이행,건조,맑음,단일로 - 기타,농기계,여,78세,경상,화물,남,65세,상해없음
2012050200100350,2012년 5월 2일 13시,수요일,제주특별자치도 제주시 일도이동,중상사고,0,1,0,0,차대사람 - 횡단중,안전운전불이행,건조,맑음,기타 - 기타,화물,남,71세,상해없음,보행자,여,40세,중상
2012050200100394,2012년 5월 2일 14시,수요일,제주특별자치도 제주시 화북일동,경상사고,0,0,3,0,차대차 - 측면직각충돌,중앙선침범,건조,흐림,교차로 - 교차로부근,승용,남,22세,경상,승용,여,44세,경상
2012050200100470,2012년 5월 2일 16시,수요일,제주특별자치도 서귀포시 대정읍,경상사고,0,0,1,0,차대차 - 기타,안전운전불이행,건조,맑음,교차로 - 교차로안,승용,여,46세,상해없음,자전거,남,12세,경상
2012050200100500,2012년 5월 2일 17시,수요일,제주특별자치도 제주시 일도이동,경상사고,0,0,1,0,차대차 - 측면직각충돌,안전운전불이행,습기,비,교차로 - 교차로부근,승용,여,48세,상해없음,승용,남,33세,경상
2012050200100623,2012년 5월 2일 20시,수요일,제주특별자치도 서귀포시 서귀동,경상사고,0,0,1,0,차대사람 - 길가장자리구역통행중,안전운전불이행,건조,맑음,단일로 - 기타,화물,남,52세,상해없음,보행자,남,45세,경상
2012050200100707,2012년 5월 2일 23시,수요일,제주특별자치도 제주시 오등동,경상사고,0,0,1,0,차량단독 - 공작물충돌,안전운전불이행,건조,맑음,단일로 - 교량,원동기,남,50세,경상,,,,
2012050300100021,2012년 5월 3일 00시,목요일,제주특별자치도 제주시 일도이동,경상사고,0,0,1,0,차대차 - 측면직각충돌,안전거리미확보,건조,흐림,교차로 - 교차로부근,승용,남,41세,상해없음,승용,남,46세,경상
2012050300100022,2012년 5월 3일 00시,목요일,제주특별자치도 서귀포시 서귀동,중상사고,0,1,0,0,차대사람 - 기타,안전운전불이행,건조,맑음,단일로 - 기타,승용,남,61세,상해없음,보행자,남,36세,중상
2012050300100023,2012년 5월 3일 00시,목요일,제주특별자치도 제주시 연동,경상사고,0,0,1,0,차대차 - 기타,안전운전불이행,건조,맑음,단일로 - 기타,승용,남,35세,상해없음,승용,남,55세,경상
2012050300100091,2012년 5월 3일 06시,목요일,제주특별자치도 제주시 연동,부상신고사고,0,0,0,1,차량단독 - 공작물충돌,안전운전불이행,건조,맑음,단일로 - 기타,승용,여,23세,부상신고,,,,
2012050300100092,2012년 5월 3일 06시,목요일,제주특별자치도 제주시 용담삼동,중상사고,0,1,1,0,차대차 - 기타,중앙선침범,건조,맑음,단일로 - 기타,승용,남,62세,상해없음,승용,남,35세,경상