사고번호,사고일시,요일,시군구,사고내용,사망자수,중상자수,경상자수,부상신고자수,사고유형,법규위반,노면상태,기상상태,도로형태,가해운전자 차종,가해운전자 성별,가해운전자 연령,가해운전자 상해정도,피해운전자 차종,피해운전자 성별,피해운전자 연령,피해운전자 상해정도
2012050300100194,2012년 5월 3일 09시,목요일,제주특별자치도 제주시 구좌읍,경상사고,0,0,1,0,차대차 - 측면직각충돌,안전운전불이행,건조,맑음,교차로 - 교차로부근,원동기,여,73세,경상,승용,남,39세,상해없음
2012050300100195,2012년 5월 3일 09시,목요일,제주특별자치도 서귀포시 대정읍,중상사고,0,1,0,0,차대차 - 기타,안전운전불이행,건조,맑음,단일로 - 기타,화물,남,51세,상해없음,농기계,남,78세,중상
2012050300100263,2012년 5월 3일 12시,목요일,제주특별자치도 서귀포시 하효동,중상사고,0,1,0,0,차대사람 - 횡단중,안전운전불이행,건조,맑음,단일로 - 기타,이륜,남,33세,상해없음,보행자,여,82세,중상
2012050300100288,2012년 5월 3일 13시,목요일,제주특별자치도 제주시 오라일동,경상사고,0,0,2,0,차대차 - 측면직각충돌,신호위반,건조,맑음,교차로 - 교차로안,승용,남,64세,경상,승용,여,52세,경상
2012050300100426,2012년 5월 3일 17시,목요일,제주특별자치도 제주시 이도이동,경상사고,0,0,4,0,차대차 - 측면직각충돌,안전거리미확보,건조,맑음,단일로 - 기타,승합,남,50세,상해없음,승용,남,44세,경상
2012050300100505,2012년 5월 3일 19시,목요일,제주특별자치도 제주시 오등동,경상사고,0,0,1,0,차대차 - 측면직각충돌,교차로운행방법위반,건조,맑음,교차로 - 교차로안,승용,남,57세,경상,화물,남,47세,상해없음
2012050300100534,2012년 5월 3일 20시,목요일,제주특별자치도 제주시 구좌읍,경상사고,0,0,1,0,차대차 - 측면직각충돌,안전운전불이행,건조,맑음,교차로 - 교차로부근,화물,남,42세,상해없음,승용,남,46세,경상
2012050300100535,2012년 5월 3일 20시,목요일,제주특별자치도 제주시 연동,중상사고,0,1,0,0,차대차 - 측면직각충돌,안전운전불이행,건조,맑음,단일로 - 기타,승용,남,33세,상해없음,자전거,남,54세,중상
2012050300100594,2012년 5월 3일 22시,목요일,제주특별자치도 제주시 외도일동,경상사고,0,0,1,0,차대차 - 추돌 - 주정차중,안전운전불이행,건조,맑음,교차로 - 교차로부근,승용,남,26세,상해없음,승용,여,45세,경상
2012050300100595,2012년 5월 3일 22시,목요일,제주특별자치도 제주시 애월읍,경상사고,0,0,2,0,차대차 - 정면충돌,중앙선침범,건조,맑음,교차로 - 교차로부근,승용,남,37세,상해없음,승용,여,42세,경상
2012050400100212,2012년 5월 4일 09시,금요일,제주특별자치도 제주시 연동,중상사고,0,2,3,0,차대차 - 측면직각충돌,안전운전불이행,건조,맑음,교차로 - 교차로안,승합,남,45세,경상,승용,남,41세,상해없음
2012050400100240,2012년 5월 4일 10시,금요일,제주특별자치도 제주시 한림읍,경상사고,0,0,1,0,차대차 - 측면직각충돌,중앙선침범,건조,맑음,단일로 - 기타,승용,여,27세,경상,화물,남,38세,상해없음
2012050400100338,2012년 5월 4일 13시,금요일,제주특별자치도 서귀포시 성산읍,사망사고,1,0,0,0,차대사람 - 기타,안전운전불이행,건조,맑음,단일로 - 기타,농기계,남,58세,상해없음,보행자,남,64세,사망
2012050400100339,2012년 5월 4일 13시,금요일,제주특별자치도 제주시 오라삼동,경상사고,0,0,1,0,차대차 - 추돌 - 진행중,안전운전불이행,건조,맑음,단일로 - 기타,승용,남,55세,상해없음,승합,남,40세,경상
2012050400100369,2012년 5월 4일 14시,금요일,제주특별자치도 제주시 삼양일동,경상사고,0,0,1,0,차대차 - 측면직각충돌,중앙선침범,건조,맑음,교차로 - 교차로부근,화물,남,52세,상해없음,승용,남,53세,경상
2012050400100370,2012년 5월 4일 14시,금요일,제주특별자치도 제주시 건입동,경상사고,0,0,1,0,차대차 - 측면직각충돌,안전거리미확보,건조,맑음,단일로 - 기타,승합,남,51세,상해없음,원동기,여,38세,경상
2012050400100371,2012년 5월 4일 14시,금요일,제주특별자치도 서귀포시 표선면,중상사고,0,1,0,0,차량단독 - 도로외이탈 - 기타,안전운전불이행,건조,맑음,단일로 - 기타,원동기,여,36세,상해없음,,,,
2012050400100372,2012년 5월 4일 14시,금요일,제주특별자치도 제주시 해안동,경상사고,0,0,2,0,차대차 - 측면직각충돌,안전운전불이행,건조,맑음,교차로 - 교차로부근,승합,남,49세,상해없음,승용,남,39세,경상
2012050400100479,2012년 5월 4일 17시,금요일,제주특별자치도 제주시 용담삼동,경상사고,0,0,1,0,차대차 - 기타,직진우회전진행방해,건조,맑음,단일로 - 기타,승용,여,36세,상해없음,승용,남,29세,경상
2012050400100525,2012년 5월 4일 18시,금요일,제주특별자치도 제주시 일도이동,중상사고,0,1,0,0,차대사람 - 횡단중,안전운전불이행,건조,맑음,단일로 - 기타,승용,여,31세,상해없음,보행자,여,45세,중상
2012050400100571,2012년 5월 4일 19시,금요일,제주특별자치도 서귀포시 하예동,경상사고,0,0,1,0,차대사람 - 기타,안전운전불이행,건조,맑음,교차로 - 교차로안,승용,여,36세,상해없음,보행자,남,73세,경상
2012050400100602,2012년 5월 4일 20시,금요일,제주특별자치도 제주시 화북일동,중상사고,0,1,0,0,차대차 - 측면직각충돌,신호위반,건조,흐림,교차로 - 교차로안,승용,남,56세,상해없음,자전거,남,56세,중상
2012050500100046,2012년 5월 5일 01시,토요일,제주특별자치도 서귀포시 토평동,중상사고,0,1,0,0,차대차 - 측면직각충돌,직진우회전진행방해,건조,맑음,교차로 - 교차로안,화물,남,50세,상해없음,승용,여,45세,중상
2012050500100332,2012년 5월 5일 13시,토요일,제주특별자치도 제주시 아라일동,경상사고,0,0,1,0,차대차 - 측면직각충돌,중앙선침범,건조,맑음,교차로 - 교차로부근,승용,남,21세,상해없음,승용,남,34세,경상
2012050500100366,2012년 5월 5일 14시,토요일,제주특별자치도 서귀포시 서귀동,중상사고,0,1,0,0,차대사람 - 기타,안전운전불이행,건조,맑음,단일로 - 기타,승합,남,40세,상해없음,보행자,여,12세,중상
2012050500100444,2012년 5월 5일 16시,토요일,제주특별자치도 서귀포시 동홍동,경상사고,0,0,1,0,차대차 - 기타,안전운전불이행,건조,맑음,단일로 - 기타,승용,남,49세,상해없음,원동기,남,18세,경상
2012050500100518,2012년 5월 5일 18시,토요일,제주특별자치도 제주시 화북일동,경상사고,0,0,1,0,차대차 - 측면직각충돌,교차로운행방법위반,건조,맑음,교차로 - 교차로안,이륜,남,17세,경상,승용,남,26세,상해없음
2012050500100605,2012년 5월 5일 20시,토요일,제주특별자치도 서귀포시 동홍동,중상사고,0,1,0,0,차대차 - 측면직각충돌,신호위반,건조,맑음,교차로 - 교차로부근,승용,남,46세,상해없음,원동기,남,16세,중상
2012050600100039,2012년 5월 6일 01시,일요일,제주특별자치도 제주시 이도이동,경상사고,0,0,2,0,차대차 - 측면직각충돌,안전운전불이행,건조,맑음,교차로 - 교차로부근,승용,남,28세,상해없음,승용,남,32세,경상
2012050600100109,2012년 5월 6일 06시,일요일,제주특별자치도 제주시 도남동,중상사고,0,2,1,0,차대차 - 측면직각충돌,안전운전불이행,건조,맑음,단일로 - 기타,승용,남,30세,상해없음,승용,여,32세,경상
2012050600100123,2012년 5월 6일 07시,일요일,제주특별자치도 제주시 봉개동,경상사고,0,0,1,0,차대차 - 측면직각충돌,안전운전불이행,건조,맑음,단일로 - 기타,승용,남,30세,상해없음,승용,남,40세,경상
2012050600100124,2012년 5월 6일 07시,일요일,제주특별자치도 서귀포시 서홍동,경상사고,0,0,1,0,차대차 - 측면직각충돌,직진우회전진행방해,건조,맑음,교차로 - 교차로안,승용,남,24세,상해없음,승용,남,54세,경상
2012050600100166,2012년 5월 6일 10시,일요일,제주특별자치도 서귀포시 안덕면,중상사고,0,2,0,0,차대차 - 추돌 - 진행중,안전운전불이행,건조,맑음,단일로 - 기타,화물,남,30세,상해없음,승합,남,39세,상해없음
2012050600100167,2012년 5월 6일 10시,일요일,제주특별자치도 제주시 용담이동,경상사고,0,0,1,1,차대차 - 측면직각충돌,안전운전불이행,건조,맑음,단일로 - 기타,승합,남,23세,상해없음,승용,남,57세,경상
2012050600100304,2012년 5월 6일 14시,일요일,제주특별자치도 제주시 애월읍,중상사고,0,2,0,0,차대차 - 정면충돌,중앙선침범,건조,맑음,단일로 - 기타,화물,남,50세,중상,건설기계,남,43세,중상
2012050600100332,2012년 5월 6일 15시,일요일,제주특별자치도 서귀포시 서귀동,부상신고사고,0,0,0,1,차대차 - 측면직각충돌,직진우회전진행방해,건조,맑음,교차로 - 교차로안,이륜,남,64세,부상신고,승용,남,32세,상해없음
2012050600100496,2012년 5월 6일 20시,일요일,제주특별자치도 서귀포시 동홍동,경상사고,0,0,1,0,차대차 - 추돌 - 진행중,안전운전불이행,건조,맑음,교차로 - 교차로부근,이륜,남,16세,상해없음,승용,남,50세,상해없음
2012050700100046,2012년 5월 7일 03시,월요일,제주특별자치도 서귀포시 호근동,사망사고,1,0,0,0,차대사람 - 기타,안전운전불이행,건조,맑음,단일로 - 기타,승용,남,35세,상해없음,보행자,남,47세,사망
2012050700100100,2012년 5월 7일 07시,월요일,제주특별자치도 제주시 이도이동,경상사고,0,0,1,0,차대차 - 측면직각충돌,교차로운행방법위반,건조,맑음,교차로 - 교차로안,승용,여,43세,상해없음,승용,여,42세,상해없음
2012050700100133,2012년 5월 7일 08시,월요일,제주특별자치도 서귀포시 서홍동,사망사고,1,0,0,0,차대차 - 측면직각충돌,안전거리미확보,건조,맑음,단일로 - 기타,승용,여,44세,상해없음,원동기,여,67세,사망
2012050700100161,2012년 5월 7일 09시,월요일,제주특별자치도 제주시 도남동,경상사고,0,0,1,0,차대사람 - 횡단중,안전운전불이행,건조,맑음,단일로 - 기타,승용,남,42세,상해없음,보행자,남,49세,경상
2012050700100199,2012년 5월 7일 10시,월요일,제주특별자치도 제주시 애월읍,경상사고,0,0,2,4,차대차 - 측면직각충돌,안전운전불이행,건조,맑음,교차로 - 교차로부근,특수,남,30세,상해없음,승용,남,60세,경상
2012050700100247,2012년 5월 7일 12시,월요일,제주특별자치도 제주시 한경면,경상사고,0,0,1,0,차대차 - 측면직각충돌,안전운전불이행,건조,맑음,단일로 - 기타,승용,남,51세,상해없음,원동기,여,55세,경상
2012050700100248,2012년 5월 7일 12시,월요일,제주특별자치도 제주시 노형동,부상신고사고,0,0,0,1,차대사람 - 횡단중,안전운전불이행,건조,맑음,단일로 - 기타,승용,기타불명,기타불명,기타불명,보행자,남,49세,부상신고
2012050700100274,2012년 5월 7일 13시,월요일,제주특별자치도 제주시 애월읍,중상사고,0,3,0,0,차량단독 - 전도전복,안전운전불이행,건조,맑음,단일로 - 기타,화물,남,56세,중상,,,,
2012050700100375,2012년 5월 7일 16시,월요일,제주특별자치도 서귀포시 안덕면,경상사고,0,0,2,0,차대차 - 측면직각충돌,안전운전불이행,건조,맑음,단일로 - 기타,승합,남,57세,상해없음,승합,남,39세,상해없음
2012050700100530,2012년 5월 7일 20시,월요일,제주특별자치도 서귀포시 중문동,중상사고,0,1,0,0,차대사람 - 횡단중,보행자보호의무위반,건조,맑음,단일로 - 횡단보도상,승용,남,48세,상해없음,보행자,여,56세,중상
2012050700100596,2012년 5월 7일 22시,월요일,제주특별자치도 제주시 연동,경상사고,0,0,1,0,차대차 - 측면직각충돌,안전운전불이행,건조,맑음,교차로 - 교차로부근,승용,남,43세,상해없음,승용,남,41세,상해없음
2012050700100623,2012년 5월 7일 23시,월요일,제주특별자치도 제주시 노형동,경상사고,0,0,1,0,차대사람 - 횡단중,보행자보호의무위반,건조,맑음,단일로 - 기타,승용,남,26세,상해없음,보행자,여,19세,경상
2012050800100014,2012년 5월 8일 00시,화요일,제주특별자치도 제주시 연동,경상사고,0,0,1,0,차대차 - 측면직각충돌,신호위반,건조,맑음,단일로 - 기타,승용,남,25세,상해없음,승용,남,31세,경상
2012050800100125,2012년 5월 8일 08시,화요일,제주특별자치도 서귀포시 강정동,경상사고,0,0,1,0,차대차 - 측면직각충돌,직진우회전진행방해,건조,맑음,교차로 - 교차로안,승용,남,61세,상해없음,승용,남,42세,경상
2012050800100162,2012년 5월 8일 09시,화요일,제주특별자치도 제주시 아라일동,경상사고,0,0,1,0,차대차 - 측면직각충돌,교차로운행방법위반,건조,맑음,교차로 - 교차로안,승용,남,56세,상해없음,화물,남,68세,경상
2012050800100241,2012년 5월 8일 12시,화요일,제주특별자치도 제주시 연동,경상사고,0,0,2,0,차대차 - 기타,안전거리미확보,건조,맑음,단일로 - 기타,승용,남,79세,기타불명,승용,여,29세,경상
2012050800100296,2012년 5월 8일 14시,화요일,제주특별자치도 제주시 일도일동,경상사고,0,0,1,0,차대차 - 측면직각충돌,안전거리미확보,건조,맑음,교차로 - 교차로부근,승용,여,31세,상해없음,승용,여,31세,상해없음
2012050800100297,2012년 5월 8일 14시,화요일,제주특별자치도 제주시 애월읍,중상사고,0,1,0,0,차대차 - 측면직각충돌,안전운전불이행,건조,맑음,단일로 - 기타,승용,남,54세,상해없음,승용,남,52세,상해없음
2012050800100373,2012년 5월 8일 16시,화요일,제주특별자치도 제주시 건입동,중상사고,0,1,0,0,차대차 - 측면직각충돌,안전거리미확보,건조,맑음,단일로 - 기타,승합,남,54세,상해없음,이륜,남,70세,중상
2012050800100374,2012년 5월 8일 16시,화요일,제주특별자치도 제주시 삼도이동,중상사고,0,1,0,0,차대차 - 측면직각충돌,안전운전불이행,건조,맑음,단일로 - 기타,화물,남,34세,상해없음,자전거,남,8세,중상
2012050800100412,2012년 5월 8일 17시,화요일,제주특별자치도 제주시 일도이동,경상사고,0,0,2,0,차대차 - 추돌 - 진행중,안전거리미확보,건조,맑음,단일로 - 기타,승용,남,63세,경상,화물,남,56세,상해없음
2012050800100413,2012년 5월 8일 17시,화요일,제주특별자치도 서귀포시 표선면,중상사고,0,1,1,0,차대차 - 기타,안전거리미확보,건조,맑음,단일로 - 기타,원동기,남,68세,중상,승용,남,28세,상해없음
2012050800100415,2012년 5월 8일 17시,화요일,제주특별자치도 제주시 애월읍,경상사고,0,0,3,0,차대차 - 추돌 - 진행중,안전거리미확보,건조,맑음,단일로 - 기타,화물,남,29세,상해없음,승용,남,53세,경상
2012050800100457,2012년 5월 8일 18시,화요일,제주특별자치도 제주시 용담이동,중상사고,0,1,1,0,차대차 - 측면직각충돌,안전운전불이행,건조,맑음,교차로 - 교차로안,이륜,여,63세,중상,승용,여,28세,경상
2012050800100582,2012년 5월 8일 21시,화요일,제주특별자치도 서귀포시 호근동,경상사고,0,0,1,0,차대차 - 정면충돌,중앙선침범,건조,맑음,단일로 - 기타,화물,남,47세,상해없음,화물,여,60세,경상
2012050800100583,2012년 5월 8일 21시,화요일,제주특별자치도 제주시 한림읍,경상사고,0,0,1,0,차대차 - 추돌 - 주정차중,안전운전불이행,건조,맑음,교차로 - 교차로부근,승용,남,41세,상해없음,승용,여,22세,경상
2012050900100169,2012년 5월 9일 09시,수요일,제주특별자치도 서귀포시 대정읍,중상사고,0,1,0,0,차대차 - 기타,기타,건조,맑음,단일로 - 기타,승합,남,35세,상해없음,원동기,여,77세,중상
2012050900100216,2012년 5월 9일 11시,수요일,제주특별자치도 제주시 오라삼동,경상사고,0,0,1,0,차대차 - 측면직각충돌,안전거리미확보,건조,맑음,단일로 - 횡단보도부근,이륜,남,29세,경상,승용,남,42세,상해없음
2012050900100251,2012년 5월 9일 12시,수요일,제주특별자치도 제주시 이도이동,경상사고,0,0,2,0,차대차 - 측면직각충돌,안전운전불이행,건조,맑음,단일로 - 기타,승합,남,33세,상해없음,승용,남,24세,경상
2012050900100252,2012년 5월 9일 12시,수요일,제주특별자치도 제주시 삼도이동,중상사고,0,1,0,0,차대차 - 측면직각충돌,안전운전불이행,건조,맑음,교차로 - 교차로부근,승합,남,45세,상해없음,승용,여,55세,중상
2012050900100277,2012년 5월 9일 13시,수요일,제주특별자치도 서귀포시 남원읍,경상사고,0,0,1,0,차대차 - 측면직각충돌,직진우회전진행방해,건조,맑음,교차로 - 교차로안,화물,남,61세,경상,승용,남,36세,상해없음
2012050900100527,2012년 5월 9일 20시,수요일,제주특별자치도 제주시 노형동,중상사고,0,1,1,0,차대차 - 기타,안전운전불이행,건조,맑음,단일로 - 기타,승용,남,46세,상해없음,승용,남,59세,경상
2012050900100609,2012년 5월 9일 23시,수요일,제주특별자치도 서귀포시 서귀동,경상사고,0,0,1,0,차대차 - 기타,직진우회전진행방해,건조,맑음,교차로 - 교차로안,승용,여,40세,상해없음,승용,남,23세,상해없음
2012051000100020,2012년 5월 10일 00시,목요일,제주특별자치도 제주시 이도이동,중상사고,0,2,0,0,차대차 - 측면직각충돌,교차로운행방법위반,건조,맑음,교차로 - 교차로안,승합,남,53세,상해없음,승용,남,52세,중상
2012051000100127,2012년 5월 10일 07시,목요일,제주특별자치도 서귀포시 안덕면,경상사고,0,0,1,0,차대차 - 기타,직진우회전진행방해,건조,맑음,교차로 - 교차로안,승용,남,55세,상해없음,화물,남,49세,상해없음
2012051000100202,2012년 5월 10일 09시,목요일,제주특별자치도 제주시 오등동,중상사고,0,1,2,0,차대차 - 측면직각충돌,안전거리미확보,건조,맑음,교차로 - 교차로부근,승용,남,22세,상해없음,승용,남,57세,경상
2012051000100233,2012년 5월 10일 10시,목요일,제주특별자치도 제주시 한림읍,사망사고,1,7,29,0,차대차 - 측면직각충돌,신호위반,건조,맑음,교차로 - 교차로안,건설기계,남,27세,경상,승합,남,39세,중상
2012051000100259,2012년 5월 10일 11시,목요일,제주특별자치도 서귀포시 동홍동,경상사고,0,0,1,0,차대차 - 측면직각충돌,직진우회전진행방해,건조,맑음,교차로 - 교차로안,화물,남,46세,상해없음,승용,여,35세,경상
2012051000100260,2012년 5월 10일 11시,목요일,제주특별자치도 서귀포시 서귀동,경상사고,0,0,2,0,차대차 - 추돌 - 진행중,안전거리미확보,건조,맑음,단일로 - 기타,승용,남,19세,상해없음,승용,남,30세,경상
2012051000100313,2012년 5월 10일 13시,목요일,제주특별자치도 제주시 용담이동,경상사고,0,0,1,1,차대차 - 측면직각충돌,직진우회전진행방해,건조,맑음,교차로 - 교차로안,승용,여,48세,부상신고,승용,남,40세,경상
2012051000100336,2012년 5월 10일 14시,목요일,제주특별자치도 제주시 이호이동,중상사고,0,1,1,0,차대차 - 측면직각충돌,신호위반,건조,맑음,교차로 - 교차로안,승합,남,28세,경상,화물,남,36세,중상
2012051000100370,2012년 5월 10일 15시,목요일,제주특별자치도 제주시 이도이동,경상사고,0,0,1,0,차대사람 - 횡단중,안전운전불이행,건조,맑음,단일로 - 기타,승용,여,33세,상해없음,보행자,남,6세,경상
2012051000100442,2012년 5월 10일 17시,목요일,제주특별자치도 제주시 우도면,경상사고,0,0,1,0,차대차 - 측면직각충돌,안전운전불이행,건조,맑음,단일로 - 기타,화물,여,41세,상해없음,자전거,남,9세,경상
2012051000100483,2012년 5월 10일 18시,목요일,제주특별자치도 서귀포시 서귀동,중상사고,0,1,0,0,차대차 - 기타,안전운전불이행,건조,맑음,교차로 - 교차로안,승용,여,48세,상해없음,승용,남,44세,상해없음
2012051000100521,2012년 5월 10일 19시,목요일,제주특별자치도 제주시 도남동,중상사고,0,1,0,0,차대차 - 기타,안전운전불이행,건조,맑음,단일로 - 기타,승용,남,57세,상해없음,원동기,남,49세,중상
2012051000100652,2012년 5월 10일 23시,목요일,제주특별자치도 제주시 이도이동,경상사고,0,0,1,0,차대사람 - 횡단중,안전운전불이행,기타,맑음,단일로 - 기타,화물,남,32세,상해없음,보행자,남,24세,경상
2012051100100018,2012년 5월 11일 00시,금요일,제주특별자치도 제주시 일도일동,경상사고,0,0,1,0,차대차 - 측면직각충돌,안전거리미확보,건조,맑음,단일로 - 기타,승용,남,43세,상해없음,원동기,남,22세,경상
2012051100100406,2012년 5월 11일 16시,금요일,제주특별자치도 제주시 한림읍,중상사고,0,1,0,0,차대차 - 기타,안전운전불이행,건조,맑음,단일로 - 기타,이륜,남,66세,중상,승용,여,39세,상해없음
2012051100100441,2012년 5월 11일 17시,금요일,제주특별자치도 서귀포시 서귀동,중상사고,0,1,0,0,차대사람 - 횡단중,보행자보호의무위반,건조,맑음,단일로 - 기타,화물,남,45세,상해없음,보행자,여,72세,중상
2012051100100480,2012년 5월 11일 18시,금요일,제주특별자치도 제주시 연동,사망사고,1,0,0,0,차대사람 - 횡단중,보행자보호의무위반,건조,맑음,단일로 - 횡단보도상,승용,여,49세,상해없음,보행자,남,8세,사망
2012051100100526,2012년 5월 11일 19시,금요일,제주특별자치도 제주시 일도일동,경상사고,0,0,1,0,차대차 - 측면직각충돌,안전운전불이행,건조,기타,교차로 - 교차로안,이륜,남,26세,경상,승용,여,49세,상해없음
2012051100100561,2012년 5월 11일 20시,금요일,제주특별자치도 제주시 일도이동,경상사고,0,0,1,0,차대차 - 측면직각충돌,안전운전불이행,건조,맑음,기타 - 기타,화물,남,51세,상해없음,자전거,남,32세,경상
2012051100100671,2012년 5월 11일 23시,금요일,제주특별자치도 제주시 노형동,경상사고,0,0,2,0,차대차 - 측면직각충돌,직진우회전진행방해,건조,맑음,교차로 - 교차로안,승용,남,34세,경상,승용,남,36세,경상
2012051200100066,2012년 5월 12일 02시,토요일,제주특별자치도 제주시 연동,부상신고사고,0,0,0,1,차대차 - 추돌 - 주정차중,안전운전불이행,건조,맑음,단일로 - 기타,승용,남,40세,부상신고,승합,여,36세,기타불명
2012051200100087,2012년 5월 12일 03시,토요일,제주특별자치도 제주시 일도이동,경상사고,0,0,1,0,차대차 - 측면직각충돌,교차로운행방법위반,건조,맑음,교차로 - 교차로안,승합,남,32세,상해없음,승용,남,30세,경상
2012051200100184,2012년 5월 12일 08시,토요일,제주특별자치도 제주시 연동,중상사고,0,1,5,0,차대차 - 추돌 - 진행중,안전운전불이행,건조,맑음,단일로 - 기타,승용,남,58세,상해없음,승합,남,31세,상해없음
2012051200100212,2012년 5월 12일 09시,토요일,제주특별자치도 제주시 연동,경상사고,0,0,1,0,차대차 - 측면직각충돌,직진우회전진행방해,건조,맑음,교차로 - 교차로안,이륜,남,22세,경상,승용,남,37세,상해없음
2012051200100244,2012년 5월 12일 10시,토요일,제주특별자치도 제주시 한경면,사망사고,1,0,0,0,차량단독 - 기타,안전운전불이행,건조,맑음,단일로 - 기타,화물,여,49세,상해없음,,,,
2012051200100316,2012년 5월 12일 12시,토요일,제주특별자치도 제주시 건입동,경상사고,0,0,1,0,차대차 - 측면직각충돌,신호위반,건조,맑음,단일로 - 횡단보도상,기타불명,기타불명,기타불명,기타불명,자전거,남,10세,경상
2012051200100350,2012년 5월 12일 13시,토요일,제주특별자치도 제주시 이도이동,중상사고,0,1,1,0,차대차 - 측면직각충돌,안전거리미확보,건조,맑음,단일로 - 기타,승용,남,39세,상해없음,승용,남,54세,경상
2012051200100489,2012년 5월 12일 17시,토요일,제주특별자치도 서귀포시 표선면,경상사고,0,0,2,0,차대차 - 추돌 - 진행중,안전거리미확보,건조,맑음,교차로 - 교차로부근,화물,남,53세,상해없음,승용,여,30세,경상
2012051200100490,2012년 5월 12일 17시,토요일,제주특별자치도 제주시 연동,중상사고,0,1,0,0,차대차 - 추돌 - 주정차중,기타,건조,맑음,단일로 - 기타,승용,남,39세,상해없음,이륜,남,26세,중상
2012051200100556,2012년 5월 12일 19시,토요일,제주특별자치도 제주시 연동,경상사고,0,0,1,0,차대차 - 측면직각충돌,안전운전불이행,건조,맑음,단일로 - 기타,건설기계,남,39세,상해없음,승용,여,34세,경상
2012051200100596,2012년 5월 12일 20시,토요일,제주특별자치도 제주시 한림읍,경상사고,0,0,1,0,차대차 - 측면직각충돌,직진우회전진행방해,건조,맑음,교차로 - 교차로안,원동기,남,41세,상해없음,이륜,남,37세,상해없음
2012051300100107,2012년 5월 13일 06시,일요일,제주특별자치도 제주시 연동,경상사고,0,0,1,0,차대차 - 측면직각충돌,중앙선침범,건조,맑음,교차로 - 교차로안,원동기,남,28세,경상,승용,여,54세,상해없음
2012051300100202,2012년 5월 13일 12시,일요일,제주특별자치도 제주시 용담이동,경상사고,0,0,1,0,차량단독 - 전도전복,안전운전불이행,건조,흐림,단일로 - 기타,원동기,남,19세,경상,,,,
2012051300100370,2012년 5월 13일 17시,일요일,제주특별자치도 제주시 구좌읍,경상사고,0,0,3,0,차대차 - 측면직각충돌,교차로운행방법위반,건조,흐림,교차로 - 교차로안,화물,남,37세,경상,승용,남,43세,경상
2012051300100371,2012년 5월 13일 17시,일요일,제주특별자치도 서귀포시 안덕면,사망사고,1,0,0,0,차량단독 - 기타,안전운전불이행,기타,기타,단일로 - 기타,원동기,남,45세,사망,,,,
2012051300100402,2012년 5월 13일 18시,일요일,제주특별자치도 제주시 노형동,부상신고사고,0,0,0,1,차대차 - 추돌 - 주정차중,중앙선침범,건조,맑음,교차로 - 교차로부근,원동기,남,67세,부상신고,승용,여,36세,상해없음
2012051300100461,2012년 5월 13일 20시,일요일,제주특별자치도 제주시 삼도일동,중상사고,0,1,0,0,차대차 - 측면직각충돌,신호위반,건조,맑음,교차로 - 교차로부근,이륜,여,47세,중상,화물,남,24세,상해없음
2012051300100524,2012년 5월 13일 22시,일요일,제주특별자치도 제주시 용담이동,경상사고,0,0,1,0,차대차 - 측면직각충돌,신호위반,건조,맑음,교차로 - 교차로안,원동기,남,49세,경상,승용,남,44세,상해없음
2012051400100082,2012년 5월 14일 07시,월요일,제주특별자치도 제주시 한림읍,중상사고,0,1,1,0,차대차 - 추돌 - 진행중,안전운전불이행,습기,비,단일로 - 기타,승용,남,46세,상해없음,화물,남,55세,경상
2012051400100121,2012년 5월 14일 08시,월요일,제주특별자치도 제주시 화북일동,경상사고,0,0,1,0,차대사람 - 횡단중,안전운전불이행,습기,비,교차로 - 교차로안,승용,여,43세,상해없음,보행자,여,14세,경상
2012051400100151,2012년 5월 14일 09시,월요일,제주특별자치도 제주시 용담일동,중상사고,0,1,0,0,차대차 - 측면직각충돌,교차로운행방법위반,건조,맑음,교차로 - 교차로안,승용,여,49세,상해없음,자전거,남,76세,중상
2012051400100152,2012년 5월 14일 09시,월요일,제주특별자치도 서귀포시 동홍동,중상사고,0,1,1,0,차대차 - 측면직각충돌,직진우회전진행방해,습기,비,교차로 - 교차로안,화물,남,34세,경상,승용,여,29세,중상
2012051400100191,2012년 5월 14일 10시,월요일,제주특별자치도 제주시 연동,중상사고,0,1,0,0,차대사람 - 횡단중,보행자보호의무위반,건조,맑음,교차로 - 교차로부근,승용,여,40세,상해없음,보행자,여,77세,중상
2012051400100672,2012년 5월 14일 21시,월요일,제주특별자치도 제주시 일도이동,경상사고,0,0,1,0,차대사람 - 횡단중,보행자보호의무위반,건조,흐림,단일로 - 횡단보도상,승용,여,58세,상해없음,보행자,남,26세,경상
2012051400100755,2012년 5월 14일 23시,월요일,제주특별자치도 제주시 일도이동,경상사고,0,0,2,0,차대차 - 측면직각충돌,교차로운행방법위반,습기,비,교차로 - 교차로안,승용,여,46세,상해없음,승용,남,54세,상해없음
2012051500100076,2012년 5월 15일 05시,화요일,제주특별자치도 제주시 일도이동,경상사고,0,0,1,0,차대차 - 측면직각충돌,안전운전불이행,건조,흐림,단일로 - 기타,자전거,남,32세,경상,승용,여,49세,상해없음
2012051500100117,2012년 5월 15일 07시,화요일,제주특별자치도 제주시 애월읍,중상사고,0,1,0,0,차량단독 - 공작물충돌,기타,건조,맑음,단일로 - 기타,승합,남,46세,상해없음,,,,