사고번호,사고일시,요일,시군구,사고내용,사망자수,중상자수,경상자수,부상신고자수,사고유형,법규위반,노면상태,기상상태,도로형태,가해운전자 차종,가해운전자 성별,가해운전자 연령,가해운전자 상해정도,피해운전자 차종,피해운전자 성별,피해운전자 연령,피해운전자 상해정도
2012051500100277,2012년 5월 15일 12시,화요일,제주특별자치도 제주시 우도면,경상사고,0,0,2,0,차량단독 - 공작물충돌,안전운전불이행,기타,맑음,단일로 - 기타,이륜,남,38세,경상,,,,
2012051500100448,2012년 5월 15일 17시,화요일,제주특별자치도 제주시 이도일동,경상사고,0,0,1,0,차대차 - 측면직각충돌,신호위반,건조,맑음,교차로 - 교차로안,승용,여,52세,상해없음,이륜,남,51세,경상
2012051500100645,2012년 5월 15일 22시,화요일,제주특별자치도 제주시 도남동,경상사고,0,0,1,0,차대차 - 측면직각충돌,신호위반,건조,맑음,교차로 - 교차로안,승용,남,70세,상해없음,승용,여,43세,경상
2012051500100646,2012년 5월 15일 22시,화요일,제주특별자치도 제주시 용담이동,중상사고,0,2,0,1,차대차 - 측면직각충돌,안전운전불이행,건조,맑음,교차로 - 교차로안,승용,남,30세,상해없음,승용,남,55세,부상신고
2012051600100052,2012년 5월 16일 02시,수요일,제주특별자치도 제주시 일도이동,중상사고,0,1,0,0,차량단독 - 공작물충돌,안전운전불이행,건조,맑음,단일로 - 기타,승용,여,25세,상해없음,,,,
2012051600100203,2012년 5월 16일 09시,수요일,제주특별자치도 제주시 연동,경상사고,0,0,1,0,차대차 - 측면직각충돌,안전운전불이행,건조,맑음,기타 - 기타,자전거,여,51세,경상,승용,남,34세,상해없음
2012051600100217,2012년 5월 16일 10시,수요일,제주특별자치도 제주시 오라일동,경상사고,0,0,1,0,차량단독 - 공작물충돌,안전운전불이행,건조,맑음,단일로 - 기타,원동기,여,38세,경상,,,,
2012051600100235,2012년 5월 16일 11시,수요일,제주특별자치도 제주시 아라일동,경상사고,0,0,1,0,차대차 - 측면직각충돌,안전거리미확보,건조,맑음,단일로 - 기타,승용,남,56세,상해없음,승용,여,19세,경상
2012051600100236,2012년 5월 16일 11시,수요일,제주특별자치도 제주시 애월읍,중상사고,0,1,0,0,차대차 - 측면직각충돌,안전운전불이행,건조,맑음,단일로 - 기타,승용,남,23세,상해없음,승용,남,51세,상해없음
2012051600100329,2012년 5월 16일 14시,수요일,제주특별자치도 서귀포시 서귀동,중상사고,0,1,0,0,차대차 - 추돌 - 진행중,기타,건조,맑음,교차로 - 교차로부근,승용,남,49세,상해없음,이륜,남,72세,중상
2012051600100330,2012년 5월 16일 14시,수요일,제주특별자치도 제주시 노형동,경상사고,0,0,1,0,차대사람 - 횡단중,보행자보호의무위반,건조,맑음,교차로 - 교차로부근,승용,남,50세,상해없음,보행자,남,15세,경상
2012051600100644,2012년 5월 16일 23시,수요일,제주특별자치도 제주시 일도이동,경상사고,0,0,1,0,차대차 - 측면직각충돌,교차로운행방법위반,건조,맑음,교차로 - 교차로부근,승용,여,49세,상해없음,화물,남,30세,상해없음
2012051700100116,2012년 5월 17일 07시,목요일,제주특별자치도 서귀포시 성산읍,중상사고,0,1,0,0,차대차 - 기타,안전운전불이행,건조,맑음,단일로 - 기타,화물,남,54세,상해없음,원동기,남,57세,중상
2012051700100181,2012년 5월 17일 09시,목요일,제주특별자치도 제주시 아라일동,경상사고,0,0,1,0,차대차 - 측면직각충돌,안전운전불이행,건조,맑음,단일로 - 기타,원동기,여,57세,경상,화물,남,36세,상해없음
2012051700100209,2012년 5월 17일 10시,목요일,제주특별자치도 제주시 노형동,중상사고,0,1,0,0,차대사람 - 횡단중,보행자보호의무위반,건조,맑음,교차로 - 교차로부근,승용,여,65세,상해없음,보행자,여,59세,중상
2012051700100237,2012년 5월 17일 11시,목요일,제주특별자치도 제주시 노형동,경상사고,0,0,1,0,차대차 - 기타,안전거리미확보,건조,맑음,단일로 - 기타,화물,남,60세,상해없음,승용,여,47세,경상
2012051700100317,2012년 5월 17일 14시,목요일,제주특별자치도 제주시 애월읍,경상사고,0,0,1,0,차대사람 - 횡단중,안전운전불이행,건조,맑음,단일로 - 기타,승용,남,42세,상해없음,보행자,남,7세,경상
2012051700100386,2012년 5월 17일 16시,목요일,제주특별자치도 제주시 연동,경상사고,0,0,1,0,차대차 - 측면직각충돌,신호위반,건조,맑음,교차로 - 교차로안,승용,남,63세,상해없음,이륜,남,25세,경상
2012051700100424,2012년 5월 17일 17시,목요일,제주특별자치도 서귀포시 중문동,경상사고,0,0,1,0,차대차 - 측면직각충돌,직진우회전진행방해,건조,맑음,교차로 - 교차로안,원동기,남,16세,경상,승용,여,37세,기타불명
2012051700100531,2012년 5월 17일 20시,목요일,제주특별자치도 제주시 아라일동,경상사고,0,0,1,0,차대차 - 측면직각충돌,안전운전불이행,건조,맑음,단일로 - 기타,승용,남,54세,상해없음,승용,남,55세,경상
2012051700100532,2012년 5월 17일 20시,목요일,제주특별자치도 제주시 외도일동,경상사고,0,0,1,0,차대차 - 측면직각충돌,안전운전불이행,건조,맑음,교차로 - 교차로안,승용,남,40세,상해없음,승용,여,42세,경상
2012051700100593,2012년 5월 17일 22시,목요일,제주특별자치도 서귀포시 서귀동,경상사고,0,0,1,0,차대차 - 기타,안전운전불이행,건조,맑음,교차로 - 교차로부근,승용,남,41세,상해없음,승용,남,48세,경상
2012051800100013,2012년 5월 18일 00시,금요일,제주특별자치도 제주시 일도이동,중상사고,0,1,0,0,차량단독 - 공작물충돌,안전운전불이행,건조,맑음,교차로 - 교차로안,이륜,남,15세,중상,,,,
2012051800100113,2012년 5월 18일 07시,금요일,제주특별자치도 제주시 용담이동,경상사고,0,0,1,0,차대사람 - 횡단중,안전운전불이행,건조,맑음,단일로 - 기타,승용,남,54세,상해없음,보행자,남,27세,경상
2012051800100262,2012년 5월 18일 11시,금요일,제주특별자치도 제주시 화북일동,경상사고,0,0,1,0,차대차 - 측면직각충돌,신호위반,건조,맑음,교차로 - 교차로안,승용,남,22세,상해없음,원동기,남,69세,경상
2012051800100323,2012년 5월 18일 13시,금요일,제주특별자치도 제주시 이도이동,경상사고,0,0,1,0,차대사람 - 횡단중,보행자보호의무위반,건조,맑음,교차로 - 교차로부근,승용,남,65세,상해없음,보행자,여,19세,경상
2012051800100324,2012년 5월 18일 13시,금요일,제주특별자치도 서귀포시 토평동,중상사고,0,1,0,0,차대차 - 정면충돌,안전운전불이행,건조,맑음,단일로 - 기타,원동기,남,61세,중상,승용,여,51세,상해없음
2012051800100555,2012년 5월 18일 19시,금요일,제주특별자치도 제주시 용담삼동,경상사고,0,0,1,0,차대차 - 기타,교차로운행방법위반,건조,맑음,교차로 - 교차로부근,원동기,남,21세,경상,승용,남,50세,상해없음
2012051900100091,2012년 5월 19일 03시,토요일,제주특별자치도 서귀포시 안덕면,부상신고사고,0,0,0,1,차량단독 - 기타,안전운전불이행,건조,맑음,단일로 - 기타,승용,남,32세,부상신고,,,,
2012051900100117,2012년 5월 19일 05시,토요일,제주특별자치도 제주시 노형동,중상사고,0,1,0,0,차대차 - 기타,안전운전불이행,건조,맑음,단일로 - 기타,승용,남,34세,상해없음,자전거,남,54세,중상
2012051900100257,2012년 5월 19일 11시,토요일,제주특별자치도 제주시 이도이동,경상사고,0,0,1,0,차대차 - 측면직각충돌,안전운전불이행,건조,맑음,단일로 - 기타,승용,여,23세,상해없음,원동기,남,52세,경상
2012051900100258,2012년 5월 19일 11시,토요일,제주특별자치도 제주시 용담삼동,중상사고,0,1,0,0,차대차 - 측면직각충돌,신호위반,건조,맑음,교차로 - 교차로안,승용,남,43세,상해없음,승용,남,28세,중상
2012051900100321,2012년 5월 19일 13시,토요일,제주특별자치도 제주시 이도이동,경상사고,0,0,1,0,차대차 - 측면직각충돌,교차로운행방법위반,건조,맑음,교차로 - 교차로안,화물,남,58세,상해없음,승용,남,52세,상해없음
2012051900100465,2012년 5월 19일 17시,토요일,제주특별자치도 제주시 우도면,경상사고,0,0,1,0,차대차 - 측면직각충돌,교차로운행방법위반,건조,맑음,교차로 - 교차로안,농기계,남,54세,경상,승합,남,44세,상해없음
2012051900100466,2012년 5월 19일 17시,토요일,제주특별자치도 제주시 노형동,경상사고,0,0,1,0,차대차 - 기타,안전운전불이행,건조,맑음,교차로 - 교차로안,승용,남,27세,상해없음,자전거,남,12세,경상
2012051900100606,2012년 5월 19일 21시,토요일,제주특별자치도 제주시 아라일동,경상사고,0,0,1,0,차대차 - 측면직각충돌,안전운전불이행,건조,맑음,기타 - 기타,승용,남,42세,상해없음,승용,남,50세,경상
2012051900100607,2012년 5월 19일 21시,토요일,제주특별자치도 제주시 건입동,경상사고,0,0,1,0,차대차 - 측면직각충돌,안전운전불이행,건조,맑음,교차로 - 교차로부근,이륜,남,48세,경상,승용,여,50세,기타불명
2012052000100145,2012년 5월 20일 09시,일요일,제주특별자치도 제주시 구좌읍,중상사고,0,1,0,0,차대차 - 측면직각충돌,중앙선침범,건조,맑음,단일로 - 기타,승합,남,52세,상해없음,자전거,남,49세,중상
2012052000100146,2012년 5월 20일 09시,일요일,제주특별자치도 서귀포시 하원동,경상사고,0,0,1,0,차대차 - 기타,안전운전불이행,건조,맑음,단일로 - 기타,승용,여,52세,상해없음,자전거,남,39세,경상
2012052000100157,2012년 5월 20일 10시,일요일,제주특별자치도 서귀포시 표선면,경상사고,0,0,1,0,차대차 - 측면직각충돌,신호위반,건조,맑음,교차로 - 교차로안,승용,남,39세,경상,건설기계,남,50세,상해없음
2012052000100180,2012년 5월 20일 11시,일요일,제주특별자치도 제주시 영평동,경상사고,0,0,2,0,차대차 - 측면직각충돌,안전거리미확보,건조,맑음,단일로 - 기타,화물,남,47세,상해없음,화물,남,58세,경상
2012052000100411,2012년 5월 20일 19시,일요일,제주특별자치도 제주시 노형동,중상사고,0,2,1,2,차대차 - 기타,안전운전불이행,건조,맑음,단일로 - 기타,승용,남,50세,상해없음,승용,남,49세,중상
2012052000100509,2012년 5월 20일 22시,일요일,제주특별자치도 제주시 연동,경상사고,0,0,1,0,차대사람 - 기타,안전운전불이행,건조,맑음,교차로 - 교차로안,승용,남,42세,상해없음,보행자,남,37세,경상
2012052000100527,2012년 5월 20일 23시,일요일,제주특별자치도 제주시 삼도이동,경상사고,0,0,1,0,차대사람 - 횡단중,안전운전불이행,건조,맑음,단일로 - 기타,승용,남,28세,상해없음,보행자,남,44세,경상
2012052000100528,2012년 5월 20일 23시,일요일,제주특별자치도 제주시 도남동,경상사고,0,0,1,0,차대차 - 측면직각충돌,교차로운행방법위반,건조,맑음,교차로 - 교차로안,승용,여,21세,상해없음,승용,남,55세,상해없음
2012052100100132,2012년 5월 21일 08시,월요일,제주특별자치도 제주시 외도일동,경상사고,0,0,1,0,차대사람 - 횡단중,안전운전불이행,건조,맑음,단일로 - 기타,승용,남,30세,상해없음,보행자,남,9세,경상
2012052100100186,2012년 5월 21일 10시,월요일,제주특별자치도 제주시 오라일동,경상사고,0,0,1,0,차대차 - 측면직각충돌,안전거리미확보,건조,맑음,단일로 - 기타,승용,남,38세,상해없음,승용,남,22세,상해없음
2012052100100480,2012년 5월 21일 18시,월요일,제주특별자치도 제주시 아라일동,중상사고,0,1,0,0,차량단독 - 공작물충돌,안전운전불이행,건조,맑음,교차로 - 교차로안,승합,남,58세,기타불명,,,,
2012052100100481,2012년 5월 21일 18시,월요일,제주특별자치도 서귀포시 안덕면,경상사고,0,0,2,0,차대차 - 기타,신호위반,건조,맑음,교차로 - 교차로안,승용,여,50세,경상,승용,남,28세,상해없음
2012052100100517,2012년 5월 21일 19시,월요일,제주특별자치도 제주시 외도일동,중상사고,0,1,0,0,차대사람 - 횡단중,보행자보호의무위반,건조,맑음,단일로 - 횡단보도상,화물,남,63세,상해없음,보행자,남,54세,중상
2012052200100033,2012년 5월 22일 01시,화요일,제주특별자치도 제주시 이도이동,경상사고,0,0,1,0,차대사람 - 횡단중,안전운전불이행,기타,맑음,단일로 - 기타,승용,남,41세,상해없음,보행자,남,35세,경상
2012052200100051,2012년 5월 22일 03시,화요일,제주특별자치도 제주시 일도일동,경상사고,0,0,1,0,차대차 - 측면직각충돌,신호위반,건조,맑음,교차로 - 교차로안,승용,남,27세,상해없음,승용,남,54세,경상
2012052200100319,2012년 5월 22일 13시,화요일,제주특별자치도 제주시 이도일동,경상사고,0,0,1,0,차대사람 - 횡단중,안전운전불이행,건조,맑음,기타 - 기타,기타불명,기타불명,기타불명,기타불명,보행자,여,19세,경상
2012052200100346,2012년 5월 22일 14시,화요일,제주특별자치도 제주시 화북일동,경상사고,0,0,1,0,차대차 - 측면직각충돌,안전운전불이행,건조,맑음,단일로 - 기타,승용,남,39세,상해없음,승용,남,32세,경상
2012052200100347,2012년 5월 22일 14시,화요일,제주특별자치도 제주시 조천읍,경상사고,0,0,2,0,차대차 - 측면직각충돌,안전거리미확보,건조,맑음,교차로 - 교차로부근,건설기계,남,30세,경상,건설기계,남,51세,경상
2012052200100348,2012년 5월 22일 14시,화요일,제주특별자치도 제주시 연동,경상사고,0,0,1,0,차대사람 - 횡단중,보행자보호의무위반,건조,맑음,단일로 - 기타,승합,여,41세,상해없음,보행자,여,40세,경상
2012052200100417,2012년 5월 22일 16시,화요일,제주특별자치도 제주시 우도면,중상사고,0,1,1,0,차량단독 - 공작물충돌,안전운전불이행,건조,맑음,단일로 - 기타,이륜,여,22세,중상,,,,
2012052200100459,2012년 5월 22일 17시,화요일,제주특별자치도 제주시 삼도이동,경상사고,0,0,1,0,차대차 - 측면직각충돌,안전운전불이행,건조,맑음,교차로 - 교차로안,이륜,남,34세,경상,승용,여,42세,상해없음
2012052200100496,2012년 5월 22일 18시,화요일,제주특별자치도 제주시 노형동,경상사고,0,0,1,0,차대차 - 측면직각충돌,안전운전불이행,건조,맑음,교차로 - 교차로부근,승용,여,34세,상해없음,승용,남,63세,경상
2012052200100573,2012년 5월 22일 20시,화요일,제주특별자치도 서귀포시 동홍동,경상사고,0,0,1,0,차대사람 - 횡단중,안전운전불이행,건조,흐림,단일로 - 기타,승용,여,63세,상해없음,보행자,남,69세,경상
2012052200100608,2012년 5월 22일 21시,화요일,제주특별자치도 제주시 삼도일동,경상사고,0,0,3,0,차대차 - 측면직각충돌,교차로운행방법위반,건조,맑음,교차로 - 교차로안,승용,남,45세,경상,화물,남,21세,경상
2012052300100028,2012년 5월 23일 01시,수요일,제주특별자치도 제주시 노형동,경상사고,0,0,2,0,차대차 - 추돌 - 진행중,신호위반,건조,맑음,교차로 - 교차로안,승용,남,30세,상해없음,승용,남,60세,경상
2012052300100194,2012년 5월 23일 10시,수요일,제주특별자치도 제주시 노형동,중상사고,0,1,0,0,차대차 - 측면직각충돌,신호위반,건조,맑음,교차로 - 교차로안,이륜,남,76세,중상,승용,여,56세,상해없음
2012052300100239,2012년 5월 23일 12시,수요일,제주특별자치도 서귀포시 남원읍,중상사고,0,1,3,0,차대차 - 추돌 - 진행중,안전운전불이행,건조,맑음,교차로 - 교차로부근,승용,남,57세,기타불명,승용,여,51세,중상
2012052300100240,2012년 5월 23일 12시,수요일,제주특별자치도 제주시 연동,경상사고,0,0,1,0,차대차 - 측면직각충돌,안전운전불이행,건조,맑음,교차로 - 교차로부근,원동기,남,69세,경상,승용,여,41세,상해없음
2012052300100308,2012년 5월 23일 14시,수요일,제주특별자치도 서귀포시 중문동,경상사고,0,0,1,0,차대사람 - 기타,보행자보호의무위반,건조,맑음,단일로 - 기타,승용,남,27세,상해없음,보행자,여,8세,경상
2012052300100341,2012년 5월 23일 15시,수요일,제주특별자치도 제주시 오라일동,중상사고,0,1,1,0,차대차 - 측면직각충돌,안전운전불이행,건조,맑음,단일로 - 기타,승용,남,18세,경상,화물,남,52세,중상
2012052300100342,2012년 5월 23일 15시,수요일,제주특별자치도 제주시 도남동,중상사고,0,1,0,0,차대사람 - 기타,기타,건조,맑음,단일로 - 기타,승용,남,33세,상해없음,보행자,남,9세,중상
2012052300100579,2012년 5월 23일 21시,수요일,제주특별자치도 제주시 삼양삼동,경상사고,0,0,1,0,차대차 - 기타,안전운전불이행,건조,기타,단일로 - 기타,자전거,남,64세,경상,승용,남,50세,상해없음
2012052400100215,2012년 5월 24일 10시,목요일,제주특별자치도 제주시 오라일동,경상사고,0,0,1,0,차량단독 - 기타,안전운전불이행,건조,맑음,단일로 - 기타,승용,남,55세,상해없음,,,,
2012052400100240,2012년 5월 24일 11시,목요일,제주특별자치도 서귀포시 색달동,경상사고,0,0,2,0,차대차 - 추돌 - 진행중,안전거리미확보,건조,맑음,단일로 - 기타,승합,남,41세,상해없음,승용,남,50세,경상
2012052400100301,2012년 5월 24일 14시,목요일,제주특별자치도 제주시 오라일동,경상사고,0,0,1,0,차대사람 - 횡단중,보행자보호의무위반,건조,맑음,단일로 - 횡단보도상,화물,남,22세,상해없음,보행자,남,70세,경상
2012052400100358,2012년 5월 24일 16시,목요일,제주특별자치도 제주시 아라일동,경상사고,0,0,2,0,차대차 - 추돌 - 주정차중,안전운전불이행,건조,맑음,단일로 - 기타,승용,남,24세,상해없음,화물,남,47세,경상
2012052400100359,2012년 5월 24일 16시,목요일,제주특별자치도 제주시 화북일동,경상사고,0,0,1,0,차대사람 - 횡단중,보행자보호의무위반,건조,맑음,단일로 - 기타,승용,남,37세,상해없음,보행자,여,14세,경상
2012052400100360,2012년 5월 24일 16시,목요일,제주특별자치도 제주시 이도이동,경상사고,0,0,1,0,차대차 - 측면직각충돌,안전운전불이행,건조,맑음,교차로 - 교차로부근,승합,남,43세,상해없음,승용,남,44세,상해없음
2012052400100447,2012년 5월 24일 18시,목요일,제주특별자치도 제주시 조천읍,중상사고,0,1,2,0,차대차 - 측면직각충돌,중앙선침범,습기,비,단일로 - 기타,승용,남,40세,상해없음,화물,남,47세,경상
2012052400100476,2012년 5월 24일 19시,목요일,제주특별자치도 서귀포시 상효동,부상신고사고,0,0,0,1,차대차 - 기타,안전운전불이행,습기,비,교차로 - 교차로안,화물,남,64세,부상신고,승용,여,50세,상해없음
2012052400100585,2012년 5월 24일 22시,목요일,제주특별자치도 제주시 삼양이동,중상사고,0,1,0,0,차대사람 - 횡단중,안전운전불이행,습기,비,단일로 - 기타,승용,남,41세,상해없음,보행자,남,48세,중상
2012052500100015,2012년 5월 25일 00시,금요일,제주특별자치도 제주시 노형동,경상사고,0,0,2,0,차대차 - 측면직각충돌,직진우회전진행방해,습기,비,교차로 - 교차로안,승용,남,41세,경상,승용,남,57세,경상
2012052500100035,2012년 5월 25일 01시,금요일,제주특별자치도 제주시 이도이동,경상사고,0,0,2,0,차대차 - 측면직각충돌,신호위반,습기,비,교차로 - 교차로안,승용,남,63세,경상,승용,남,24세,경상
2012052500100157,2012년 5월 25일 08시,금요일,제주특별자치도 제주시 노형동,경상사고,0,0,1,1,차대차 - 측면직각충돌,직진우회전진행방해,건조,맑음,교차로 - 교차로안,승용,여,38세,부상신고,승용,여,48세,경상
2012052500100195,2012년 5월 25일 09시,금요일,제주특별자치도 제주시 이도이동,경상사고,0,0,1,0,차대차 - 기타,교차로운행방법위반,건조,맑음,교차로 - 교차로안,화물,남,44세,상해없음,승용,남,42세,경상
2012052500100196,2012년 5월 25일 09시,금요일,제주특별자치도 서귀포시 신효동,경상사고,0,0,1,0,차대차 - 측면직각충돌,직진우회전진행방해,건조,맑음,교차로 - 교차로안,승용,남,29세,상해없음,승용,남,32세,경상
2012052500100197,2012년 5월 25일 09시,금요일,제주특별자치도 제주시 연동,경상사고,0,0,1,0,차량단독 - 공작물충돌,안전운전불이행,건조,흐림,교차로 - 교차로안,승용,남,24세,상해없음,,,,
2012052500100227,2012년 5월 25일 10시,금요일,제주특별자치도 제주시 아라이동,경상사고,0,0,2,0,차대차 - 기타,안전거리미확보,건조,맑음,교차로 - 교차로부근,화물,남,42세,상해없음,승용,여,25세,경상
2012052500100228,2012년 5월 25일 10시,금요일,제주특별자치도 제주시 노형동,경상사고,0,0,1,0,차대차 - 기타,안전거리미확보,건조,맑음,단일로 - 기타,승용,남,69세,상해없음,승용,여,32세,경상
2012052500100229,2012년 5월 25일 10시,금요일,제주특별자치도 제주시 한경면,경상사고,0,0,1,0,차대차 - 측면직각충돌,신호위반,건조,맑음,교차로 - 교차로안,승용,남,80세,경상,승용,남,53세,상해없음
2012052500100258,2012년 5월 25일 11시,금요일,제주특별자치도 제주시 이도이동,경상사고,0,0,1,0,차대차 - 기타,신호위반,건조,맑음,교차로 - 교차로안,승용,남,65세,상해없음,승용,남,52세,경상
2012052500100398,2012년 5월 25일 15시,금요일,제주특별자치도 제주시 봉개동,중상사고,0,1,1,0,차량단독 - 기타,안전운전불이행,건조,맑음,단일로 - 기타,승용,남,28세,경상,,,,
2012052500100430,2012년 5월 25일 16시,금요일,제주특별자치도 서귀포시 하효동,경상사고,0,0,1,0,차대차 - 측면직각충돌,안전운전불이행,건조,맑음,단일로 - 기타,화물,남,61세,상해없음,원동기,남,65세,경상
2012052500100472,2012년 5월 25일 17시,금요일,제주특별자치도 제주시 일도일동,경상사고,0,0,1,0,차대차 - 측면직각충돌,안전운전불이행,건조,맑음,교차로 - 교차로부근,승합,남,38세,상해없음,화물,남,21세,상해없음
2012052500100552,2012년 5월 25일 19시,금요일,제주특별자치도 제주시 한림읍,중상사고,0,1,0,0,차대차 - 추돌 - 진행중,중앙선침범,건조,맑음,단일로 - 기타,승용,여,48세,상해없음,승용,여,35세,상해없음
2012052500100553,2012년 5월 25일 19시,금요일,제주특별자치도 제주시 한림읍,경상사고,0,0,1,0,차대차 - 측면직각충돌,안전운전불이행,건조,맑음,단일로 - 기타,원동기,남,63세,경상,승용,남,30세,상해없음
2012052500100593,2012년 5월 25일 20시,금요일,제주특별자치도 제주시 노형동,중상사고,0,1,0,0,차대차 - 측면직각충돌,안전운전불이행,건조,맑음,단일로 - 기타,승용,남,33세,상해없음,원동기,남,30세,중상
2012052500100631,2012년 5월 25일 21시,금요일,제주특별자치도 제주시 연동,경상사고,0,0,1,0,차량단독 - 공작물충돌,안전운전불이행,건조,맑음,단일로 - 기타,화물,남,34세,경상,,,,
2012052500100672,2012년 5월 25일 22시,금요일,제주특별자치도 제주시 외도일동,경상사고,0,0,2,0,차대차 - 측면직각충돌,중앙선침범,건조,맑음,단일로 - 기타,승용,남,54세,상해없음,화물,남,36세,경상
2012052500100695,2012년 5월 25일 23시,금요일,제주특별자치도 서귀포시 중문동,부상신고사고,0,0,0,2,차대차 - 측면직각충돌,안전운전불이행,건조,맑음,교차로 - 교차로안,기타불명,기타불명,기타불명,기타불명,승용,여,29세,부상신고
2012052600100121,2012년 5월 26일 05시,토요일,제주특별자치도 제주시 한경면,중상사고,0,1,0,0,차대차 - 측면직각충돌,직진우회전진행방해,건조,맑음,교차로 - 교차로안,원동기,남,86세,중상,승용,남,54세,상해없음
2012052600100137,2012년 5월 26일 06시,토요일,제주특별자치도 서귀포시 표선면,중상사고,0,1,0,0,차대차 - 정면충돌,중앙선침범,건조,맑음,단일로 - 기타,승용,남,53세,상해없음,승용,남,53세,중상
2012052600100238,2012년 5월 26일 10시,토요일,제주특별자치도 제주시 애월읍,중상사고,0,2,1,1,차대차 - 측면직각충돌,안전운전불이행,건조,맑음,교차로 - 교차로안,승용,남,68세,경상,승용,남,42세,부상신고
2012052600100308,2012년 5월 26일 12시,토요일,제주특별자치도 서귀포시 남원읍,중상사고,0,1,0,0,차대차 - 기타,직진우회전진행방해,건조,맑음,교차로 - 교차로안,승용,여,34세,상해없음,이륜,남,76세,중상
2012052600100339,2012년 5월 26일 13시,토요일,제주특별자치도 제주시 구좌읍,중상사고,0,1,0,0,차대차 - 측면직각충돌,안전운전불이행,건조,맑음,교차로 - 교차로부근,승용,남,27세,상해없음,이륜,남,26세,중상
2012052600100412,2012년 5월 26일 15시,토요일,제주특별자치도 제주시 일도일동,중상사고,0,1,0,0,차대차 - 기타,안전운전불이행,건조,맑음,단일로 - 기타,승용,남,43세,상해없음,원동기,남,30세,중상
2012052600100451,2012년 5월 26일 16시,토요일,제주특별자치도 제주시 일도이동,경상사고,0,0,1,0,차대차 - 기타,교차로운행방법위반,건조,맑음,교차로 - 교차로안,승용,여,41세,상해없음,원동기,남,22세,경상
2012052600100480,2012년 5월 26일 17시,토요일,제주특별자치도 제주시 연동,경상사고,0,0,3,1,차대차 - 측면직각충돌,신호위반,건조,맑음,교차로 - 교차로안,승용,남,78세,상해없음,승용,남,34세,경상
2012052600100526,2012년 5월 26일 18시,토요일,제주특별자치도 제주시 건입동,경상사고,0,0,1,0,차대사람 - 기타,안전운전불이행,건조,맑음,단일로 - 기타,승용,남,43세,상해없음,보행자,남,7세,경상
2012052600100552,2012년 5월 26일 19시,토요일,제주특별자치도 제주시 애월읍,중상사고,0,1,3,0,차량단독 - 공작물충돌,안전운전불이행,건조,맑음,단일로 - 기타,승용,여,22세,경상,,,,
2012052600100659,2012년 5월 26일 22시,토요일,제주특별자치도 제주시 용담이동,경상사고,0,0,2,0,차대사람 - 횡단중,안전운전불이행,건조,흐림,단일로 - 기타,승용,여,53세,상해없음,보행자,여,15세,경상
2012052600100683,2012년 5월 26일 23시,토요일,제주특별자치도 제주시 용담일동,경상사고,0,0,2,0,차대차 - 기타,신호위반,건조,맑음,교차로 - 교차로안,승용,여,45세,상해없음,승용,남,60세,경상
2012052600100684,2012년 5월 26일 23시,토요일,제주특별자치도 제주시 삼양삼동,경상사고,0,0,3,0,차대차 - 기타,안전운전불이행,건조,맑음,교차로 - 교차로안,승용,남,63세,경상,승용,여,56세,경상
2012052700100066,2012년 5월 27일 02시,일요일,제주특별자치도 제주시 우도면,경상사고,0,0,1,0,차량단독 - 기타,안전운전불이행,건조,맑음,기타 - 기타,승용,여,33세,경상,,,,
2012052700100086,2012년 5월 27일 03시,일요일,제주특별자치도 제주시 오라삼동,경상사고,0,0,1,0,차량단독 - 기타,안전운전불이행,건조,맑음,교차로 - 교차로부근,승용,남,53세,상해없음,,,,
2012052700100099,2012년 5월 27일 04시,일요일,제주특별자치도 제주시 아라일동,중상사고,0,1,0,0,차량단독 - 기타,안전운전불이행,건조,맑음,단일로 - 기타,승용,남,57세,중상,,,,
2012052700100157,2012년 5월 27일 08시,일요일,제주특별자치도 서귀포시 남원읍,부상신고사고,0,0,0,1,차량단독 - 전도전복,안전운전불이행,건조,맑음,단일로 - 기타,승용,남,35세,부상신고,,,,
2012052700100247,2012년 5월 27일 12시,일요일,제주특별자치도 제주시 도남동,경상사고,0,0,2,0,차대차 - 측면직각충돌,안전거리미확보,건조,맑음,단일로 - 기타,승용,남,46세,경상,승용,여,41세,상해없음
2012052700100248,2012년 5월 27일 12시,일요일,제주특별자치도 제주시 용담이동,경상사고,0,0,2,0,차대차 - 측면직각충돌,신호위반,건조,맑음,교차로 - 교차로안,승용,여,34세,상해없음,승용,남,31세,경상
2012052700100306,2012년 5월 27일 14시,일요일,제주특별자치도 제주시 한림읍,경상사고,0,0,1,0,차량단독 - 기타,안전운전불이행,건조,맑음,단일로 - 기타,승용,남,40세,경상,,,,
2012052700100367,2012년 5월 27일 16시,일요일,제주특별자치도 제주시 삼양일동,경상사고,0,0,2,0,차대차 - 측면직각충돌,안전운전불이행,건조,맑음,교차로 - 교차로부근,농기계,남,43세,상해없음,승용,여,33세,경상
2012052700100396,2012년 5월 27일 17시,일요일,제주특별자치도 서귀포시 안덕면,부상신고사고,0,0,0,1,차량단독 - 공작물충돌,안전운전불이행,건조,맑음,단일로 - 기타,승용,남,26세,부상신고,,,,