사고번호,사고일시,요일,시군구,사고내용,사망자수,중상자수,경상자수,부상신고자수,사고유형,법규위반,노면상태,기상상태,도로형태,가해운전자 차종,가해운전자 성별,가해운전자 연령,가해운전자 상해정도,피해운전자 차종,피해운전자 성별,피해운전자 연령,피해운전자 상해정도
2012052800100123,2012년 5월 28일 08시,월요일,제주특별자치도 제주시 용담이동,경상사고,0,0,1,0,차대차 - 기타,교차로운행방법위반,건조,맑음,교차로 - 교차로안,승용,여,28세,상해없음,화물,여,53세,경상
2012052800100124,2012년 5월 28일 08시,월요일,제주특별자치도 제주시 한경면,경상사고,0,0,1,0,차량단독 - 기타,안전운전불이행,건조,맑음,단일로 - 기타,자전거,여,24세,경상,,,,
2012052800100139,2012년 5월 28일 09시,월요일,제주특별자치도 제주시 조천읍,경상사고,0,0,2,0,차대차 - 측면직각충돌,안전운전불이행,건조,맑음,교차로 - 교차로안,승용,남,39세,경상,화물,남,39세,경상
2012052800100166,2012년 5월 28일 10시,월요일,제주특별자치도 제주시 우도면,중상사고,0,1,0,0,차량단독 - 기타,안전운전불이행,기타,맑음,단일로 - 기타,이륜,남,21세,상해없음,,,,
2012052800100291,2012년 5월 28일 14시,월요일,제주특별자치도 제주시 이도이동,중상사고,0,1,0,0,차대차 - 측면직각충돌,교차로운행방법위반,건조,맑음,교차로 - 교차로안,승용,여,53세,상해없음,승용,남,36세,중상
2012052800100292,2012년 5월 28일 14시,월요일,제주특별자치도 제주시 조천읍,중상사고,0,1,0,0,차대차 - 추돌 - 진행중,안전거리미확보,건조,맑음,교차로 - 교차로부근,승합,남,41세,상해없음,승용,남,35세,중상
2012052800100328,2012년 5월 28일 15시,월요일,제주특별자치도 제주시 삼도이동,중상사고,0,1,0,0,차대차 - 기타,교차로운행방법위반,건조,맑음,교차로 - 교차로안,이륜,여,30세,중상,승용,남,37세,상해없음
2012052800100366,2012년 5월 28일 16시,월요일,제주특별자치도 서귀포시 대정읍,중상사고,0,2,1,0,차대차 - 기타,직진우회전진행방해,건조,맑음,교차로 - 교차로안,승용,남,32세,상해없음,농기계,남,67세,중상
2012052800100529,2012년 5월 28일 22시,월요일,제주특별자치도 제주시 애월읍,경상사고,0,0,2,0,차대차 - 측면직각충돌,안전운전불이행,건조,맑음,단일로 - 기타,승용,여,53세,상해없음,승용,남,44세,경상
2012052900100124,2012년 5월 29일 08시,화요일,제주특별자치도 서귀포시 남원읍,경상사고,0,0,2,0,차대차 - 기타,신호위반,건조,맑음,교차로 - 교차로안,화물,남,56세,경상,승합,남,35세,경상
2012052900100125,2012년 5월 29일 08시,화요일,제주특별자치도 제주시 한림읍,경상사고,0,0,2,0,차대차 - 측면직각충돌,직진우회전진행방해,건조,맑음,교차로 - 교차로안,승용,남,43세,경상,승용,여,26세,경상
2012052900100191,2012년 5월 29일 10시,화요일,제주특별자치도 제주시 삼도이동,경상사고,0,0,1,0,차대차 - 측면직각충돌,안전운전불이행,건조,맑음,단일로 - 기타,승용,남,57세,상해없음,이륜,남,35세,경상
2012052900100302,2012년 5월 29일 14시,화요일,제주특별자치도 제주시 구좌읍,중상사고,0,2,0,0,차대차 - 측면직각충돌,중앙선침범,건조,맑음,단일로 - 기타,화물,남,70세,상해없음,화물,남,52세,중상
2012052900100401,2012년 5월 29일 17시,화요일,제주특별자치도 제주시 이도이동,경상사고,0,0,2,0,차대차 - 측면직각충돌,교차로운행방법위반,건조,맑음,교차로 - 교차로안,승용,여,41세,경상,승용,여,35세,경상
2012052900100502,2012년 5월 29일 20시,화요일,제주특별자치도 제주시 이도이동,중상사고,0,1,1,0,차대차 - 측면직각충돌,교차로운행방법위반,건조,맑음,교차로 - 교차로안,승용,여,36세,경상,승용,여,35세,중상
2012052900100532,2012년 5월 29일 21시,화요일,제주특별자치도 서귀포시 안덕면,중상사고,0,1,0,0,차대차 - 기타,안전운전불이행,건조,맑음,단일로 - 기타,승용,남,25세,상해없음,화물,남,68세,중상
2012052900100533,2012년 5월 29일 21시,화요일,제주특별자치도 서귀포시 성산읍,부상신고사고,0,0,0,1,차량단독 - 기타,안전운전불이행,건조,맑음,단일로 - 기타,승용,남,20세,부상신고,,,,
2012052900100575,2012년 5월 29일 23시,화요일,제주특별자치도 서귀포시 안덕면,중상사고,0,1,0,0,차량단독 - 공작물충돌,안전운전불이행,건조,맑음,단일로 - 기타,원동기,남,31세,중상,,,,
2012053000100026,2012년 5월 30일 01시,수요일,제주특별자치도 제주시 연동,부상신고사고,0,0,0,1,차대사람 - 기타,안전운전불이행,건조,맑음,단일로 - 기타,승용,남,44세,상해없음,보행자,남,49세,부상신고
2012053000100111,2012년 5월 30일 08시,수요일,제주특별자치도 서귀포시 동홍동,경상사고,0,0,1,0,차대사람 - 보도통행중,기타,건조,맑음,기타 - 기타,승용,여,46세,상해없음,보행자,여,56세,경상
2012053000100112,2012년 5월 30일 08시,수요일,제주특별자치도 제주시 노형동,경상사고,0,0,2,0,차대차 - 측면직각충돌,직진우회전진행방해,건조,맑음,교차로 - 교차로안,승용,여,51세,경상,승용,남,41세,경상
2012053000100262,2012년 5월 30일 13시,수요일,제주특별자치도 제주시 이도이동,중상사고,0,1,1,0,차대사람 - 횡단중,신호위반,건조,맑음,교차로 - 교차로부근,자전거,남,31세,경상,보행자,여,77세,중상
2012053000100263,2012년 5월 30일 13시,수요일,제주특별자치도 서귀포시 중문동,경상사고,0,0,2,0,차대차 - 기타,안전운전불이행,건조,맑음,교차로 - 교차로안,승용,남,37세,경상,건설기계,남,43세,상해없음
2012053000100264,2012년 5월 30일 13시,수요일,제주특별자치도 제주시 애월읍,경상사고,0,0,2,0,차대차 - 측면직각충돌,신호위반,건조,맑음,교차로 - 교차로안,승용,여,41세,상해없음,승용,여,33세,경상
2012053000100276,2012년 5월 30일 14시,수요일,제주특별자치도 제주시 용담이동,경상사고,0,0,3,0,차대차 - 측면직각충돌,중앙선침범,건조,맑음,단일로 - 기타,승용,여,21세,상해없음,승합,남,45세,경상
2012053000100431,2012년 5월 30일 19시,수요일,제주특별자치도 서귀포시 법환동,중상사고,0,1,0,0,차대차 - 기타,신호위반,건조,맑음,교차로 - 교차로안,승용,남,26세,상해없음,승용,여,28세,중상
2012053000100530,2012년 5월 30일 22시,수요일,제주특별자치도 제주시 한림읍,중상사고,0,1,0,0,차대차 - 기타,안전운전불이행,건조,맑음,단일로 - 기타,원동기,남,34세,중상,농기계,남,41세,상해없음
2012053100100037,2012년 5월 31일 01시,목요일,제주특별자치도 제주시 도남동,중상사고,0,1,0,0,차대사람 - 횡단중,안전운전불이행,건조,맑음,단일로 - 기타,승용,남,57세,상해없음,보행자,남,69세,중상
2012053100100069,2012년 5월 31일 05시,목요일,제주특별자치도 서귀포시 하효동,경상사고,0,0,1,0,차대차 - 기타,안전운전불이행,건조,맑음,단일로 - 기타,승용,여,39세,경상,승용,남,42세,기타불명
2012053100100105,2012년 5월 31일 07시,목요일,제주특별자치도 제주시 연동,경상사고,0,0,1,0,차대사람 - 횡단중,신호위반,건조,맑음,교차로 - 교차로부근,승용,여,21세,상해없음,보행자,남,16세,경상
2012053100100211,2012년 5월 31일 11시,목요일,제주특별자치도 제주시 연동,중상사고,0,2,0,0,차대차 - 측면직각충돌,안전운전불이행,건조,맑음,단일로 - 기타,이륜,남,38세,중상,승용,남,27세,중상
2012053100100254,2012년 5월 31일 12시,목요일,제주특별자치도 제주시 삼도일동,경상사고,0,0,1,0,차대차 - 측면직각충돌,안전거리미확보,건조,맑음,단일로 - 기타,승용,여,46세,상해없음,승용,여,34세,경상
2012053100100283,2012년 5월 31일 13시,목요일,제주특별자치도 제주시 연동,중상사고,0,1,0,0,차대차 - 측면직각충돌,직진우회전진행방해,건조,맑음,교차로 - 교차로안,이륜,남,64세,중상,승용,여,60세,상해없음
2012053100100410,2012년 5월 31일 17시,목요일,제주특별자치도 제주시 조천읍,중상사고,0,1,4,0,차대차 - 측면직각충돌,교차로운행방법위반,건조,맑음,교차로 - 교차로안,화물,여,52세,경상,화물,남,44세,경상
2012053100100457,2012년 5월 31일 18시,목요일,제주특별자치도 제주시 노형동,중상사고,0,1,0,0,차대차 - 측면직각충돌,안전거리미확보,건조,맑음,단일로 - 기타,승합,남,58세,상해없음,화물,남,45세,중상
2012053100100526,2012년 5월 31일 20시,목요일,제주특별자치도 서귀포시 서귀동,경상사고,0,0,1,0,차대차 - 측면직각충돌,직진우회전진행방해,건조,맑음,교차로 - 교차로안,이륜,남,32세,경상,승용,여,30세,상해없음
2012060100100073,2012년 6월 1일 04시,금요일,제주특별자치도 제주시 연동,경상사고,0,0,1,0,차대차 - 추돌 - 진행중,안전운전불이행,건조,맑음,단일로 - 기타,화물,남,30세,상해없음,승용,남,39세,상해없음
2012060100100126,2012년 6월 1일 07시,금요일,제주특별자치도 제주시 삼도이동,경상사고,0,0,2,0,차대차 - 측면직각충돌,안전거리미확보,건조,맑음,단일로 - 기타,승용,남,30세,상해없음,화물,남,65세,경상
2012060100100127,2012년 6월 1일 07시,금요일,제주특별자치도 서귀포시 강정동,경상사고,0,0,1,1,차량단독 - 전도전복,안전운전불이행,건조,맑음,단일로 - 기타,승용,여,26세,부상신고,,,,
2012060100100287,2012년 6월 1일 12시,금요일,제주특별자치도 제주시 조천읍,경상사고,0,0,1,0,차대차 - 측면직각충돌,교차로운행방법위반,건조,맑음,교차로 - 교차로안,승용,여,39세,경상,화물,남,60세,상해없음
2012060100100343,2012년 6월 1일 14시,금요일,제주특별자치도 제주시 삼양일동,경상사고,0,0,1,0,차대차 - 측면직각충돌,신호위반,습기,맑음,교차로 - 교차로안,승용,남,68세,경상,승용,남,44세,상해없음
2012060100100408,2012년 6월 1일 16시,금요일,제주특별자치도 서귀포시 안덕면,경상사고,0,0,1,0,차대차 - 추돌 - 진행중,교차로운행방법위반,건조,맑음,교차로 - 교차로안,승용,남,30세,경상,승용,여,22세,상해없음
2012060100100447,2012년 6월 1일 17시,금요일,제주특별자치도 제주시 이도이동,중상사고,0,1,0,0,차대사람 - 횡단중,보행자보호의무위반,건조,맑음,단일로 - 횡단보도상,승용,여,48세,상해없음,보행자,남,11세,중상
2012060100100601,2012년 6월 1일 21시,금요일,제주특별자치도 제주시 용담이동,경상사고,0,0,1,0,차대사람 - 횡단중,안전운전불이행,건조,맑음,단일로 - 기타,승용,남,57세,상해없음,보행자,여,29세,경상
2012060100100632,2012년 6월 1일 22시,금요일,제주특별자치도 제주시 한림읍,경상사고,0,0,1,0,차대차 - 기타,안전거리미확보,건조,맑음,교차로 - 교차로부근,승용,남,30세,상해없음,승용,남,68세,상해없음
2012060100100673,2012년 6월 1일 23시,금요일,제주특별자치도 제주시 삼양일동,경상사고,0,0,1,0,차대차 - 측면직각충돌,안전운전불이행,건조,맑음,교차로 - 교차로부근,승용,남,42세,상해없음,승용,남,39세,경상
2012060200100157,2012년 6월 2일 08시,토요일,제주특별자치도 제주시 애월읍,경상사고,0,0,1,0,차대차 - 기타,안전운전불이행,건조,맑음,단일로 - 기타,화물,여,61세,상해없음,승용,남,42세,경상
2012060200100213,2012년 6월 2일 10시,토요일,제주특별자치도 제주시 건입동,경상사고,0,0,1,0,차대사람 - 횡단중,안전운전불이행,건조,맑음,단일로 - 기타,승용,남,49세,상해없음,보행자,남,5세,경상
2012060200100244,2012년 6월 2일 11시,토요일,제주특별자치도 제주시 우도면,경상사고,0,0,1,1,차대차 - 측면직각충돌,안전운전불이행,건조,흐림,단일로 - 기타,이륜,여,54세,부상신고,승용,남,47세,상해없음
2012060200100245,2012년 6월 2일 11시,토요일,제주특별자치도 제주시 이도이동,경상사고,0,0,1,0,차대사람 - 횡단중,안전운전불이행,건조,맑음,단일로 - 기타,승용,남,45세,상해없음,보행자,남,53세,경상
2012060200100246,2012년 6월 2일 11시,토요일,제주특별자치도 제주시 도남동,중상사고,0,1,0,0,차대사람 - 횡단중,안전운전불이행,건조,맑음,단일로 - 기타,승용,여,51세,상해없음,보행자,남,9세,중상
2012060200100247,2012년 6월 2일 11시,토요일,제주특별자치도 제주시 연동,경상사고,0,0,1,0,차대차 - 기타,신호위반,건조,맑음,교차로 - 교차로부근,승용,여,42세,상해없음,승용,여,39세,경상
2012060200100391,2012년 6월 2일 15시,토요일,제주특별자치도 서귀포시 강정동,중상사고,0,1,1,0,차량단독 - 도로외이탈 - 추락,안전운전불이행,건조,맑음,단일로 - 기타,화물,남,36세,상해없음,,,,
2012060200100392,2012년 6월 2일 15시,토요일,제주특별자치도 제주시 애월읍,경상사고,0,0,2,0,차대차 - 기타,안전운전불이행,건조,맑음,단일로 - 기타,화물,남,44세,상해없음,승용,남,25세,경상
2012060200100433,2012년 6월 2일 16시,토요일,제주특별자치도 제주시 이도이동,중상사고,0,1,2,0,차대차 - 측면직각충돌,안전운전불이행,건조,맑음,교차로 - 교차로안,이륜,남,49세,경상,승용,남,49세,경상
2012060200100434,2012년 6월 2일 16시,토요일,제주특별자치도 서귀포시 서홍동,경상사고,0,0,1,0,차대차 - 추돌 - 진행중,안전운전불이행,건조,맑음,단일로 - 기타,화물,남,45세,상해없음,원동기,여,23세,경상
2012060200100464,2012년 6월 2일 17시,토요일,제주특별자치도 제주시 용담일동,경상사고,0,0,1,0,차대차 - 측면직각충돌,안전운전불이행,건조,맑음,교차로 - 교차로부근,이륜,남,31세,경상,승용,여,43세,상해없음
2012060200100465,2012년 6월 2일 17시,토요일,제주특별자치도 제주시 노형동,경상사고,0,0,1,0,차대차 - 기타,기타,건조,맑음,단일로 - 기타,승용,여,49세,상해없음,이륜,남,37세,경상
2012060200100577,2012년 6월 2일 20시,토요일,제주특별자치도 제주시 도남동,중상사고,0,1,0,0,차대사람 - 횡단중,안전운전불이행,건조,맑음,단일로 - 기타,승용,남,58세,상해없음,보행자,남,38세,중상
2012060200100578,2012년 6월 2일 20시,토요일,제주특별자치도 서귀포시 서호동,중상사고,0,1,0,0,차대사람 - 기타,안전운전불이행,건조,맑음,단일로 - 기타,승용,여,36세,상해없음,보행자,남,61세,중상
2012060200100579,2012년 6월 2일 20시,토요일,제주특별자치도 서귀포시 안덕면,경상사고,0,0,3,0,차대차 - 추돌 - 진행중,직진우회전진행방해,건조,맑음,교차로 - 교차로안,승용,남,44세,상해없음,승합,남,38세,경상
2012060300100045,2012년 6월 3일 02시,일요일,제주특별자치도 제주시 한림읍,경상사고,0,0,1,0,차대차 - 측면직각충돌,직진우회전진행방해,건조,맑음,교차로 - 교차로안,승용,여,35세,상해없음,승용,남,40세,경상
2012060300100061,2012년 6월 3일 03시,일요일,제주특별자치도 제주시 봉개동,중상사고,0,1,0,0,차대차 - 측면직각충돌,중앙선침범,건조,맑음,단일로 - 기타,승용,남,24세,상해없음,승용,남,37세,중상
2012060300100129,2012년 6월 3일 08시,일요일,제주특별자치도 제주시 노형동,경상사고,0,0,2,0,차대차 - 기타,신호위반,건조,맑음,교차로 - 교차로안,화물,남,54세,상해없음,승용,남,51세,경상
2012060300100151,2012년 6월 3일 09시,일요일,제주특별자치도 제주시 연동,경상사고,0,0,1,0,차대차 - 측면직각충돌,직진우회전진행방해,건조,맑음,교차로 - 교차로안,승용,남,59세,상해없음,승용,남,52세,경상
2012060300100244,2012년 6월 3일 13시,일요일,제주특별자치도 서귀포시 상효동,중상사고,0,1,0,0,차대사람 - 기타,안전운전불이행,건조,맑음,교차로 - 교차로안,승용,여,55세,상해없음,보행자,여,77세,중상
2012060300100280,2012년 6월 3일 14시,일요일,제주특별자치도 서귀포시 서귀동,경상사고,0,0,1,0,차대사람 - 기타,안전운전불이행,건조,맑음,단일로 - 기타,승용,남,57세,상해없음,보행자,여,61세,경상
2012060300100435,2012년 6월 3일 19시,일요일,제주특별자치도 제주시 일도일동,경상사고,0,0,2,0,차대차 - 측면직각충돌,안전운전불이행,건조,맑음,단일로 - 기타,승용,여,38세,상해없음,승용,남,57세,경상
2012060300100506,2012년 6월 3일 21시,일요일,제주특별자치도 제주시 애월읍,경상사고,0,0,1,0,차량단독 - 기타,안전운전불이행,건조,맑음,단일로 - 기타,승용,남,51세,경상,,,,
2012060400100026,2012년 6월 4일 03시,월요일,제주특별자치도 제주시 연동,중상사고,0,1,0,0,차대차 - 측면직각충돌,직진우회전진행방해,건조,맑음,교차로 - 교차로안,승용,남,63세,상해없음,승용,남,40세,중상
2012060400100051,2012년 6월 4일 06시,월요일,제주특별자치도 제주시 삼도이동,경상사고,0,0,1,0,차대사람 - 횡단중,보행자보호의무위반,건조,맑음,교차로 - 교차로부근,원동기,남,22세,상해없음,보행자,여,72세,경상
2012060400100199,2012년 6월 4일 11시,월요일,제주특별자치도 제주시 조천읍,중상사고,0,3,0,0,차대차 - 측면직각충돌,교차로운행방법위반,기타,맑음,교차로 - 교차로안,승용,남,54세,상해없음,승용,남,54세,중상
2012060400100263,2012년 6월 4일 13시,월요일,제주특별자치도 서귀포시 표선면,경상사고,0,0,2,0,차대차 - 기타,신호위반,건조,맑음,교차로 - 교차로안,승합,남,52세,상해없음,승용,남,35세,경상
2012060400100370,2012년 6월 4일 16시,월요일,제주특별자치도 서귀포시 성산읍,중상사고,0,1,0,0,차대사람 - 기타,안전운전불이행,건조,맑음,교차로 - 교차로부근,승용,여,35세,상해없음,보행자,남,14세,중상
2012060400100442,2012년 6월 4일 18시,월요일,제주특별자치도 제주시 이도이동,경상사고,0,0,4,0,차대차 - 측면직각충돌,안전거리미확보,건조,맑음,단일로 - 기타,승용,남,64세,상해없음,승합,남,52세,상해없음
2012060400100443,2012년 6월 4일 18시,월요일,제주특별자치도 서귀포시 남원읍,중상사고,0,1,0,0,차대차 - 측면직각충돌,직진우회전진행방해,건조,맑음,교차로 - 교차로안,화물,남,40세,상해없음,승용,남,28세,중상
2012060400100569,2012년 6월 4일 22시,월요일,제주특별자치도 서귀포시 서귀동,중상사고,0,1,0,0,차대차 - 측면직각충돌,직진우회전진행방해,건조,흐림,교차로 - 교차로안,승용,남,57세,상해없음,원동기,남,57세,중상
2012060500100017,2012년 6월 5일 00시,화요일,제주특별자치도 제주시 연동,경상사고,0,0,1,0,차대차 - 기타,안전운전불이행,건조,맑음,단일로 - 기타,승용,남,40세,상해없음,승용,여,31세,경상
2012060500100056,2012년 6월 5일 04시,화요일,제주특별자치도 제주시 도남동,경상사고,0,0,3,0,차대차 - 측면직각충돌,중앙선침범,건조,맑음,교차로 - 교차로부근,승용,남,23세,상해없음,화물,남,44세,경상
2012060500100098,2012년 6월 5일 07시,화요일,제주특별자치도 제주시 아라일동,경상사고,0,0,1,0,차대차 - 측면직각충돌,안전거리미확보,건조,맑음,단일로 - 기타,승용,남,60세,상해없음,승용,여,42세,경상
2012060500100257,2012년 6월 5일 12시,화요일,제주특별자치도 제주시 애월읍,부상신고사고,0,0,0,1,차량단독 - 공작물충돌,안전운전불이행,건조,맑음,단일로 - 기타,승용,남,51세,부상신고,,,,
2012060500100306,2012년 6월 5일 14시,화요일,제주특별자치도 제주시 오라일동,경상사고,0,0,1,0,차대차 - 측면직각충돌,안전운전불이행,건조,맑음,단일로 - 기타,이륜,남,51세,경상,승용,여,26세,상해없음
2012060500100415,2012년 6월 5일 17시,화요일,제주특별자치도 제주시 용담이동,경상사고,0,0,1,0,차대차 - 측면직각충돌,안전운전불이행,건조,맑음,교차로 - 교차로안,승용,여,29세,상해없음,승용,남,52세,경상
2012060500100456,2012년 6월 5일 18시,화요일,제주특별자치도 제주시 조천읍,경상사고,0,0,1,0,차대차 - 측면직각충돌,신호위반,건조,맑음,교차로 - 교차로안,승용,남,49세,상해없음,승용,남,44세,경상
2012060500100487,2012년 6월 5일 19시,화요일,제주특별자치도 서귀포시 중문동,경상사고,0,0,2,0,차대차 - 기타,신호위반,건조,맑음,교차로 - 교차로안,승용,여,36세,상해없음,승용,남,59세,상해없음
2012060500100488,2012년 6월 5일 19시,화요일,제주특별자치도 제주시 이호이동,경상사고,0,0,1,0,차대차 - 측면직각충돌,기타,건조,맑음,단일로 - 기타,승용,남,34세,상해없음,승용,남,54세,경상
2012060500100660,2012년 6월 5일 23시,화요일,제주특별자치도 제주시 이도이동,경상사고,0,0,1,0,차대사람 - 횡단중,안전운전불이행,건조,맑음,교차로 - 교차로부근,승용,남,60세,상해없음,보행자,여,31세,경상
2012060600100080,2012년 6월 6일 03시,수요일,제주특별자치도 제주시 아라일동,경상사고,0,0,1,0,차대차 - 측면직각충돌,안전거리미확보,건조,맑음,교차로 - 교차로안,승용,남,35세,상해없음,승용,남,50세,경상
2012060600100081,2012년 6월 6일 03시,수요일,제주특별자치도 제주시 노형동,경상사고,0,0,1,0,차대사람 - 기타,안전운전불이행,건조,맑음,교차로 - 교차로부근,승용,남,35세,상해없음,보행자,남,46세,경상
2012060600100113,2012년 6월 6일 05시,수요일,제주특별자치도 제주시 노형동,부상신고사고,0,0,0,1,차대사람 - 기타,안전운전불이행,건조,맑음,단일로 - 기타,승용,기타불명,기타불명,기타불명,보행자,남,37세,부상신고
2012060600100125,2012년 6월 6일 06시,수요일,제주특별자치도 제주시 조천읍,경상사고,0,0,1,0,차대차 - 측면직각충돌,교차로운행방법위반,건조,맑음,교차로 - 교차로안,승용,남,43세,상해없음,농기계,남,65세,경상
2012060600100256,2012년 6월 6일 12시,수요일,제주특별자치도 제주시 오라삼동,경상사고,0,0,5,0,차대차 - 추돌 - 진행중,중앙선침범,건조,맑음,단일로 - 기타,승용,여,23세,상해없음,승합,남,29세,경상
2012060600100347,2012년 6월 6일 15시,수요일,제주특별자치도 제주시 삼도일동,경상사고,0,0,1,0,차대차 - 측면직각충돌,안전운전불이행,건조,맑음,교차로 - 교차로안,기타불명,기타불명,기타불명,기타불명,원동기,남,60세,경상
2012060600100348,2012년 6월 6일 15시,수요일,제주특별자치도 서귀포시 남원읍,경상사고,0,0,1,0,차량단독 - 전도전복,안전운전불이행,건조,맑음,단일로 - 기타,화물,남,33세,경상,,,,
2012060600100349,2012년 6월 6일 15시,수요일,제주특별자치도 제주시 내도동,부상신고사고,0,0,0,1,차대차 - 기타,안전운전불이행,건조,맑음,교차로 - 교차로안,기타불명,기타불명,기타불명,기타불명,자전거,남,10세,부상신고
2012060600100419,2012년 6월 6일 17시,수요일,제주특별자치도 제주시 조천읍,중상사고,0,2,0,0,차대차 - 측면직각충돌,교차로운행방법위반,건조,맑음,교차로 - 교차로안,승용,남,26세,상해없음,승용,남,65세,중상
2012060600100420,2012년 6월 6일 17시,수요일,제주특별자치도 서귀포시 서귀동,중상사고,0,1,0,0,차대차 - 추돌 - 진행중,안전운전불이행,건조,맑음,단일로 - 기타,승용,남,39세,상해없음,승용,남,50세,중상
2012060600100422,2012년 6월 6일 17시,수요일,제주특별자치도 제주시 용담이동,부상신고사고,0,0,0,1,차대차 - 추돌 - 진행중,안전운전불이행,건조,맑음,단일로 - 기타,승합,남,24세,부상신고,승합,남,38세,상해없음
2012060600100517,2012년 6월 6일 20시,수요일,제주특별자치도 제주시 삼도이동,경상사고,0,0,1,0,차대차 - 측면직각충돌,안전거리미확보,건조,맑음,단일로 - 기타,승용,남,57세,상해없음,승용,남,30세,경상
2012060700100024,2012년 6월 7일 02시,목요일,제주특별자치도 제주시 이도일동,경상사고,0,0,1,0,차대사람 - 길가장자리구역통행중,안전운전불이행,건조,맑음,단일로 - 기타,승용,남,29세,상해없음,보행자,남,31세,경상
2012060700100025,2012년 6월 7일 02시,목요일,제주특별자치도 제주시 이도이동,경상사고,0,0,2,0,차대차 - 측면직각충돌,신호위반,기타,맑음,교차로 - 교차로안,승용,여,42세,상해없음,승용,남,55세,경상
2012060700100128,2012년 6월 7일 08시,목요일,제주특별자치도 제주시 화북일동,경상사고,0,0,1,0,차대사람 - 횡단중,안전운전불이행,건조,맑음,단일로 - 기타,승용,여,29세,상해없음,보행자,여,28세,경상
2012060700100238,2012년 6월 7일 11시,목요일,제주특별자치도 제주시 조천읍,중상사고,0,1,0,0,차량단독 - 공작물충돌,안전운전불이행,건조,맑음,단일로 - 기타,화물,남,27세,상해없음,,,,
2012060700100239,2012년 6월 7일 11시,목요일,제주특별자치도 제주시 해안동,부상신고사고,0,0,0,1,차량단독 - 공작물충돌,안전운전불이행,건조,맑음,단일로 - 기타,화물,남,30세,부상신고,,,,
2012060700100272,2012년 6월 7일 12시,목요일,제주특별자치도 서귀포시 상효동,경상사고,0,0,1,0,차대차 - 기타,교차로운행방법위반,건조,맑음,교차로 - 교차로안,승합,남,58세,상해없음,승용,여,23세,경상
2012060700100319,2012년 6월 7일 14시,목요일,제주특별자치도 제주시 이도이동,경상사고,0,0,1,0,차대사람 - 횡단중,보행자보호의무위반,건조,맑음,단일로 - 횡단보도상,기타불명,기타불명,기타불명,기타불명,보행자,남,12세,경상
2012060700100382,2012년 6월 7일 16시,목요일,제주특별자치도 서귀포시 서귀동,경상사고,0,0,1,0,차대사람 - 횡단중,보행자보호의무위반,건조,맑음,교차로 - 교차로부근,승용,남,24세,상해없음,보행자,남,9세,경상
2012060700100566,2012년 6월 7일 21시,목요일,제주특별자치도 서귀포시 대정읍,경상사고,0,0,3,0,차대차 - 측면직각충돌,직진우회전진행방해,건조,흐림,교차로 - 교차로안,승용,남,56세,경상,승용,남,40세,경상
2012060800100098,2012년 6월 8일 05시,금요일,제주특별자치도 제주시 이도이동,경상사고,0,0,1,0,차대사람 - 횡단중,안전운전불이행,건조,맑음,단일로 - 기타,승용,남,33세,상해없음,보행자,남,25세,경상
2012060800100204,2012년 6월 8일 09시,금요일,제주특별자치도 제주시 이도이동,경상사고,0,0,1,0,차대차 - 측면직각충돌,교차로운행방법위반,건조,맑음,교차로 - 교차로안,승용,남,56세,상해없음,승용,남,60세,경상
2012060800100233,2012년 6월 8일 10시,금요일,제주특별자치도 제주시 조천읍,중상사고,0,1,0,0,차대차 - 측면직각충돌,안전운전불이행,건조,맑음,단일로 - 기타,승합,남,23세,상해없음,이륜,남,64세,중상
2012060800100261,2012년 6월 8일 11시,금요일,제주특별자치도 제주시 노형동,중상사고,0,1,0,0,차대사람 - 횡단중,안전운전불이행,건조,맑음,단일로 - 기타,승용,여,51세,상해없음,보행자,여,51세,중상
2012060800100282,2012년 6월 8일 12시,금요일,제주특별자치도 서귀포시 하효동,경상사고,0,0,2,0,차대차 - 측면직각충돌,직진우회전진행방해,건조,맑음,교차로 - 교차로안,화물,남,56세,경상,승용,남,46세,상해없음
2012060800100351,2012년 6월 8일 14시,금요일,제주특별자치도 제주시 구좌읍,경상사고,0,0,2,0,차대차 - 측면직각충돌,안전운전불이행,건조,맑음,교차로 - 교차로부근,승용,남,42세,상해없음,화물,남,73세,경상
2012060800100395,2012년 6월 8일 15시,금요일,제주특별자치도 서귀포시 강정동,부상신고사고,0,0,0,1,차대사람 - 기타,안전운전불이행,건조,맑음,단일로 - 기타,승용,남,25세,상해없음,보행자,남,30세,부상신고
2012060800100483,2012년 6월 8일 17시,금요일,제주특별자치도 제주시 이도이동,경상사고,0,0,2,0,차대사람 - 횡단중,보행자보호의무위반,건조,맑음,단일로 - 기타,화물,남,31세,상해없음,보행자,여,10세,경상
2012060800100626,2012년 6월 8일 20시,금요일,제주특별자치도 서귀포시 동홍동,사망사고,1,0,0,0,차대사람 - 기타,안전운전불이행,건조,흐림,단일로 - 기타,승용,남,41세,상해없음,보행자,남,49세,사망
2012060800100668,2012년 6월 8일 21시,금요일,제주특별자치도 제주시 화북일동,경상사고,0,0,1,0,차대차 - 측면직각충돌,안전운전불이행,건조,맑음,교차로 - 교차로부근,승용,여,52세,상해없음,승용,남,35세,경상