사고번호,사고일시,요일,시군구,사고내용,사망자수,중상자수,경상자수,부상신고자수,사고유형,법규위반,노면상태,기상상태,도로형태,가해운전자 차종,가해운전자 성별,가해운전자 연령,가해운전자 상해정도,피해운전자 차종,피해운전자 성별,피해운전자 연령,피해운전자 상해정도
2012062200100354,2012년 6월 22일 14시,금요일,제주특별자치도 제주시 구좌읍,사망사고,1,0,0,0,차량단독 - 공작물충돌,안전운전불이행,건조,맑음,기타 - 기타,농기계,남,56세,사망,,,,
2012062200100383,2012년 6월 22일 15시,금요일,제주특별자치도 서귀포시 하원동,중상사고,0,2,1,0,차대차 - 측면직각충돌,교차로운행방법위반,건조,맑음,교차로 - 교차로안,승용,남,30세,상해없음,승합,남,58세,경상
2012062200100423,2012년 6월 22일 16시,금요일,제주특별자치도 서귀포시 서귀동,경상사고,0,0,1,0,차대차 - 측면직각충돌,교차로운행방법위반,건조,맑음,교차로 - 교차로안,승용,여,41세,상해없음,이륜,남,33세,경상
2012062200100458,2012년 6월 22일 17시,금요일,제주특별자치도 서귀포시 서귀동,경상사고,0,0,1,0,차대차 - 정면충돌,중앙선침범,건조,맑음,단일로 - 기타,승용,여,38세,경상,건설기계,남,54세,상해없음
2012062200100459,2012년 6월 22일 17시,금요일,제주특별자치도 제주시 연동,경상사고,0,0,1,0,차대차 - 기타,교차로운행방법위반,건조,맑음,교차로 - 교차로안,승용,여,52세,상해없음,승용,남,61세,경상
2012062200100460,2012년 6월 22일 17시,금요일,제주특별자치도 제주시 도두이동,경상사고,0,0,2,0,차대차 - 기타,신호위반,건조,맑음,교차로 - 교차로안,승용,여,57세,상해없음,승용,여,39세,경상
2012062200100537,2012년 6월 22일 19시,금요일,제주특별자치도 서귀포시 서홍동,경상사고,0,0,1,0,차대사람 - 횡단중,신호위반,건조,맑음,단일로 - 횡단보도상,화물,여,54세,기타불명,보행자,여,11세,경상
2012062200100620,2012년 6월 22일 21시,금요일,제주특별자치도 서귀포시 하효동,경상사고,0,0,1,0,차대차 - 추돌 - 주정차중,안전운전불이행,건조,맑음,단일로 - 기타,승용,여,37세,경상,화물,남,47세,상해없음
2012062200100621,2012년 6월 22일 21시,금요일,제주특별자치도 제주시 연동,경상사고,0,0,1,0,차대차 - 기타,직진우회전진행방해,건조,맑음,교차로 - 교차로안,원동기,남,19세,경상,승용,남,51세,상해없음
2012062300100104,2012년 6월 23일 04시,토요일,제주특별자치도 제주시 삼도일동,중상사고,0,1,1,0,차대차 - 측면직각충돌,신호위반,건조,흐림,교차로 - 교차로안,원동기,남,23세,중상,승용,남,34세,경상
2012062300100261,2012년 6월 23일 11시,토요일,제주특별자치도 제주시 구좌읍,경상사고,0,0,1,0,차대차 - 측면직각충돌,안전운전불이행,건조,맑음,단일로 - 기타,화물,남,69세,기타불명,승용,남,30세,상해없음
2012062300100288,2012년 6월 23일 12시,토요일,제주특별자치도 제주시 노형동,부상신고사고,0,0,0,1,차대사람 - 횡단중,안전운전불이행,건조,맑음,교차로 - 교차로부근,승용,남,40세,상해없음,보행자,남,5세,부상신고
2012062300100318,2012년 6월 23일 13시,토요일,제주특별자치도 서귀포시 서귀동,경상사고,0,0,2,0,차대차 - 정면충돌,중앙선침범,건조,맑음,단일로 - 기타,승합,남,49세,상해없음,승용,남,45세,경상
2012062300100319,2012년 6월 23일 13시,토요일,제주특별자치도 제주시 도두이동,경상사고,0,0,1,0,차대차 - 추돌 - 진행중,안전거리미확보,건조,맑음,단일로 - 기타,승용,여,38세,상해없음,승용,남,29세,경상
2012062300100447,2012년 6월 23일 17시,토요일,제주특별자치도 제주시 용담일동,경상사고,0,0,2,0,차대차 - 측면직각충돌,안전거리미확보,건조,맑음,단일로 - 기타,승용,남,44세,상해없음,승용,남,58세,경상
2012062300100448,2012년 6월 23일 17시,토요일,제주특별자치도 서귀포시 강정동,경상사고,0,0,3,0,차대차 - 측면직각충돌,직진우회전진행방해,건조,맑음,교차로 - 교차로안,승용,남,32세,상해없음,승용,남,35세,경상
2012062300100449,2012년 6월 23일 17시,토요일,제주특별자치도 제주시 애월읍,경상사고,0,0,1,0,차대사람 - 횡단중,안전운전불이행,건조,맑음,기타 - 기타,승용,남,53세,상해없음,보행자,남,43세,경상
2012062300100586,2012년 6월 23일 21시,토요일,제주특별자치도 서귀포시 서호동,경상사고,0,0,2,0,차대차 - 기타,안전운전불이행,습기,비,교차로 - 교차로안,승용,남,65세,상해없음,승용,남,30세,경상
2012062300100616,2012년 6월 23일 22시,토요일,제주특별자치도 제주시 이도이동,중상사고,0,1,0,0,차대사람 - 횡단중,안전운전불이행,건조,맑음,교차로 - 교차로안,화물,남,56세,상해없음,보행자,여,59세,중상
2012062300100642,2012년 6월 23일 23시,토요일,제주특별자치도 제주시 노형동,중상사고,0,1,0,0,차대차 - 기타,안전운전불이행,건조,맑음,단일로 - 기타,승용,남,41세,상해없음,원동기,남,19세,중상
2012062400100040,2012년 6월 24일 01시,일요일,제주특별자치도 서귀포시 서귀동,경상사고,0,0,1,0,차대사람 - 횡단중,보행자보호의무위반,습기,비,단일로 - 횡단보도상,원동기,남,21세,기타불명,보행자,여,24세,경상
2012062400100116,2012년 6월 24일 08시,일요일,제주특별자치도 서귀포시 표선면,중상사고,0,2,0,1,차대차 - 측면직각충돌,신호위반,습기,비,교차로 - 교차로안,승용,남,60세,부상신고,승용,남,49세,중상
2012062400100180,2012년 6월 24일 11시,일요일,제주특별자치도 제주시 화북일동,중상사고,0,1,0,0,차량단독 - 공작물충돌,기타,건조,맑음,단일로 - 기타,승합,남,51세,상해없음,,,,
2012062500100092,2012년 6월 25일 07시,월요일,제주특별자치도 서귀포시 동홍동,중상사고,0,1,2,0,차대차 - 기타,안전운전불이행,건조,맑음,교차로 - 교차로안,기타불명,기타불명,기타불명,기타불명,승용,남,43세,상해없음
2012062500100123,2012년 6월 25일 08시,월요일,제주특별자치도 제주시 오라일동,경상사고,0,0,1,0,차대차 - 측면직각충돌,교차로운행방법위반,건조,맑음,교차로 - 교차로안,승용,남,23세,상해없음,승용,남,64세,경상
2012062500100256,2012년 6월 25일 12시,월요일,제주특별자치도 제주시 용담이동,중상사고,0,1,0,5,차대차 - 측면직각충돌,직진우회전진행방해,건조,맑음,교차로 - 교차로안,승용,여,22세,부상신고,승용,여,41세,중상
2012062500100282,2012년 6월 25일 13시,월요일,제주특별자치도 제주시 일도이동,경상사고,0,0,1,0,차대사람 - 횡단중,보행자보호의무위반,건조,맑음,단일로 - 횡단보도상,화물,남,41세,상해없음,보행자,여,70세,경상
2012062500100283,2012년 6월 25일 13시,월요일,제주특별자치도 제주시 연동,경상사고,0,0,1,0,차대차 - 측면직각충돌,안전운전불이행,건조,맑음,교차로 - 교차로부근,승용,여,42세,상해없음,이륜,남,31세,경상
2012062500100325,2012년 6월 25일 14시,월요일,제주특별자치도 제주시 조천읍,중상사고,0,1,0,0,차대차 - 측면직각충돌,중앙선침범,건조,맑음,단일로 - 기타,이륜,남,21세,중상,승용,남,39세,상해없음
2012062500100392,2012년 6월 25일 16시,월요일,제주특별자치도 제주시 이도이동,경상사고,0,0,2,0,차대차 - 측면직각충돌,안전운전불이행,건조,맑음,단일로 - 기타,이륜,남,25세,상해없음,승용,남,39세,경상
2012062500100430,2012년 6월 25일 17시,월요일,제주특별자치도 서귀포시 강정동,중상사고,0,1,0,0,차대사람 - 횡단중,안전운전불이행,건조,맑음,단일로 - 기타,승용,여,33세,상해없음,보행자,여,8세,중상
2012062500100431,2012년 6월 25일 17시,월요일,제주특별자치도 서귀포시 대정읍,부상신고사고,0,0,0,1,차대사람 - 기타,안전운전불이행,건조,맑음,교차로 - 교차로안,원동기,여,43세,부상신고,보행자,여,76세,상해없음
2012062500100432,2012년 6월 25일 17시,월요일,제주특별자치도 제주시 연동,중상사고,0,1,1,0,차대차 - 추돌 - 진행중,직진우회전진행방해,건조,맑음,교차로 - 교차로안,승용,남,33세,상해없음,승용,남,48세,중상
2012062500100486,2012년 6월 25일 18시,월요일,제주특별자치도 제주시 노형동,경상사고,0,0,2,0,차대차 - 추돌 - 주정차중,안전운전불이행,건조,맑음,단일로 - 기타,승합,여,49세,기타불명,승용,남,36세,상해없음
2012062500100525,2012년 6월 25일 19시,월요일,제주특별자치도 서귀포시 표선면,중상사고,0,1,1,0,차대차 - 측면직각충돌,직진우회전진행방해,건조,맑음,교차로 - 교차로안,이륜,남,65세,경상,승용,여,23세,상해없음
2012062500100566,2012년 6월 25일 20시,월요일,제주특별자치도 제주시 도두일동,경상사고,0,0,1,0,차대차 - 측면직각충돌,중앙선침범,건조,맑음,단일로 - 기타,승용,남,60세,상해없음,자전거,남,45세,경상
2012062500100648,2012년 6월 25일 23시,월요일,제주특별자치도 제주시 노형동,경상사고,0,0,1,0,차대차 - 측면직각충돌,교차로운행방법위반,건조,맑음,교차로 - 교차로안,승용,여,44세,경상,승용,남,62세,상해없음
2012062600100197,2012년 6월 26일 10시,화요일,제주특별자치도 서귀포시 안덕면,중상사고,0,1,0,0,차대차 - 측면직각충돌,직진우회전진행방해,건조,맑음,교차로 - 교차로안,화물,남,26세,중상,건설기계,남,51세,상해없음
2012062600100225,2012년 6월 26일 11시,화요일,제주특별자치도 서귀포시 대정읍,경상사고,0,0,1,0,차대차 - 추돌 - 진행중,안전운전불이행,건조,맑음,교차로 - 교차로부근,자전거,여,54세,경상,화물,남,85세,상해없음
2012062600100245,2012년 6월 26일 12시,화요일,제주특별자치도 제주시 연동,경상사고,0,0,3,1,차대차 - 측면직각충돌,신호위반,습기,비,교차로 - 교차로안,승용,남,25세,상해없음,승용,여,39세,경상
2012062600100246,2012년 6월 26일 12시,화요일,제주특별자치도 제주시 노형동,경상사고,0,0,1,0,차대차 - 측면직각충돌,직진우회전진행방해,습기,비,교차로 - 교차로안,승용,여,35세,상해없음,이륜,남,21세,경상
2012062600100264,2012년 6월 26일 13시,화요일,제주특별자치도 제주시 외도일동,중상사고,0,1,0,0,차대사람 - 횡단중,보행자보호의무위반,습기,비,교차로 - 교차로부근,승용,남,59세,상해없음,보행자,남,70세,중상
2012062600100307,2012년 6월 26일 14시,화요일,제주특별자치도 서귀포시 하원동,부상신고사고,0,0,0,1,차량단독 - 기타,안전운전불이행,습기,비,단일로 - 기타,승용,여,21세,부상신고,,,,
2012062600100308,2012년 6월 26일 14시,화요일,제주특별자치도 제주시 한경면,중상사고,0,1,1,0,차대차 - 측면직각충돌,안전운전불이행,건조,흐림,단일로 - 기타,원동기,여,28세,중상,원동기,여,27세,경상
2012062600100373,2012년 6월 26일 16시,화요일,제주특별자치도 서귀포시 서홍동,경상사고,0,0,1,0,차대차 - 측면직각충돌,직진우회전진행방해,습기,비,교차로 - 교차로안,승용,남,44세,상해없음,승용,남,61세,경상
2012062600100410,2012년 6월 26일 17시,화요일,제주특별자치도 제주시 아라일동,경상사고,0,0,1,0,차대차 - 측면직각충돌,중앙선침범,습기,비,단일로 - 기타,승용,남,32세,상해없음,승용,여,56세,경상
2012062600100411,2012년 6월 26일 17시,화요일,제주특별자치도 제주시 도평동,중상사고,0,1,0,0,차대사람 - 기타,안전운전불이행,습기,비,단일로 - 기타,승용,여,47세,상해없음,보행자,여,89세,중상
2012062600100483,2012년 6월 26일 19시,화요일,제주특별자치도 제주시 일도이동,경상사고,0,0,1,0,차대차 - 측면직각충돌,안전운전불이행,습기,비,단일로 - 기타,승용,남,48세,상해없음,화물,남,37세,경상
2012062600100484,2012년 6월 26일 19시,화요일,제주특별자치도 제주시 연동,중상사고,0,1,0,0,차대사람 - 기타,기타,습기,비,교차로 - 교차로부근,승용,남,41세,상해없음,보행자,여,49세,중상
2012062600100485,2012년 6월 26일 19시,화요일,제주특별자치도 제주시 노형동,중상사고,0,1,0,0,차대차 - 기타,안전운전불이행,습기,비,단일로 - 기타,승용,여,39세,중상,승용,남,46세,상해없음
2012062600100509,2012년 6월 26일 20시,화요일,제주특별자치도 제주시 오라일동,중상사고,0,3,3,0,차대차 - 측면직각충돌,중앙선침범,습기,비,교차로 - 교차로부근,화물,남,33세,상해없음,승용,남,63세,중상
2012062600100510,2012년 6월 26일 20시,화요일,제주특별자치도 서귀포시 표선면,중상사고,0,3,1,0,차대차 - 추돌 - 주정차중,안전운전불이행,습기,비,단일로 - 기타,승용,남,58세,상해없음,승용,여,57세,경상
2012062600100576,2012년 6월 26일 22시,화요일,제주특별자치도 제주시 노형동,부상신고사고,0,0,0,1,차대차 - 추돌 - 진행중,안전운전불이행,습기,비,교차로 - 교차로부근,승용,남,46세,상해없음,이륜,남,21세,부상신고
2012062700100022,2012년 6월 27일 00시,수요일,제주특별자치도 제주시 화북일동,경상사고,0,0,1,0,차대사람 - 횡단중,보행자보호의무위반,습기,비,교차로 - 교차로부근,기타불명,기타불명,기타불명,기타불명,보행자,남,18세,경상
2012062700100047,2012년 6월 27일 01시,수요일,제주특별자치도 제주시 이도일동,중상사고,0,1,0,0,차대사람 - 횡단중,안전운전불이행,습기,비,교차로 - 교차로부근,승용,여,54세,기타불명,보행자,남,36세,중상
2012062700100061,2012년 6월 27일 02시,수요일,제주특별자치도 서귀포시 남원읍,중상사고,0,1,0,0,차량단독 - 공작물충돌,안전운전불이행,습기,비,단일로 - 기타,승용,남,33세,중상,,,,
2012062700100072,2012년 6월 27일 03시,수요일,제주특별자치도 제주시 이도이동,경상사고,0,0,1,0,차대차 - 측면직각충돌,안전운전불이행,습기,비,교차로 - 교차로부근,승용,남,34세,상해없음,승용,남,32세,경상
2012062700100207,2012년 6월 27일 09시,수요일,제주특별자치도 제주시 도남동,경상사고,0,0,1,0,차대차 - 측면직각충돌,교차로운행방법위반,적설,비,교차로 - 교차로안,이륜,남,74세,경상,승용,남,31세,상해없음
2012062700100208,2012년 6월 27일 09시,수요일,제주특별자치도 서귀포시 동홍동,경상사고,0,0,1,0,차대차 - 측면직각충돌,기타,건조,맑음,교차로 - 교차로안,승용,여,25세,상해없음,승용,여,40세,경상
2012062700100209,2012년 6월 27일 09시,수요일,제주특별자치도 제주시 도두이동,경상사고,0,0,1,0,차대차 - 기타,안전운전불이행,건조,맑음,단일로 - 기타,건설기계,남,31세,기타불명,승용,여,28세,경상
2012062700100307,2012년 6월 27일 13시,수요일,제주특별자치도 제주시 연동,경상사고,0,0,1,0,차대차 - 측면직각충돌,중앙선침범,건조,맑음,단일로 - 기타,승용,여,22세,상해없음,승용,남,74세,상해없음
2012062700100383,2012년 6월 27일 15시,수요일,제주특별자치도 서귀포시 중문동,경상사고,0,0,1,0,차대사람 - 횡단중,보행자보호의무위반,건조,맑음,단일로 - 횡단보도상,승용,남,41세,상해없음,보행자,남,7세,경상
2012062700100634,2012년 6월 27일 22시,수요일,제주특별자치도 제주시 삼도일동,경상사고,0,0,2,0,차대차 - 측면직각충돌,신호위반,건조,맑음,교차로 - 교차로안,승용,남,54세,상해없음,승용,남,49세,상해없음
2012062700100664,2012년 6월 27일 23시,수요일,제주특별자치도 서귀포시 중문동,중상사고,0,1,0,0,차대차 - 기타,직진우회전진행방해,건조,맑음,교차로 - 교차로안,승용,남,31세,상해없음,이륜,남,18세,중상
2012062800100021,2012년 6월 28일 00시,목요일,제주특별자치도 제주시 노형동,경상사고,0,0,2,0,차대사람 - 횡단중,보행자보호의무위반,건조,맑음,교차로 - 교차로안,승용,남,32세,기타불명,보행자,여,17세,경상
2012062800100078,2012년 6월 28일 05시,목요일,제주특별자치도 제주시 삼도이동,경상사고,0,0,1,0,차대차 - 측면직각충돌,안전운전불이행,습기,비,단일로 - 기타,승용,남,30세,상해없음,승용,남,44세,상해없음
2012062800100116,2012년 6월 28일 07시,목요일,제주특별자치도 제주시 일도이동,중상사고,0,1,0,0,차대사람 - 횡단중,보행자보호의무위반,습기,비,단일로 - 횡단보도상,화물,여,47세,상해없음,보행자,여,13세,중상
2012062800100117,2012년 6월 28일 07시,목요일,제주특별자치도 서귀포시 동홍동,부상신고사고,0,0,0,1,차대차 - 측면직각충돌,직진우회전진행방해,습기,비,교차로 - 교차로안,승용,남,49세,부상신고,승합,남,59세,상해없음
2012062800100284,2012년 6월 28일 12시,목요일,제주특별자치도 서귀포시 동홍동,부상신고사고,0,0,0,1,차대차 - 기타,안전운전불이행,건조,흐림,교차로 - 교차로안,원동기,남,84세,부상신고,승용,남,43세,상해없음
2012062800100308,2012년 6월 28일 13시,목요일,제주특별자치도 제주시 외도일동,중상사고,0,1,0,0,차대차 - 측면직각충돌,신호위반,건조,맑음,교차로 - 교차로안,화물,남,55세,상해없음,승용,여,50세,중상
2012062800100409,2012년 6월 28일 17시,목요일,제주특별자치도 서귀포시 남원읍,중상사고,0,1,0,2,차대차 - 추돌 - 주정차중,안전운전불이행,건조,흐림,단일로 - 기타,승용,남,22세,상해없음,화물,남,36세,상해없음
2012062800100410,2012년 6월 28일 17시,목요일,제주특별자치도 제주시 노형동,경상사고,0,0,1,0,차대차 - 측면직각충돌,직진우회전진행방해,건조,맑음,교차로 - 교차로안,승용,남,65세,상해없음,승용,여,27세,경상
2012062800100437,2012년 6월 28일 18시,목요일,제주특별자치도 제주시 구좌읍,사망사고,1,1,0,0,차대차 - 기타,과속,건조,맑음,교차로 - 교차로안,승용,남,60세,상해없음,농기계,남,71세,중상
2012062800100500,2012년 6월 28일 20시,목요일,제주특별자치도 제주시 화북이동,경상사고,0,0,2,0,차대차 - 추돌 - 진행중,신호위반,건조,맑음,교차로 - 교차로안,승용,남,23세,상해없음,승용,남,55세,경상
2012062800100529,2012년 6월 28일 21시,목요일,제주특별자치도 제주시 연동,부상신고사고,0,0,0,1,차대사람 - 횡단중,보행자보호의무위반,건조,맑음,단일로 - 횡단보도상,승용,여,53세,상해없음,보행자,남,67세,부상신고
2012062900100024,2012년 6월 29일 00시,금요일,제주특별자치도 제주시 한경면,경상사고,0,0,1,0,차대차 - 기타,안전거리미확보,건조,흐림,단일로 - 기타,승합,남,55세,상해없음,승용,남,44세,상해없음
2012062900100052,2012년 6월 29일 01시,금요일,제주특별자치도 제주시 이도일동,중상사고,0,1,0,0,차량단독 - 공작물충돌,안전운전불이행,건조,맑음,교차로 - 교차로부근,승용,여,54세,중상,,,,
2012062900100238,2012년 6월 29일 10시,금요일,제주특별자치도 제주시 애월읍,경상사고,0,0,1,0,차대사람 - 기타,안전운전불이행,습기,비,단일로 - 기타,승용,남,30세,상해없음,보행자,남,28세,경상
2012062900100268,2012년 6월 29일 11시,금요일,제주특별자치도 제주시 구좌읍,중상사고,0,1,0,0,차대차 - 측면직각충돌,안전운전불이행,습기,비,단일로 - 기타,승용,남,67세,상해없음,화물,남,64세,상해없음
2012062900100294,2012년 6월 29일 12시,금요일,제주특별자치도 제주시 일도이동,중상사고,0,1,0,0,차대사람 - 횡단중,안전운전불이행,습기,비,단일로 - 횡단보도부근,승용,남,52세,상해없음,보행자,남,67세,중상
2012062900100355,2012년 6월 29일 14시,금요일,제주특별자치도 제주시 연동,경상사고,0,0,1,0,차대차 - 추돌 - 진행중,안전거리미확보,습기,비,단일로 - 기타,건설기계,남,37세,상해없음,승용,남,31세,경상
2012062900100546,2012년 6월 29일 19시,금요일,제주특별자치도 서귀포시 표선면,경상사고,0,0,1,0,차대차 - 측면직각충돌,직진우회전진행방해,습기,비,교차로 - 교차로안,승용,남,54세,상해없음,승용,남,46세,상해없음
2012062900100657,2012년 6월 29일 21시,금요일,제주특별자치도 제주시 도남동,중상사고,0,1,0,0,차대차 - 측면직각충돌,안전운전불이행,습기,비,교차로 - 교차로부근,승용,남,38세,상해없음,승용,남,32세,중상
2012062900100658,2012년 6월 29일 21시,금요일,제주특별자치도 제주시 도평동,경상사고,0,0,2,0,차대차 - 기타,안전운전불이행,건조,흐림,교차로 - 교차로부근,승용,남,51세,상해없음,승합,남,38세,경상
2012062900100739,2012년 6월 29일 22시,금요일,제주특별자치도 제주시 삼도이동,중상사고,0,1,0,0,차대사람 - 횡단중,보행자보호의무위반,습기,흐림,단일로 - 기타,승용,여,31세,상해없음,보행자,남,13세,중상
2012062900100815,2012년 6월 29일 23시,금요일,제주특별자치도 제주시 도남동,중상사고,0,2,1,0,차대차 - 측면직각충돌,신호위반,습기,비,교차로 - 교차로안,승용,남,51세,중상,승용,남,41세,경상
2012063000100099,2012년 6월 30일 01시,토요일,제주특별자치도 제주시 조천읍,경상사고,0,0,2,0,차대차 - 측면직각충돌,교차로운행방법위반,건조,흐림,교차로 - 교차로안,승용,여,29세,경상,승용,남,39세,경상
2012063000100245,2012년 6월 30일 05시,토요일,제주특별자치도 제주시 오라일동,경상사고,0,0,1,0,차대차 - 추돌 - 주정차중,안전운전불이행,건조,맑음,단일로 - 기타,화물,남,29세,상해없음,승용,남,49세,경상
2012063000100292,2012년 6월 30일 08시,토요일,제주특별자치도 서귀포시 중문동,중상사고,0,2,0,0,차대차 - 기타,안전운전불이행,습기,비,단일로 - 기타,승용,여,41세,중상,화물,남,72세,중상
2012063000100364,2012년 6월 30일 11시,토요일,제주특별자치도 제주시 이도일동,경상사고,0,0,1,0,차대차 - 측면직각충돌,안전운전불이행,건조,흐림,교차로 - 교차로부근,화물,남,28세,상해없음,화물,남,30세,경상
2012063000100365,2012년 6월 30일 11시,토요일,제주특별자치도 서귀포시 법환동,경상사고,0,0,1,0,차대차 - 기타,신호위반,습기,흐림,교차로 - 교차로부근,승용,여,28세,상해없음,원동기,남,31세,경상
2012063000100444,2012년 6월 30일 14시,토요일,제주특별자치도 서귀포시 안덕면,중상사고,0,1,0,0,차대차 - 측면직각충돌,직진우회전진행방해,습기,안개,교차로 - 교차로안,승용,여,29세,중상,승합,남,63세,상해없음
2012063000100548,2012년 6월 30일 17시,토요일,제주특별자치도 제주시 구좌읍,중상사고,0,4,0,0,차대차 - 측면직각충돌,교차로운행방법위반,건조,맑음,교차로 - 교차로안,승용,남,41세,상해없음,승용,여,36세,상해없음
2012063000100549,2012년 6월 30일 17시,토요일,제주특별자치도 제주시 애월읍,중상사고,0,2,2,0,차대사람 - 길가장자리구역통행중,안전운전불이행,건조,맑음,단일로 - 기타,승합,남,29세,상해없음,보행자,남,47세,경상
2012063000100579,2012년 6월 30일 18시,토요일,제주특별자치도 제주시 이도이동,경상사고,0,0,4,0,차대차 - 측면직각충돌,안전운전불이행,건조,맑음,단일로 - 기타,승용,남,55세,상해없음,승용,여,27세,상해없음
2012063000100580,2012년 6월 30일 18시,토요일,제주특별자치도 서귀포시 중문동,경상사고,0,0,1,0,차대차 - 추돌 - 진행중,안전운전불이행,습기,비,단일로 - 기타,기타불명,기타불명,기타불명,기타불명,원동기,여,28세,경상
2012063000100620,2012년 6월 30일 19시,토요일,제주특별자치도 제주시 구좌읍,경상사고,0,0,4,0,차대차 - 측면직각충돌,교차로운행방법위반,건조,맑음,교차로 - 교차로안,승용,남,25세,상해없음,승용,남,26세,경상
2012063000100666,2012년 6월 30일 20시,토요일,제주특별자치도 제주시 노형동,중상사고,0,1,0,0,차대사람 - 횡단중,안전운전불이행,건조,맑음,단일로 - 기타,승용,여,41세,상해없음,보행자,여,40세,중상
2012063000100667,2012년 6월 30일 20시,토요일,제주특별자치도 제주시 연동,경상사고,0,0,1,1,차대사람 - 기타,안전운전불이행,건조,맑음,단일로 - 기타,원동기,남,33세,부상신고,보행자,여,42세,경상
2012063000100723,2012년 6월 30일 21시,토요일,제주특별자치도 서귀포시 중문동,경상사고,0,0,1,0,차대사람 - 기타,중앙선침범,습기,비,단일로 - 기타,승용,여,47세,상해없음,보행자,남,38세,경상
2012063000100724,2012년 6월 30일 21시,토요일,제주특별자치도 서귀포시 동홍동,중상사고,0,1,0,0,차대사람 - 횡단중,보행자보호의무위반,습기,흐림,교차로 - 교차로부근,승용,남,49세,상해없음,보행자,남,57세,중상
2012063000100810,2012년 6월 30일 23시,토요일,제주특별자치도 제주시 노형동,부상신고사고,0,0,0,1,차대사람 - 기타,보행자보호의무위반,습기,비,단일로 - 기타,승용,남,28세,상해없음,보행자,남,45세,부상신고
2012070100100020,2012년 7월 1일 00시,일요일,제주특별자치도 제주시 이도일동,중상사고,0,1,0,0,차대사람 - 횡단중,안전운전불이행,습기,비,단일로 - 기타,승용,남,34세,상해없음,보행자,남,41세,중상
2012070100100159,2012년 7월 1일 09시,일요일,제주특별자치도 제주시 오라일동,중상사고,0,1,0,0,차대사람 - 횡단중,보행자보호의무위반,건조,흐림,기타 - 기타,승용,남,65세,상해없음,보행자,남,73세,중상
2012070100100160,2012년 7월 1일 09시,일요일,제주특별자치도 서귀포시 하효동,부상신고사고,0,0,0,1,차대차 - 기타,중앙선침범,건조,맑음,단일로 - 기타,화물,남,52세,상해없음,자전거,남,34세,부상신고
2012070100100190,2012년 7월 1일 11시,일요일,제주특별자치도 제주시 봉개동,경상사고,0,0,4,0,차대차 - 측면직각충돌,안전거리미확보,건조,흐림,교차로 - 교차로안,승용,남,62세,경상,건설기계,남,30세,경상
2012070100100216,2012년 7월 1일 12시,일요일,제주특별자치도 제주시 아라일동,경상사고,0,0,3,0,차대차 - 측면직각충돌,차로위반,습기,비,단일로 - 기타,승합,남,60세,상해없음,승용,여,23세,상해없음
2012070100100330,2012년 7월 1일 16시,일요일,제주특별자치도 제주시 봉개동,경상사고,0,0,1,0,차대차 - 측면직각충돌,안전운전불이행,습기,비,교차로 - 교차로부근,이륜,남,28세,경상,승용,남,38세,상해없음
2012070100100363,2012년 7월 1일 17시,일요일,제주특별자치도 제주시 아라일동,중상사고,0,1,1,0,차대차 - 측면직각충돌,중앙선침범,적설,비,단일로 - 기타,승합,남,39세,상해없음,승용,남,59세,경상
2012070100100364,2012년 7월 1일 17시,일요일,제주특별자치도 제주시 화북이동,경상사고,0,0,1,0,차대차 - 측면직각충돌,안전운전불이행,건조,흐림,교차로 - 교차로부근,승용,남,35세,상해없음,승용,남,47세,경상
2012070100100413,2012년 7월 1일 19시,일요일,제주특별자치도 제주시 이도이동,경상사고,0,0,1,0,차대사람 - 횡단중,안전운전불이행,건조,맑음,단일로 - 기타,승용,남,59세,상해없음,보행자,남,10세,경상
2012070100100444,2012년 7월 1일 20시,일요일,제주특별자치도 제주시 노형동,경상사고,0,0,1,0,차대사람 - 횡단중,안전운전불이행,습기,비,교차로 - 교차로안,승합,남,38세,상해없음,보행자,남,41세,경상
2012070100100490,2012년 7월 1일 22시,일요일,제주특별자치도 제주시 일도이동,중상사고,0,1,0,0,차대사람 - 횡단중,보행자보호의무위반,기타,비,단일로 - 기타,승용,여,45세,상해없음,보행자,여,15세,중상
2012070200100046,2012년 7월 2일 04시,월요일,제주특별자치도 제주시 조천읍,중상사고,0,1,1,0,차대차 - 측면직각충돌,교차로운행방법위반,건조,흐림,교차로 - 교차로안,승용,남,54세,상해없음,승용,남,75세,경상
2012070200100065,2012년 7월 2일 06시,월요일,제주특별자치도 서귀포시 남원읍,경상사고,0,0,3,0,차량단독 - 공작물충돌,안전운전불이행,건조,흐림,단일로 - 기타,승용,남,38세,경상,,,,
2012070200100204,2012년 7월 2일 11시,월요일,제주특별자치도 제주시 애월읍,중상사고,0,1,0,0,차대차 - 측면직각충돌,신호위반,건조,흐림,단일로 - 기타,화물,남,49세,상해없음,이륜,여,65세,중상
2012070200100205,2012년 7월 2일 11시,월요일,제주특별자치도 제주시 도평동,중상사고,0,1,0,0,차대차 - 측면직각충돌,교차로운행방법위반,습기,비,교차로 - 교차로안,승용,남,28세,상해없음,이륜,남,78세,중상