사고번호,사고일시,요일,시군구,사고내용,사망자수,중상자수,경상자수,부상신고자수,사고유형,법규위반,노면상태,기상상태,도로형태,가해운전자 차종,가해운전자 성별,가해운전자 연령,가해운전자 상해정도,피해운전자 차종,피해운전자 성별,피해운전자 연령,피해운전자 상해정도
2012071300100333,2012년 7월 13일 15시,금요일,제주특별자치도 제주시 도남동,경상사고,0,0,1,0,차대차 - 측면직각충돌,안전거리미확보,건조,맑음,단일로 - 기타,화물,남,50세,상해없음,승합,남,37세,경상
2012071300100407,2012년 7월 13일 17시,금요일,제주특별자치도 제주시 용담이동,경상사고,0,0,3,0,차대차 - 기타,중앙선침범,건조,맑음,단일로 - 기타,승용,남,25세,상해없음,승용,여,33세,경상
2012071300100487,2012년 7월 13일 19시,금요일,제주특별자치도 제주시 용강동,경상사고,0,0,2,0,차대차 - 측면직각충돌,중앙선침범,습기,비,단일로 - 기타,승용,남,31세,상해없음,승용,여,32세,경상
2012071300100488,2012년 7월 13일 19시,금요일,제주특별자치도 제주시 이도이동,중상사고,0,1,0,0,차대사람 - 기타,안전운전불이행,건조,맑음,단일로 - 기타,승용,여,39세,상해없음,보행자,남,57세,중상
2012071300100489,2012년 7월 13일 19시,금요일,제주특별자치도 제주시 용담이동,경상사고,0,0,1,0,차대차 - 기타,불법유턴,건조,맑음,기타 - 기타,승용,남,22세,상해없음,승용,남,35세,경상
2012071300100490,2012년 7월 13일 19시,금요일,제주특별자치도 제주시 도평동,경상사고,0,0,3,0,차대차 - 기타,안전운전불이행,건조,맑음,교차로 - 교차로안,승용,여,49세,경상,승용,여,34세,경상
2012071300100531,2012년 7월 13일 20시,금요일,제주특별자치도 제주시 연동,경상사고,0,0,1,0,차대사람 - 기타,안전운전불이행,건조,맑음,단일로 - 기타,승용,여,54세,상해없음,보행자,남,13세,경상
2012071300100532,2012년 7월 13일 20시,금요일,제주특별자치도 제주시 노형동,경상사고,0,0,2,0,차대차 - 측면직각충돌,안전운전불이행,건조,맑음,단일로 - 기타,승용,남,53세,상해없음,승용,남,37세,경상
2012071300100624,2012년 7월 13일 22시,금요일,제주특별자치도 제주시 이도이동,경상사고,0,0,1,0,차대사람 - 횡단중,보행자보호의무위반,건조,맑음,단일로 - 횡단보도상,승용,여,31세,상해없음,보행자,남,13세,경상
2012071400100198,2012년 7월 14일 09시,토요일,제주특별자치도 제주시 노형동,경상사고,0,0,1,0,차대차 - 기타,신호위반,습기,흐림,교차로 - 교차로안,화물,남,37세,상해없음,승용,남,58세,경상
2012071400100348,2012년 7월 14일 14시,토요일,제주특별자치도 제주시 이도이동,경상사고,0,0,1,0,차대차 - 측면직각충돌,안전거리미확보,습기,비,단일로 - 기타,화물,남,42세,상해없음,승용,남,31세,경상
2012071400100418,2012년 7월 14일 16시,토요일,제주특별자치도 제주시 아라일동,중상사고,0,2,2,0,차대차 - 측면직각충돌,중앙선침범,기타,비,단일로 - 기타,승용,남,31세,상해없음,승용,남,48세,중상
2012071400100419,2012년 7월 14일 16시,토요일,제주특별자치도 제주시 구좌읍,중상사고,0,1,1,0,차대차 - 측면직각충돌,교차로운행방법위반,습기,안개,교차로 - 교차로부근,승합,남,43세,상해없음,승용,남,69세,상해없음
2012071400100420,2012년 7월 14일 16시,토요일,제주특별자치도 제주시 노형동,경상사고,0,0,1,0,차대차 - 추돌 - 진행중,안전운전불이행,습기,비,교차로 - 교차로부근,화물,남,41세,상해없음,승용,남,54세,경상
2012071400100465,2012년 7월 14일 17시,토요일,제주특별자치도 제주시 노형동,중상사고,0,3,1,0,차량단독 - 공작물충돌,안전운전불이행,습기,흐림,단일로 - 기타,승용,남,19세,상해없음,,,,
2012071400100515,2012년 7월 14일 18시,토요일,제주특별자치도 제주시 일도이동,경상사고,0,0,1,0,차대차 - 측면직각충돌,교차로운행방법위반,습기,비,교차로 - 교차로안,이륜,남,20세,경상,승용,남,32세,상해없음
2012071400100516,2012년 7월 14일 18시,토요일,제주특별자치도 서귀포시 안덕면,경상사고,0,0,2,0,차대차 - 측면직각충돌,직진우회전진행방해,습기,흐림,교차로 - 교차로안,승용,남,42세,상해없음,승용,여,31세,상해없음
2012071400100591,2012년 7월 14일 20시,토요일,제주특별자치도 서귀포시 남원읍,경상사고,0,0,2,0,차대차 - 측면직각충돌,신호위반,습기,흐림,교차로 - 교차로안,승용,남,61세,상해없음,승용,남,55세,상해없음
2012071400100759,2012년 7월 14일 23시,토요일,제주특별자치도 제주시 애월읍,부상신고사고,0,0,0,1,차량단독 - 전도전복,안전운전불이행,습기,안개,단일로 - 기타,승용,남,44세,부상신고,,,,
2012071500100269,2012년 7월 15일 11시,일요일,제주특별자치도 제주시 삼양일동,경상사고,0,0,1,0,차대사람 - 횡단중,안전운전불이행,건조,맑음,단일로 - 횡단보도상,승용,남,44세,상해없음,보행자,남,82세,경상
2012071500100270,2012년 7월 15일 11시,일요일,제주특별자치도 제주시 연동,경상사고,0,0,1,0,차대사람 - 횡단중,보행자보호의무위반,건조,맑음,단일로 - 기타,승용,여,28세,상해없음,보행자,여,54세,경상
2012071500100372,2012년 7월 15일 15시,일요일,제주특별자치도 제주시 일도일동,중상사고,0,1,0,0,차량단독 - 공작물충돌,안전운전불이행,기타,맑음,단일로 - 기타,승합,남,53세,상해없음,,,,
2012071500100462,2012년 7월 15일 18시,일요일,제주특별자치도 서귀포시 동홍동,중상사고,0,1,1,0,차대차 - 측면직각충돌,직진우회전진행방해,건조,맑음,교차로 - 교차로안,승용,여,42세,상해없음,승용,남,64세,경상
2012071500100585,2012년 7월 15일 22시,일요일,제주특별자치도 제주시 연동,경상사고,0,0,1,0,차대차 - 기타,기타,건조,흐림,교차로 - 교차로부근,승용,남,46세,상해없음,원동기,남,36세,경상
2012071500100610,2012년 7월 15일 23시,일요일,제주특별자치도 제주시 이도이동,경상사고,0,0,2,0,차대차 - 측면직각충돌,안전운전불이행,건조,맑음,단일로 - 기타,승용,남,22세,상해없음,승용,남,38세,경상
2012071600100167,2012년 7월 16일 09시,월요일,제주특별자치도 제주시 아라일동,경상사고,0,0,1,0,차대사람 - 횡단중,안전운전불이행,건조,맑음,단일로 - 기타,승합,남,43세,상해없음,보행자,여,77세,경상
2012071600100192,2012년 7월 16일 10시,월요일,제주특별자치도 서귀포시 동홍동,부상신고사고,0,0,0,1,차대차 - 기타,안전거리미확보,건조,맑음,교차로 - 교차로안,이륜,남,73세,부상신고,화물,남,32세,상해없음
2012071600100221,2012년 7월 16일 11시,월요일,제주특별자치도 제주시 삼양일동,중상사고,0,2,0,0,차대차 - 측면직각충돌,안전운전불이행,건조,맑음,단일로 - 기타,승용,남,64세,중상,건설기계,남,53세,상해없음
2012071600100247,2012년 7월 16일 12시,월요일,제주특별자치도 제주시 추자면,중상사고,0,1,0,0,차대차 - 측면직각충돌,교차로운행방법위반,건조,맑음,교차로 - 교차로안,승용,남,20세,상해없음,원동기,여,27세,중상
2012071600100461,2012년 7월 16일 19시,월요일,제주특별자치도 제주시 구좌읍,경상사고,0,0,2,0,차대사람 - 길가장자리구역통행중,안전운전불이행,건조,맑음,기타 - 기타,화물,남,72세,상해없음,보행자,남,16세,경상
2012071600100462,2012년 7월 16일 19시,월요일,제주특별자치도 제주시 연동,중상사고,0,1,0,0,차대사람 - 기타,안전운전불이행,건조,맑음,교차로 - 교차로안,승용,여,28세,상해없음,보행자,남,51세,중상
2012071600100492,2012년 7월 16일 20시,월요일,제주특별자치도 제주시 오라일동,경상사고,0,0,3,0,차대차 - 측면직각충돌,안전거리미확보,건조,맑음,단일로 - 기타,승용,남,46세,상해없음,승용,남,30세,경상
2012071600100493,2012년 7월 16일 20시,월요일,제주특별자치도 제주시 노형동,경상사고,0,0,2,0,차대차 - 추돌 - 주정차중,안전운전불이행,습기,비,단일로 - 기타,승용,여,50세,상해없음,승용,남,51세,경상
2012071700100039,2012년 7월 17일 01시,화요일,제주특별자치도 제주시 연동,경상사고,0,0,4,0,차대차 - 측면직각충돌,직진우회전진행방해,습기,비,교차로 - 교차로안,승용,남,43세,상해없음,승용,남,61세,경상
2012071700100129,2012년 7월 17일 08시,화요일,제주특별자치도 제주시 오라일동,경상사고,0,0,1,0,차대차 - 측면직각충돌,안전운전불이행,건조,맑음,교차로 - 교차로부근,승용,남,51세,상해없음,승용,남,33세,상해없음
2012071700100149,2012년 7월 17일 09시,화요일,제주특별자치도 서귀포시 강정동,부상신고사고,0,0,0,1,차대사람 - 기타,안전운전불이행,기타,맑음,기타 - 기타,기타불명,기타불명,기타불명,기타불명,보행자,남,36세,부상신고
2012071700100252,2012년 7월 17일 14시,화요일,제주특별자치도 제주시 이도이동,경상사고,0,0,3,0,차대차 - 측면직각충돌,안전운전불이행,건조,맑음,교차로 - 교차로안,승용,남,57세,상해없음,화물,여,51세,경상
2012071700100253,2012년 7월 17일 14시,화요일,제주특별자치도 제주시 외도일동,중상사고,0,1,0,0,차대사람 - 횡단중,보행자보호의무위반,건조,맑음,교차로 - 교차로부근,승용,남,41세,상해없음,보행자,여,7세,중상
2012071700100331,2012년 7월 17일 16시,화요일,제주특별자치도 서귀포시 서귀동,경상사고,0,0,1,0,차대차 - 측면직각충돌,직진우회전진행방해,건조,맑음,교차로 - 교차로안,화물,남,55세,상해없음,승용,여,29세,경상
2012071700100402,2012년 7월 17일 18시,화요일,제주특별자치도 제주시 애월읍,중상사고,0,1,0,0,차대사람 - 횡단중,안전운전불이행,건조,맑음,단일로 - 기타,승용,남,66세,상해없음,보행자,남,38세,중상
2012071700100463,2012년 7월 17일 20시,화요일,제주특별자치도 제주시 애월읍,경상사고,0,0,1,0,차대차 - 기타,안전운전불이행,건조,흐림,교차로 - 교차로부근,승용,남,48세,상해없음,승용,남,33세,경상
2012071700100521,2012년 7월 17일 22시,화요일,제주특별자치도 제주시 이도이동,경상사고,0,0,3,0,차대차 - 측면직각충돌,안전거리미확보,습기,비,단일로 - 기타,화물,남,23세,상해없음,승용,남,52세,상해없음
2012071800100014,2012년 7월 18일 00시,수요일,제주특별자치도 제주시 이도이동,경상사고,0,0,1,0,차대차 - 측면직각충돌,안전거리미확보,기타,맑음,단일로 - 기타,승용,남,24세,상해없음,승용,여,29세,경상
2012071800100144,2012년 7월 18일 08시,수요일,제주특별자치도 제주시 애월읍,사망사고,1,0,0,0,차량단독 - 공작물충돌,안전운전불이행,습기,비,교차로 - 교차로안,화물,남,38세,사망,,,,
2012071800100199,2012년 7월 18일 10시,수요일,제주특별자치도 제주시 봉개동,경상사고,0,0,1,0,차대차 - 측면직각충돌,안전거리미확보,습기,비,단일로 - 기타,화물,남,52세,상해없음,승용,남,34세,경상
2012071800100296,2012년 7월 18일 13시,수요일,제주특별자치도 제주시 아라일동,경상사고,0,0,2,0,차대차 - 측면직각충돌,교차로운행방법위반,습기,비,교차로 - 교차로안,화물,남,46세,상해없음,승용,남,48세,경상
2012071800100333,2012년 7월 18일 14시,수요일,제주특별자치도 제주시 삼도일동,경상사고,0,0,1,0,차대차 - 측면직각충돌,교차로운행방법위반,습기,비,교차로 - 교차로안,원동기,남,34세,경상,승합,남,47세,상해없음
2012071800100403,2012년 7월 18일 16시,수요일,제주특별자치도 제주시 노형동,중상사고,0,2,0,0,차대차 - 추돌 - 주정차중,안전운전불이행,습기,비,교차로 - 교차로부근,승용,남,49세,상해없음,승용,여,39세,중상
2012071800100404,2012년 7월 18일 16시,수요일,제주특별자치도 제주시 연동,경상사고,0,0,1,0,차대사람 - 횡단중,안전운전불이행,습기,비,교차로 - 교차로안,승용,남,44세,상해없음,보행자,여,17세,경상
2012071800100437,2012년 7월 18일 17시,수요일,제주특별자치도 제주시 이도일동,경상사고,0,0,1,0,차대차 - 측면직각충돌,교차로운행방법위반,습기,비,교차로 - 교차로안,승용,여,40세,상해없음,원동기,남,33세,경상
2012071800100550,2012년 7월 18일 20시,수요일,제주특별자치도 제주시 삼도이동,중상사고,0,1,0,0,차대사람 - 횡단중,보행자보호의무위반,습기,비,단일로 - 횡단보도상,화물,남,53세,상해없음,보행자,여,57세,중상
2012071900100096,2012년 7월 19일 05시,목요일,제주특별자치도 제주시 삼도일동,경상사고,0,0,1,0,차대차 - 측면직각충돌,안전운전불이행,건조,맑음,교차로 - 교차로부근,승용,여,51세,상해없음,이륜,여,64세,경상
2012071900100201,2012년 7월 19일 09시,목요일,제주특별자치도 제주시 오라삼동,경상사고,0,0,1,0,차대차 - 측면직각충돌,신호위반,건조,맑음,교차로 - 교차로안,승용,남,50세,상해없음,승용,남,55세,경상
2012071900100262,2012년 7월 19일 12시,목요일,제주특별자치도 제주시 화북일동,경상사고,0,0,1,0,차대차 - 측면직각충돌,교차로운행방법위반,건조,맑음,교차로 - 교차로안,화물,남,30세,상해없음,승용,여,43세,경상
2012071900100263,2012년 7월 19일 12시,목요일,제주특별자치도 서귀포시 상효동,경상사고,0,0,2,0,차대차 - 측면직각충돌,직진우회전진행방해,건조,맑음,교차로 - 교차로안,승용,여,65세,상해없음,승용,여,72세,경상
2012071900100295,2012년 7월 19일 13시,목요일,제주특별자치도 제주시 이도이동,경상사고,0,0,1,0,차대사람 - 횡단중,안전운전불이행,건조,맑음,기타 - 기타,기타불명,기타불명,기타불명,기타불명,보행자,여,13세,경상
2012071900100322,2012년 7월 19일 14시,목요일,제주특별자치도 제주시 연동,경상사고,0,0,1,0,차대차 - 측면직각충돌,신호위반,건조,맑음,교차로 - 교차로안,승용,남,22세,상해없음,승용,여,27세,경상
2012071900100381,2012년 7월 19일 16시,목요일,제주특별자치도 제주시 건입동,중상사고,0,1,0,0,차대사람 - 횡단중,보행자보호의무위반,건조,맑음,단일로 - 횡단보도상,승용,남,29세,상해없음,보행자,남,67세,중상
2012071900100417,2012년 7월 19일 17시,목요일,제주특별자치도 제주시 한림읍,중상사고,0,2,0,0,차대차 - 기타,안전운전불이행,건조,맑음,교차로 - 교차로안,원동기,남,76세,중상,승용,남,29세,상해없음
2012071900100452,2012년 7월 19일 18시,목요일,제주특별자치도 제주시 이도이동,경상사고,0,0,1,0,차대사람 - 횡단중,안전운전불이행,건조,맑음,교차로 - 교차로부근,승용,남,45세,상해없음,보행자,남,21세,경상
2012071900100483,2012년 7월 19일 19시,목요일,제주특별자치도 제주시 이도이동,경상사고,0,0,1,0,차대차 - 측면직각충돌,교차로운행방법위반,건조,맑음,교차로 - 교차로안,승용,남,65세,상해없음,승용,남,60세,경상
2012071900100484,2012년 7월 19일 19시,목요일,제주특별자치도 제주시 용강동,경상사고,0,0,2,0,차대차 - 측면직각충돌,안전운전불이행,습기,비,단일로 - 기타,화물,남,26세,상해없음,승용,남,22세,경상
2012071900100557,2012년 7월 19일 22시,목요일,제주특별자치도 제주시 노형동,경상사고,0,0,1,0,차대차 - 기타,안전운전불이행,건조,맑음,교차로 - 교차로부근,승용,남,36세,상해없음,승용,여,24세,경상
2012072000100076,2012년 7월 20일 02시,금요일,제주특별자치도 서귀포시 대정읍,부상신고사고,0,0,0,1,차량단독 - 전도전복,안전운전불이행,습기,안개,교차로 - 교차로안,승용,남,26세,부상신고,,,,
2012072000100206,2012년 7월 20일 09시,금요일,제주특별자치도 서귀포시 안덕면,중상사고,0,1,0,0,차대사람 - 차도통행중,안전운전불이행,건조,맑음,단일로 - 기타,화물,남,38세,상해없음,보행자,남,70세,중상
2012072000100262,2012년 7월 20일 11시,금요일,제주특별자치도 서귀포시 대정읍,경상사고,0,0,1,0,차대사람 - 차도통행중,안전운전불이행,건조,맑음,단일로 - 기타,승용,남,33세,상해없음,보행자,여,6세,경상
2012072000100291,2012년 7월 20일 12시,금요일,제주특별자치도 제주시 연동,부상신고사고,0,0,0,2,차대차 - 측면직각충돌,중앙선침범,건조,맑음,단일로 - 기타,승용,남,33세,부상신고,승용,여,29세,상해없음
2012072000100354,2012년 7월 20일 14시,금요일,제주특별자치도 제주시 삼도일동,경상사고,0,0,1,0,차대차 - 측면직각충돌,차로위반,건조,맑음,단일로 - 기타,승용,남,61세,상해없음,승용,여,36세,경상
2012072000100355,2012년 7월 20일 14시,금요일,제주특별자치도 제주시 연동,경상사고,0,0,3,0,차대차 - 측면직각충돌,안전거리미확보,건조,맑음,단일로 - 기타,특수,남,47세,상해없음,승용,남,23세,경상
2012072000100390,2012년 7월 20일 15시,금요일,제주특별자치도 제주시 연동,경상사고,0,0,1,0,차대차 - 측면직각충돌,교차로운행방법위반,건조,맑음,교차로 - 교차로안,승용,남,40세,상해없음,승용,여,47세,경상
2012072000100477,2012년 7월 20일 17시,금요일,제주특별자치도 제주시 한림읍,중상사고,0,1,0,0,차대차 - 측면직각충돌,안전운전불이행,건조,맑음,단일로 - 기타,화물,남,49세,상해없음,자전거,남,91세,중상
2012072000100524,2012년 7월 20일 18시,금요일,제주특별자치도 제주시 이도이동,경상사고,0,0,2,0,차대차 - 측면직각충돌,안전거리미확보,건조,맑음,단일로 - 기타,승용,남,40세,상해없음,승용,남,59세,상해없음
2012072000100553,2012년 7월 20일 19시,금요일,제주특별자치도 서귀포시 표선면,부상신고사고,0,0,0,1,차량단독 - 공작물충돌,안전운전불이행,건조,맑음,단일로 - 기타,원동기,남,30세,부상신고,,,,
2012072000100554,2012년 7월 20일 19시,금요일,제주특별자치도 제주시 노형동,경상사고,0,0,1,0,차대차 - 측면직각충돌,직진우회전진행방해,건조,맑음,교차로 - 교차로안,승용,여,24세,상해없음,자전거,남,53세,경상
2012072000100630,2012년 7월 20일 21시,금요일,제주특별자치도 제주시 삼양삼동,경상사고,0,0,2,0,차대사람 - 횡단중,안전운전불이행,건조,맑음,교차로 - 교차로부근,이륜,남,17세,경상,보행자,남,15세,경상
2012072000100631,2012년 7월 20일 21시,금요일,제주특별자치도 제주시 연동,중상사고,0,3,2,0,차대차 - 측면직각충돌,안전운전불이행,건조,맑음,교차로 - 교차로안,승용,여,23세,경상,승용,남,50세,상해없음
2012072000100701,2012년 7월 20일 23시,금요일,제주특별자치도 제주시 연동,경상사고,0,0,1,0,차대차 - 추돌 - 진행중,안전운전불이행,건조,맑음,교차로 - 교차로안,승용,남,44세,상해없음,자전거,남,21세,경상
2012072100100288,2012년 7월 21일 12시,토요일,제주특별자치도 제주시 우도면,경상사고,0,0,1,0,차대사람 - 기타,안전운전불이행,건조,맑음,단일로 - 기타,이륜,여,25세,상해없음,보행자,여,24세,경상
2012072100100394,2012년 7월 21일 15시,토요일,제주특별자치도 제주시 조천읍,중상사고,0,2,3,0,차량단독 - 공작물충돌,안전운전불이행,습기,비,단일로 - 기타,승합,여,52세,경상,,,,
2012072100100502,2012년 7월 21일 18시,토요일,제주특별자치도 제주시 일도이동,경상사고,0,0,1,0,차대차 - 측면직각충돌,안전운전불이행,건조,맑음,단일로 - 기타,이륜,남,32세,경상,승용,남,62세,상해없음
2012072100100562,2012년 7월 21일 20시,토요일,제주특별자치도 제주시 화북이동,경상사고,0,0,1,0,차대차 - 측면직각충돌,안전운전불이행,건조,맑음,교차로 - 교차로부근,화물,남,30세,상해없음,자전거,남,58세,경상
2012072100100606,2012년 7월 21일 21시,토요일,제주특별자치도 제주시 건입동,경상사고,0,0,2,0,차대차 - 측면직각충돌,중앙선침범,건조,맑음,단일로 - 기타,승용,남,39세,상해없음,승용,남,40세,경상
2012072200100076,2012년 7월 22일 03시,일요일,제주특별자치도 제주시 화북일동,중상사고,0,1,0,0,차량단독 - 공작물충돌,안전운전불이행,건조,맑음,단일로 - 기타,승용,남,42세,중상,,,,
2012072200100158,2012년 7월 22일 09시,일요일,제주특별자치도 제주시 조천읍,경상사고,0,0,1,0,차대차 - 측면직각충돌,중앙선침범,건조,맑음,교차로 - 교차로부근,승합,남,52세,상해없음,자전거,남,22세,경상
2012072200100159,2012년 7월 22일 09시,일요일,제주특별자치도 제주시 한경면,중상사고,0,1,0,0,차대차 - 측면직각충돌,안전운전불이행,건조,맑음,단일로 - 기타,승용,여,59세,상해없음,원동기,여,68세,중상
2012072200100185,2012년 7월 22일 10시,일요일,제주특별자치도 제주시 구좌읍,경상사고,0,0,3,0,차대차 - 측면직각충돌,안전운전불이행,건조,맑음,교차로 - 교차로부근,승용,남,39세,경상,승용,여,24세,경상
2012072200100209,2012년 7월 22일 11시,일요일,제주특별자치도 제주시 용담이동,경상사고,0,0,1,0,차대차 - 측면직각충돌,안전거리미확보,건조,맑음,단일로 - 기타,승용,여,42세,상해없음,승용,여,34세,상해없음
2012072200100260,2012년 7월 22일 13시,일요일,제주특별자치도 제주시 연동,경상사고,0,0,2,0,차대차 - 기타,기타,건조,맑음,단일로 - 기타,화물,남,53세,상해없음,승용,남,21세,경상
2012072200100323,2012년 7월 22일 15시,일요일,제주특별자치도 제주시 한경면,경상사고,0,0,1,0,차대차 - 기타,안전운전불이행,건조,맑음,교차로 - 교차로안,화물,남,45세,상해없음,자전거,여,10세,경상
2012072200100430,2012년 7월 22일 18시,일요일,제주특별자치도 서귀포시 서귀동,중상사고,0,1,0,0,차대사람 - 횡단중,보행자보호의무위반,건조,맑음,교차로 - 교차로부근,화물,남,53세,상해없음,보행자,남,47세,중상
2012072200100481,2012년 7월 22일 20시,일요일,제주특별자치도 서귀포시 대정읍,부상신고사고,0,0,0,1,차대차 - 추돌 - 주정차중,안전운전불이행,건조,맑음,단일로 - 기타,자전거,남,18세,부상신고,승용,남,71세,기타불명
2012072200100482,2012년 7월 22일 20시,일요일,제주특별자치도 제주시 연동,경상사고,0,0,3,0,차대차 - 추돌 - 진행중,안전운전불이행,기타,기타,교차로 - 교차로안,승용,여,44세,상해없음,승용,남,28세,경상
2012072200100506,2012년 7월 22일 21시,일요일,제주특별자치도 서귀포시 성산읍,경상사고,0,0,1,0,차대차 - 추돌 - 주정차중,안전운전불이행,건조,맑음,단일로 - 기타,승합,남,62세,상해없음,승용,남,46세,기타불명
2012072200100533,2012년 7월 22일 23시,일요일,제주특별자치도 제주시 일도이동,중상사고,0,2,0,0,차대차 - 측면직각충돌,중앙선침범,건조,맑음,단일로 - 기타,승용,남,42세,상해없음,승용,남,43세,중상
2012072200100534,2012년 7월 22일 23시,일요일,제주특별자치도 제주시 용담삼동,경상사고,0,0,1,0,차량단독 - 기타,안전운전불이행,건조,맑음,단일로 - 기타,승용,남,61세,상해없음,,,,
2012072300100049,2012년 7월 23일 05시,월요일,제주특별자치도 제주시 용담삼동,중상사고,0,1,0,0,차대차 - 기타,안전운전불이행,건조,맑음,단일로 - 기타,승용,남,28세,중상,승합,남,34세,상해없음
2012072300100114,2012년 7월 23일 08시,월요일,제주특별자치도 서귀포시 호근동,중상사고,0,2,0,0,차량단독 - 공작물충돌,안전운전불이행,건조,맑음,단일로 - 기타,승용,남,29세,중상,,,,
2012072300100115,2012년 7월 23일 08시,월요일,제주특별자치도 서귀포시 동홍동,경상사고,0,0,1,0,차대차 - 측면직각충돌,직진우회전진행방해,건조,흐림,교차로 - 교차로안,승용,여,29세,상해없음,원동기,남,63세,상해없음
2012072300100213,2012년 7월 23일 11시,월요일,제주특별자치도 제주시 일도이동,중상사고,0,1,0,0,차대사람 - 횡단중,보행자보호의무위반,건조,맑음,단일로 - 기타,승용,남,45세,상해없음,보행자,여,13세,중상
2012072300100214,2012년 7월 23일 11시,월요일,제주특별자치도 제주시 용담이동,중상사고,0,1,0,0,차대사람 - 횡단중,안전운전불이행,건조,맑음,단일로 - 기타,승용,여,21세,상해없음,보행자,남,41세,중상
2012072300100249,2012년 7월 23일 12시,월요일,제주특별자치도 제주시 이도이동,중상사고,0,1,1,0,차대차 - 측면직각충돌,교차로운행방법위반,건조,맑음,교차로 - 교차로안,승용,남,26세,상해없음,승용,남,40세,중상
2012072300100250,2012년 7월 23일 12시,월요일,제주특별자치도 서귀포시 동홍동,중상사고,0,1,0,0,차대차 - 측면직각충돌,직진우회전진행방해,건조,맑음,교차로 - 교차로안,화물,남,42세,상해없음,원동기,남,20세,중상
2012072300100278,2012년 7월 23일 13시,월요일,제주특별자치도 제주시 건입동,경상사고,0,0,1,0,차대차 - 측면직각충돌,안전운전불이행,건조,맑음,단일로 - 기타,승용,여,29세,경상,승합,남,37세,상해없음
2012072300100279,2012년 7월 23일 13시,월요일,제주특별자치도 제주시 조천읍,경상사고,0,0,1,0,차대차 - 측면직각충돌,안전운전불이행,건조,맑음,단일로 - 기타,승합,남,57세,상해없음,승합,남,52세,상해없음
2012072300100280,2012년 7월 23일 13시,월요일,제주특별자치도 서귀포시 동홍동,부상신고사고,0,0,0,2,차대차 - 추돌 - 진행중,직진우회전진행방해,건조,맑음,교차로 - 교차로부근,화물,남,40세,상해없음,이륜,남,28세,부상신고
2012072300100352,2012년 7월 23일 15시,월요일,제주특별자치도 제주시 화북이동,경상사고,0,0,1,0,차대차 - 측면직각충돌,안전거리미확보,건조,맑음,단일로 - 기타,승용,남,69세,상해없음,이륜,남,52세,경상
2012072300100377,2012년 7월 23일 16시,월요일,제주특별자치도 서귀포시 동홍동,경상사고,0,0,1,0,차대차 - 기타,안전거리미확보,건조,맑음,단일로 - 기타,원동기,남,29세,경상,승용,남,25세,상해없음
2012072300100451,2012년 7월 23일 18시,월요일,제주특별자치도 제주시 이도일동,경상사고,0,0,1,0,차대사람 - 횡단중,기타,건조,맑음,단일로 - 기타,승용,남,55세,상해없음,보행자,여,33세,경상
2012072300100452,2012년 7월 23일 18시,월요일,제주특별자치도 제주시 애월읍,중상사고,0,1,1,0,차대차 - 추돌 - 진행중,안전거리미확보,건조,맑음,단일로 - 기타,화물,남,47세,상해없음,승용,남,56세,중상
2012072300100515,2012년 7월 23일 20시,월요일,제주특별자치도 제주시 이도이동,중상사고,0,2,0,0,차대차 - 측면직각충돌,중앙선침범,건조,맑음,단일로 - 기타,이륜,남,29세,중상,이륜,남,26세,중상
2012072300100516,2012년 7월 23일 20시,월요일,제주특별자치도 서귀포시 서귀동,경상사고,0,0,1,0,차대차 - 기타,교차로운행방법위반,건조,맑음,교차로 - 교차로안,승합,남,26세,상해없음,원동기,남,51세,경상
2012072400100032,2012년 7월 24일 01시,화요일,제주특별자치도 제주시 연동,중상사고,0,1,0,0,차대사람 - 횡단중,신호위반,건조,맑음,교차로 - 교차로부근,승용,남,65세,상해없음,보행자,남,30세,중상
2012072400100111,2012년 7월 24일 07시,화요일,제주특별자치도 서귀포시 안덕면,경상사고,0,0,1,0,차대차 - 추돌 - 진행중,안전운전불이행,건조,맑음,단일로 - 기타,승용,남,28세,상해없음,건설기계,남,41세,경상
2012072400100112,2012년 7월 24일 07시,화요일,제주특별자치도 제주시 연동,경상사고,0,0,1,0,차대사람 - 횡단중,신호위반,건조,맑음,교차로 - 교차로안,승용,남,51세,상해없음,보행자,남,30세,경상
2012072400100113,2012년 7월 24일 07시,화요일,제주특별자치도 제주시 노형동,경상사고,0,0,1,0,차대차 - 추돌 - 주정차중,안전운전불이행,건조,맑음,교차로 - 교차로부근,승용,남,54세,상해없음,승용,남,52세,경상
2012072400100146,2012년 7월 24일 08시,화요일,제주특별자치도 서귀포시 안덕면,경상사고,0,0,2,0,차대차 - 측면직각충돌,직진우회전진행방해,건조,맑음,교차로 - 교차로안,화물,남,70세,경상,승용,남,32세,경상
2012072400100181,2012년 7월 24일 09시,화요일,제주특별자치도 서귀포시 안덕면,경상사고,0,0,1,0,차량단독 - 전도전복,안전운전불이행,건조,맑음,단일로 - 기타,화물,남,45세,경상,,,,