사고번호,사고일시,요일,시군구,사고내용,사망자수,중상자수,경상자수,부상신고자수,사고유형,법규위반,노면상태,기상상태,도로형태,가해운전자 차종,가해운전자 성별,가해운전자 연령,가해운전자 상해정도,피해운전자 차종,피해운전자 성별,피해운전자 연령,피해운전자 상해정도
2012072400100211,2012년 7월 24일 10시,화요일,제주특별자치도 제주시 애월읍,부상신고사고,0,0,0,1,차대차 - 측면직각충돌,안전운전불이행,건조,맑음,단일로 - 기타,이륜,남,70세,부상신고,화물,남,38세,기타불명
2012072400100335,2012년 7월 24일 14시,화요일,제주특별자치도 제주시 오라일동,경상사고,0,0,2,0,차대차 - 측면직각충돌,교차로운행방법위반,건조,맑음,교차로 - 교차로안,승용,남,40세,상해없음,승용,여,30세,상해없음
2012072400100408,2012년 7월 24일 16시,화요일,제주특별자치도 제주시 한림읍,중상사고,0,1,0,0,차대사람 - 횡단중,보행자보호의무위반,건조,맑음,단일로 - 기타,승용,남,27세,상해없음,보행자,여,36세,중상
2012072400100409,2012년 7월 24일 16시,화요일,제주특별자치도 제주시 한림읍,경상사고,0,0,3,0,차대차 - 추돌 - 진행중,안전운전불이행,건조,맑음,단일로 - 기타,승용,남,37세,경상,승용,여,48세,경상
2012072400100410,2012년 7월 24일 16시,화요일,제주특별자치도 제주시 노형동,중상사고,0,1,0,0,차대사람 - 횡단중,신호위반,건조,맑음,교차로 - 교차로안,승용,여,51세,상해없음,보행자,여,11세,중상
2012072400100411,2012년 7월 24일 16시,화요일,제주특별자치도 제주시 연동,경상사고,0,0,1,0,차대차 - 측면직각충돌,안전운전불이행,건조,맑음,단일로 - 기타,승합,남,49세,상해없음,승용,여,42세,경상
2012072400100503,2012년 7월 24일 18시,화요일,제주특별자치도 제주시 연동,경상사고,0,0,3,0,차대차 - 추돌 - 진행중,안전거리미확보,건조,맑음,교차로 - 교차로부근,승용,남,31세,경상,승용,남,32세,상해없음
2012072400100537,2012년 7월 24일 19시,화요일,제주특별자치도 제주시 구좌읍,중상사고,0,1,0,0,차대차 - 측면직각충돌,교차로운행방법위반,건조,맑음,교차로 - 교차로안,승용,남,43세,상해없음,이륜,여,71세,중상
2012072400100614,2012년 7월 24일 21시,화요일,제주특별자치도 제주시 연동,부상신고사고,0,0,0,1,차대차 - 기타,기타,건조,맑음,단일로 - 기타,원동기,남,21세,부상신고,승용,남,53세,상해없음
2012072400100644,2012년 7월 24일 22시,화요일,제주특별자치도 서귀포시 대정읍,경상사고,0,0,1,0,차대차 - 기타,직진우회전진행방해,건조,맑음,교차로 - 교차로안,화물,남,51세,상해없음,이륜,남,37세,경상
2012072500100089,2012년 7월 25일 06시,수요일,제주특별자치도 제주시 연동,경상사고,0,0,1,0,차대차 - 기타,직진우회전진행방해,건조,맑음,교차로 - 교차로안,승용,여,55세,상해없음,승용,남,29세,경상
2012072500100213,2012년 7월 25일 10시,수요일,제주특별자치도 서귀포시 표선면,중상사고,0,1,0,1,차량단독 - 공작물충돌,안전운전불이행,건조,맑음,단일로 - 기타,승용,남,57세,부상신고,,,,
2012072500100308,2012년 7월 25일 13시,수요일,제주특별자치도 제주시 애월읍,부상신고사고,0,0,0,1,차대차 - 측면직각충돌,안전운전불이행,건조,맑음,단일로 - 기타,이륜,남,81세,부상신고,승용,남,34세,상해없음
2012072500100436,2012년 7월 25일 17시,수요일,제주특별자치도 서귀포시 안덕면,중상사고,0,1,0,0,차대차 - 측면직각충돌,안전운전불이행,건조,맑음,교차로 - 교차로안,기타불명,기타불명,기타불명,기타불명,이륜,여,32세,중상
2012072500100437,2012년 7월 25일 17시,수요일,제주특별자치도 제주시 연동,경상사고,0,0,1,0,차대차 - 기타,안전운전불이행,건조,맑음,단일로 - 기타,승용,남,48세,기타불명,원동기,남,26세,경상
2012072500100486,2012년 7월 25일 18시,수요일,제주특별자치도 제주시 구좌읍,경상사고,0,0,1,0,차대차 - 측면직각충돌,교차로운행방법위반,건조,맑음,교차로 - 교차로안,이륜,여,78세,경상,승용,남,27세,상해없음
2012072500100523,2012년 7월 25일 19시,수요일,제주특별자치도 제주시 화북일동,중상사고,0,1,0,0,차대사람 - 횡단중,안전운전불이행,건조,맑음,단일로 - 기타,승용,여,43세,상해없음,보행자,남,75세,중상
2012072500100524,2012년 7월 25일 19시,수요일,제주특별자치도 서귀포시 서귀동,중상사고,0,1,0,0,차량단독 - 공작물충돌,안전운전불이행,건조,맑음,단일로 - 기타,승용,남,78세,중상,,,,
2012072500100600,2012년 7월 25일 21시,수요일,제주특별자치도 제주시 이도이동,경상사고,0,0,1,0,차대사람 - 횡단중,안전운전불이행,건조,맑음,단일로 - 기타,승용,여,38세,상해없음,보행자,남,25세,경상
2012072600100015,2012년 7월 26일 00시,목요일,제주특별자치도 제주시 애월읍,경상사고,0,0,2,0,차대차 - 측면직각충돌,직진우회전진행방해,건조,맑음,교차로 - 교차로안,승용,여,39세,경상,승용,남,30세,경상
2012072600100062,2012년 7월 26일 03시,목요일,제주특별자치도 제주시 노형동,부상신고사고,0,0,0,1,차량단독 - 공작물충돌,안전운전불이행,건조,맑음,교차로 - 교차로안,화물,남,52세,부상신고,,,,
2012072600100072,2012년 7월 26일 04시,목요일,제주특별자치도 제주시 이도이동,경상사고,0,0,1,0,차대차 - 측면직각충돌,안전운전불이행,건조,맑음,교차로 - 교차로부근,승용,남,52세,상해없음,화물,남,52세,경상
2012072600100196,2012년 7월 26일 09시,목요일,제주특별자치도 서귀포시 안덕면,경상사고,0,0,1,0,차대차 - 기타,직진우회전진행방해,건조,맑음,교차로 - 교차로안,승용,남,40세,상해없음,승용,여,25세,경상
2012072600100197,2012년 7월 26일 09시,목요일,제주특별자치도 서귀포시 서귀동,중상사고,0,1,0,0,차대차 - 기타,직진우회전진행방해,건조,맑음,교차로 - 교차로안,승용,남,56세,상해없음,승용,여,41세,중상
2012072600100265,2012년 7월 26일 11시,목요일,제주특별자치도 제주시 조천읍,중상사고,0,1,0,0,차대차 - 측면직각충돌,교차로운행방법위반,건조,맑음,교차로 - 교차로부근,승용,남,48세,상해없음,이륜,남,71세,중상
2012072600100337,2012년 7월 26일 13시,목요일,제주특별자치도 제주시 한경면,경상사고,0,0,1,0,차대차 - 기타,안전운전불이행,건조,맑음,단일로 - 기타,승용,남,21세,상해없음,화물,남,32세,경상
2012072600100367,2012년 7월 26일 14시,목요일,제주특별자치도 제주시 연동,중상사고,0,1,0,0,차대사람 - 횡단중,보행자보호의무위반,건조,맑음,교차로 - 교차로안,승합,남,65세,상해없음,보행자,남,60세,중상
2012072600100411,2012년 7월 26일 15시,목요일,제주특별자치도 서귀포시 서귀동,중상사고,0,1,0,0,차대사람 - 횡단중,보행자보호의무위반,건조,맑음,교차로 - 교차로안,승합,남,57세,상해없음,보행자,여,10세,중상
2012072600100517,2012년 7월 26일 18시,목요일,제주특별자치도 제주시 노형동,중상사고,0,7,1,2,차대사람 - 횡단중,안전운전불이행,건조,맑음,단일로 - 기타,화물,남,41세,상해없음,보행자,남,49세,중상
2012072600100583,2012년 7월 26일 20시,목요일,제주특별자치도 제주시 용담삼동,중상사고,0,1,0,0,차대사람 - 횡단중,보행자보호의무위반,건조,맑음,교차로 - 교차로부근,자전거,남,23세,상해없음,보행자,여,28세,중상
2012072600100613,2012년 7월 26일 21시,목요일,제주특별자치도 제주시 구좌읍,사망사고,1,0,0,0,차대차 - 기타,기타,건조,맑음,단일로 - 기타,이륜,남,63세,사망,승용,남,39세,상해없음
2012072700100059,2012년 7월 27일 03시,금요일,제주특별자치도 제주시 연동,경상사고,0,0,1,0,차대차 - 추돌 - 진행중,안전운전불이행,건조,맑음,교차로 - 교차로안,승용,여,30세,상해없음,승용,여,38세,경상
2012072700100117,2012년 7월 27일 07시,금요일,제주특별자치도 서귀포시 색달동,경상사고,0,0,1,1,차대차 - 측면직각충돌,중앙선침범,건조,흐림,단일로 - 기타,승용,남,36세,부상신고,승용,남,59세,경상
2012072700100183,2012년 7월 27일 09시,금요일,제주특별자치도 제주시 한림읍,경상사고,0,0,1,0,차량단독 - 공작물충돌,안전운전불이행,건조,맑음,단일로 - 기타,이륜,남,82세,경상,,,,
2012072700100184,2012년 7월 27일 09시,금요일,제주특별자치도 제주시 도두일동,중상사고,0,1,0,0,차량단독 - 기타,안전운전불이행,건조,맑음,교차로 - 교차로안,자전거,남,39세,중상,,,,
2012072700100185,2012년 7월 27일 09시,금요일,제주특별자치도 제주시 이호이동,경상사고,0,0,1,0,차대사람 - 기타,보행자보호의무위반,건조,맑음,교차로 - 교차로부근,승용,남,74세,상해없음,보행자,여,81세,경상
2012072700100223,2012년 7월 27일 10시,금요일,제주특별자치도 제주시 구좌읍,중상사고,0,1,1,0,차대차 - 측면직각충돌,안전운전불이행,건조,맑음,교차로 - 교차로부근,자전거,남,11세,경상,이륜,남,53세,중상
2012072700100270,2012년 7월 27일 11시,금요일,제주특별자치도 서귀포시 동홍동,경상사고,0,0,1,0,차대차 - 측면직각충돌,중앙선침범,건조,맑음,단일로 - 기타,자전거,남,18세,경상,화물,남,44세,상해없음
2012072700100296,2012년 7월 27일 12시,금요일,제주특별자치도 제주시 한림읍,경상사고,0,0,2,0,차대차 - 측면직각충돌,직진우회전진행방해,건조,맑음,교차로 - 교차로안,승용,여,39세,경상,승용,남,43세,경상
2012072700100353,2012년 7월 27일 14시,금요일,제주특별자치도 서귀포시 안덕면,경상사고,0,0,1,1,차대차 - 추돌 - 진행중,안전거리미확보,건조,맑음,단일로 - 기타,승합,남,38세,상해없음,승용,남,27세,부상신고
2012072700100386,2012년 7월 27일 15시,금요일,제주특별자치도 제주시 화북일동,경상사고,0,0,1,0,차대차 - 측면직각충돌,안전운전불이행,건조,맑음,단일로 - 기타,화물,남,42세,상해없음,화물,여,47세,경상
2012072700100387,2012년 7월 27일 15시,금요일,제주특별자치도 제주시 일도이동,경상사고,0,0,1,0,차대사람 - 횡단중,안전운전불이행,건조,맑음,단일로 - 기타,승용,남,41세,상해없음,보행자,남,9세,경상
2012072700100388,2012년 7월 27일 15시,금요일,제주특별자치도 제주시 일도이동,경상사고,0,0,1,0,차대사람 - 기타,안전운전불이행,건조,맑음,단일로 - 기타,승용,남,40세,상해없음,보행자,여,60세,경상
2012072700100389,2012년 7월 27일 15시,금요일,제주특별자치도 제주시 삼도일동,경상사고,0,0,1,0,차대사람 - 횡단중,보행자보호의무위반,건조,맑음,교차로 - 교차로부근,승용,여,42세,상해없음,보행자,여,6세,경상
2012072700100423,2012년 7월 27일 16시,금요일,제주특별자치도 서귀포시 성산읍,중상사고,0,1,0,0,차대사람 - 횡단중,안전운전불이행,건조,맑음,단일로 - 기타,승용,남,65세,상해없음,보행자,여,49세,중상
2012072700100424,2012년 7월 27일 16시,금요일,제주특별자치도 제주시 노형동,경상사고,0,0,1,0,차대사람 - 기타,보행자보호의무위반,건조,맑음,교차로 - 교차로안,기타불명,기타불명,기타불명,기타불명,보행자,여,12세,경상
2012072700100469,2012년 7월 27일 17시,금요일,제주특별자치도 제주시 삼도이동,부상신고사고,0,0,0,1,차대사람 - 횡단중,중앙선침범,건조,맑음,단일로 - 기타,기타불명,기타불명,기타불명,기타불명,보행자,남,16세,부상신고
2012072700100470,2012년 7월 27일 17시,금요일,제주특별자치도 제주시 용담일동,경상사고,0,0,1,0,차대차 - 측면직각충돌,안전운전불이행,건조,맑음,교차로 - 교차로부근,이륜,여,42세,경상,승용,여,29세,상해없음
2012072700100622,2012년 7월 27일 21시,금요일,제주특별자치도 제주시 화북이동,중상사고,0,3,4,0,차대차 - 측면직각충돌,안전거리미확보,건조,맑음,교차로 - 교차로부근,승용,남,31세,상해없음,승용,남,34세,경상
2012072700100623,2012년 7월 27일 21시,금요일,제주특별자치도 제주시 연동,중상사고,0,1,1,0,차대사람 - 횡단중,신호위반,건조,맑음,단일로 - 횡단보도상,승합,남,54세,상해없음,보행자,남,35세,경상
2012072800100074,2012년 7월 28일 03시,토요일,제주특별자치도 제주시 이도이동,경상사고,0,0,1,0,차대사람 - 기타,안전운전불이행,건조,맑음,단일로 - 기타,승용,여,31세,상해없음,보행자,여,30세,경상
2012072800100123,2012년 7월 28일 06시,토요일,제주특별자치도 제주시 오라일동,경상사고,0,0,2,0,차대차 - 측면직각충돌,안전거리미확보,건조,맑음,교차로 - 교차로부근,승용,여,56세,상해없음,승용,여,35세,경상
2012072800100336,2012년 7월 28일 14시,토요일,제주특별자치도 제주시 한림읍,경상사고,0,0,1,0,차대차 - 기타,안전운전불이행,건조,맑음,단일로 - 기타,승용,남,53세,상해없음,승용,여,39세,경상
2012072800100402,2012년 7월 28일 16시,토요일,제주특별자치도 제주시 삼도일동,경상사고,0,0,2,0,차대차 - 측면직각충돌,안전거리미확보,건조,맑음,단일로 - 기타,승용,여,65세,상해없음,승용,남,33세,경상
2012072800100442,2012년 7월 28일 17시,토요일,제주특별자치도 제주시 애월읍,중상사고,0,1,2,0,차대차 - 기타,안전운전불이행,건조,맑음,교차로 - 교차로부근,승합,남,22세,상해없음,승용,여,41세,경상
2012072800100443,2012년 7월 28일 17시,토요일,제주특별자치도 제주시 한림읍,경상사고,0,0,1,0,차대차 - 기타,교차로운행방법위반,건조,맑음,교차로 - 교차로안,승용,남,33세,상해없음,이륜,남,79세,경상
2012072800100475,2012년 7월 28일 18시,토요일,제주특별자치도 제주시 화북일동,중상사고,0,1,0,0,차대사람 - 횡단중,보행자보호의무위반,건조,맑음,단일로 - 횡단보도상,승합,남,37세,상해없음,보행자,남,16세,중상
2012072800100549,2012년 7월 28일 20시,토요일,제주특별자치도 제주시 이도이동,경상사고,0,0,1,0,차대차 - 측면직각충돌,안전거리미확보,건조,맑음,단일로 - 기타,승용,남,33세,상해없음,승용,여,25세,경상
2012072800100597,2012년 7월 28일 21시,토요일,제주특별자치도 제주시 연동,경상사고,0,0,1,0,차대차 - 기타,안전운전불이행,건조,맑음,단일로 - 횡단보도상,승용,남,37세,상해없음,자전거,남,27세,경상
2012072900100016,2012년 7월 29일 00시,일요일,제주특별자치도 제주시 일도이동,중상사고,0,1,0,0,차대사람 - 기타,안전운전불이행,건조,맑음,교차로 - 교차로부근,승용,여,28세,상해없음,보행자,여,41세,중상
2012072900100052,2012년 7월 29일 02시,일요일,제주특별자치도 제주시 화북일동,사망사고,1,0,0,0,차대사람 - 횡단중,보행자보호의무위반,건조,맑음,단일로 - 횡단보도상,승용,남,36세,상해없음,보행자,여,38세,사망
2012072900100220,2012년 7월 29일 12시,일요일,제주특별자치도 제주시 도남동,경상사고,0,0,1,0,차대차 - 측면직각충돌,교차로운행방법위반,건조,맑음,교차로 - 교차로안,이륜,남,24세,경상,승합,남,38세,상해없음
2012072900100221,2012년 7월 29일 12시,일요일,제주특별자치도 서귀포시 성산읍,중상사고,0,1,1,0,차대차 - 측면직각충돌,직진우회전진행방해,건조,맑음,교차로 - 교차로안,승용,남,28세,상해없음,농기계,남,74세,중상
2012072900100268,2012년 7월 29일 14시,일요일,제주특별자치도 제주시 일도일동,경상사고,0,0,1,0,차대차 - 측면직각충돌,안전운전불이행,건조,맑음,단일로 - 기타,승용,여,43세,상해없음,승용,여,58세,경상
2012072900100337,2012년 7월 29일 16시,일요일,제주특별자치도 제주시 구좌읍,중상사고,0,1,0,0,차량단독 - 공작물충돌,안전운전불이행,건조,맑음,단일로 - 기타,화물,남,43세,중상,,,,
2012072900100434,2012년 7월 29일 19시,일요일,제주특별자치도 서귀포시 안덕면,경상사고,0,0,1,0,차대차 - 추돌 - 진행중,안전운전불이행,건조,맑음,단일로 - 기타,원동기,여,55세,경상,농기계,남,74세,상해없음
2012073000100044,2012년 7월 30일 04시,월요일,제주특별자치도 서귀포시 토평동,부상신고사고,0,0,0,1,차량단독 - 공작물충돌,안전운전불이행,건조,맑음,단일로 - 기타,화물,남,47세,부상신고,,,,
2012073000100050,2012년 7월 30일 05시,월요일,제주특별자치도 제주시 조천읍,경상사고,0,0,1,0,차량단독 - 공작물충돌,안전운전불이행,건조,맑음,단일로 - 기타,승용,여,25세,경상,,,,
2012073000100116,2012년 7월 30일 08시,월요일,제주특별자치도 서귀포시 동홍동,중상사고,0,1,1,0,차대차 - 측면직각충돌,직진우회전진행방해,건조,맑음,교차로 - 교차로안,승용,여,46세,상해없음,승용,남,41세,중상
2012073000100117,2012년 7월 30일 08시,월요일,제주특별자치도 서귀포시 동홍동,경상사고,0,0,2,0,차대차 - 측면직각충돌,직진우회전진행방해,건조,맑음,교차로 - 교차로안,승용,여,46세,경상,승용,남,41세,상해없음
2012073000100217,2012년 7월 30일 11시,월요일,제주특별자치도 제주시 우도면,중상사고,0,1,0,0,차량단독 - 공작물충돌,안전운전불이행,건조,맑음,단일로 - 기타,원동기,여,30세,중상,,,,
2012073000100218,2012년 7월 30일 11시,월요일,제주특별자치도 제주시 이도이동,경상사고,0,0,1,0,차대차 - 측면직각충돌,안전운전불이행,건조,맑음,교차로 - 교차로부근,승용,남,44세,상해없음,승용,여,29세,경상
2012073000100219,2012년 7월 30일 11시,월요일,제주특별자치도 제주시 용담이동,경상사고,0,0,1,0,차대차 - 측면직각충돌,안전운전불이행,건조,맑음,교차로 - 교차로안,화물,남,46세,상해없음,승용,남,35세,경상
2012073000100250,2012년 7월 30일 12시,월요일,제주특별자치도 서귀포시 성산읍,중상사고,0,3,1,0,차대차 - 측면직각충돌,직진우회전진행방해,건조,맑음,교차로 - 교차로안,건설기계,남,59세,상해없음,승용,여,31세,중상
2012073000100289,2012년 7월 30일 13시,월요일,제주특별자치도 서귀포시 동홍동,경상사고,0,0,1,0,차대차 - 측면직각충돌,안전운전불이행,건조,맑음,단일로 - 기타,승용,남,59세,상해없음,자전거,남,7세,경상
2012073000100406,2012년 7월 30일 16시,월요일,제주특별자치도 제주시 노형동,경상사고,0,0,2,0,차대차 - 측면직각충돌,안전운전불이행,건조,맑음,단일로 - 기타,승용,남,69세,상해없음,승용,남,33세,경상
2012073000100443,2012년 7월 30일 17시,월요일,제주특별자치도 제주시 용담일동,경상사고,0,0,1,0,차대차 - 측면직각충돌,안전거리미확보,건조,맑음,단일로 - 기타,승합,여,62세,상해없음,승합,남,51세,상해없음
2012073000100490,2012년 7월 30일 18시,월요일,제주특별자치도 서귀포시 표선면,경상사고,0,0,3,0,차대차 - 측면직각충돌,기타,건조,맑음,교차로 - 교차로안,승용,남,33세,경상,승용,여,29세,경상
2012073000100491,2012년 7월 30일 18시,월요일,제주특별자치도 서귀포시 도순동,경상사고,0,0,1,0,차대사람 - 횡단중,안전운전불이행,건조,맑음,단일로 - 기타,원동기,남,54세,상해없음,보행자,여,84세,경상
2012073000100581,2012년 7월 30일 21시,월요일,제주특별자치도 제주시 아라일동,중상사고,0,1,0,0,차대사람 - 횡단중,보행자보호의무위반,건조,맑음,교차로 - 교차로부근,승용,남,56세,상해없음,보행자,남,30세,중상
2012073100100354,2012년 7월 31일 16시,화요일,제주특별자치도 서귀포시 남원읍,중상사고,0,1,0,0,차량단독 - 기타,안전운전불이행,건조,맑음,단일로 - 기타,승용,남,52세,상해없음,,,,
2012073100100390,2012년 7월 31일 17시,화요일,제주특별자치도 제주시 이호일동,중상사고,0,1,1,0,차대차 - 추돌 - 진행중,직진우회전진행방해,건조,맑음,교차로 - 교차로안,승용,남,21세,상해없음,승용,남,44세,상해없음
2012073100100424,2012년 7월 31일 18시,화요일,제주특별자치도 제주시 일도이동,중상사고,0,2,1,0,차대차 - 측면직각충돌,교차로운행방법위반,건조,맑음,교차로 - 교차로안,승합,남,62세,상해없음,승용,남,26세,상해없음
2012073100100425,2012년 7월 31일 18시,화요일,제주특별자치도 제주시 애월읍,경상사고,0,0,1,2,차대차 - 측면직각충돌,안전운전불이행,건조,맑음,단일로 - 기타,승용,여,39세,부상신고,승합,남,40세,상해없음
2012073100100426,2012년 7월 31일 18시,화요일,제주특별자치도 제주시 한경면,중상사고,0,2,0,2,차대차 - 기타,안전운전불이행,건조,맑음,단일로 - 기타,기타불명,기타불명,기타불명,기타불명,승용,여,66세,중상
2012073100100488,2012년 7월 31일 20시,화요일,제주특별자치도 제주시 연동,경상사고,0,0,1,0,차대차 - 기타,안전운전불이행,건조,맑음,단일로 - 횡단보도부근,승용,남,46세,상해없음,승용,여,56세,경상
2012073100100519,2012년 7월 31일 21시,화요일,제주특별자치도 제주시 삼도일동,경상사고,0,0,1,0,차대차 - 측면직각충돌,안전거리미확보,건조,맑음,교차로 - 교차로부근,승용,남,52세,상해없음,승용,여,25세,경상
2012080100100141,2012년 8월 1일 09시,수요일,제주특별자치도 제주시 건입동,중상사고,0,1,0,0,차대차 - 측면직각충돌,신호위반,건조,맑음,교차로 - 교차로안,승용,남,37세,상해없음,이륜,남,78세,중상
2012080100100142,2012년 8월 1일 09시,수요일,제주특별자치도 서귀포시 서호동,중상사고,0,1,0,0,차대차 - 정면충돌,신호위반,건조,맑음,교차로 - 교차로안,승합,남,67세,상해없음,승용,여,56세,중상
2012080100100264,2012년 8월 1일 13시,수요일,제주특별자치도 제주시 이도이동,경상사고,0,0,1,0,차대차 - 측면직각충돌,교차로운행방법위반,건조,맑음,교차로 - 교차로안,승용,남,42세,상해없음,승용,여,39세,경상
2012080100100294,2012년 8월 1일 14시,수요일,제주특별자치도 제주시 도남동,경상사고,0,0,1,0,차대차 - 측면직각충돌,안전운전불이행,건조,맑음,교차로 - 교차로부근,자전거,남,17세,경상,승용,남,52세,상해없음
2012080100100428,2012년 8월 1일 18시,수요일,제주특별자치도 제주시 노형동,경상사고,0,0,1,0,차대차 - 기타,안전운전불이행,건조,맑음,단일로 - 기타,승용,남,31세,상해없음,자전거,남,8세,경상
2012080100100464,2012년 8월 1일 19시,수요일,제주특별자치도 제주시 삼도일동,중상사고,0,1,0,0,차대차 - 측면직각충돌,안전운전불이행,건조,맑음,교차로 - 교차로부근,이륜,남,82세,중상,승용,남,54세,상해없음
2012080100100525,2012년 8월 1일 21시,수요일,제주특별자치도 서귀포시 표선면,중상사고,0,4,2,0,차량단독 - 공작물충돌,안전운전불이행,건조,맑음,단일로 - 기타,승합,남,37세,상해없음,,,,
2012080100100549,2012년 8월 1일 22시,수요일,제주특별자치도 제주시 이도이동,경상사고,0,0,1,0,차대사람 - 횡단중,보행자보호의무위반,건조,맑음,단일로 - 횡단보도상,승용,여,24세,상해없음,보행자,여,52세,경상
2012080100100574,2012년 8월 1일 23시,수요일,제주특별자치도 제주시 이도이동,경상사고,0,0,1,0,차대차 - 측면직각충돌,신호위반,건조,흐림,교차로 - 교차로안,자전거,남,35세,경상,승용,남,64세,상해없음
2012080200100013,2012년 8월 2일 00시,목요일,제주특별자치도 제주시 이도이동,경상사고,0,0,1,0,차대사람 - 횡단중,중앙선침범,습기,비,단일로 - 기타,승용,남,29세,상해없음,보행자,여,28세,경상
2012080200100024,2012년 8월 2일 01시,목요일,제주특별자치도 제주시 이도이동,사망사고,1,0,0,0,차대사람 - 횡단중,안전운전불이행,건조,맑음,교차로 - 교차로안,승용,남,34세,상해없음,보행자,남,44세,사망
2012080200100025,2012년 8월 2일 01시,목요일,제주특별자치도 제주시 이호일동,부상신고사고,0,0,0,1,차량단독 - 공작물충돌,안전운전불이행,습기,비,단일로 - 기타,화물,남,32세,부상신고,,,,
2012080200100136,2012년 8월 2일 09시,목요일,제주특별자치도 제주시 노형동,경상사고,0,0,1,0,차대차 - 측면직각충돌,안전운전불이행,습기,비,교차로 - 교차로안,승용,여,36세,상해없음,승용,여,39세,경상
2012080200100163,2012년 8월 2일 10시,목요일,제주특별자치도 서귀포시 표선면,중상사고,0,1,0,0,차량단독 - 공작물충돌,안전운전불이행,습기,비,단일로 - 기타,승용,남,57세,중상,,,,
2012080200100223,2012년 8월 2일 12시,목요일,제주특별자치도 서귀포시 서귀동,중상사고,0,1,0,0,차대사람 - 횡단중,보행자보호의무위반,습기,비,단일로 - 기타,승용,남,45세,상해없음,보행자,여,66세,중상
2012080200100224,2012년 8월 2일 12시,목요일,제주특별자치도 제주시 애월읍,중상사고,0,1,0,0,차대차 - 측면직각충돌,직진우회전진행방해,건조,맑음,교차로 - 교차로안,승용,여,38세,상해없음,이륜,남,74세,중상
2012080200100256,2012년 8월 2일 13시,목요일,제주특별자치도 제주시 이도이동,경상사고,0,0,1,0,차대차 - 측면직각충돌,안전운전불이행,건조,맑음,단일로 - 기타,승용,남,36세,상해없음,승용,여,24세,경상
2012080200100257,2012년 8월 2일 13시,목요일,제주특별자치도 서귀포시 법환동,경상사고,0,0,1,0,차대사람 - 횡단중,보행자보호의무위반,건조,맑음,단일로 - 횡단보도상,승합,남,21세,상해없음,보행자,여,10세,경상
2012080200100258,2012년 8월 2일 13시,목요일,제주특별자치도 서귀포시 법환동,경상사고,0,0,1,0,차대차 - 측면직각충돌,직진우회전진행방해,습기,비,교차로 - 교차로안,승용,여,60세,상해없음,승용,남,31세,경상
2012080200100310,2012년 8월 2일 15시,목요일,제주특별자치도 제주시 한림읍,경상사고,0,0,1,0,차대차 - 측면직각충돌,신호위반,건조,맑음,교차로 - 교차로안,승용,남,63세,상해없음,승용,남,53세,경상
2012080200100422,2012년 8월 2일 18시,목요일,제주특별자치도 제주시 내도동,경상사고,0,0,1,0,차대차 - 기타,안전거리미확보,습기,비,단일로 - 기타,승용,남,43세,상해없음,승용,남,32세,경상
2012080200100533,2012년 8월 2일 21시,목요일,제주특별자치도 제주시 연동,중상사고,0,1,0,0,차대사람 - 기타,보행자보호의무위반,건조,맑음,교차로 - 교차로부근,승용,남,29세,기타불명,보행자,여,25세,중상
2012080200100557,2012년 8월 2일 22시,목요일,제주특별자치도 제주시 일도이동,경상사고,0,0,1,0,차대차 - 추돌 - 주정차중,안전운전불이행,건조,흐림,기타 - 기타,승용,여,51세,상해없음,화물,남,51세,경상
2012080300100065,2012년 8월 3일 05시,금요일,제주특별자치도 서귀포시 중문동,경상사고,0,0,1,0,차량단독 - 주차차량충돌,안전운전불이행,건조,맑음,단일로 - 기타,원동기,남,18세,경상,,,,
2012080300100149,2012년 8월 3일 09시,금요일,제주특별자치도 제주시 삼양이동,중상사고,0,2,1,0,차대차 - 측면직각충돌,신호위반,건조,맑음,교차로 - 교차로안,승용,여,57세,경상,승용,남,40세,중상
2012080300100242,2012년 8월 3일 12시,금요일,제주특별자치도 서귀포시 안덕면,경상사고,0,0,1,0,차량단독 - 전도전복,안전운전불이행,건조,맑음,단일로 - 기타,화물,남,31세,경상,,,,
2012080300100322,2012년 8월 3일 15시,금요일,제주특별자치도 제주시 노형동,경상사고,0,0,1,0,차대차 - 측면직각충돌,안전운전불이행,건조,맑음,단일로 - 기타,화물,여,34세,상해없음,승용,남,45세,경상
2012080300100399,2012년 8월 3일 17시,금요일,제주특별자치도 제주시 이도이동,경상사고,0,0,2,0,차대차 - 측면직각충돌,교차로운행방법위반,건조,맑음,교차로 - 교차로안,승용,남,50세,경상,승용,남,53세,경상
2012080300100446,2012년 8월 3일 18시,금요일,제주특별자치도 제주시 오라삼동,중상사고,0,1,0,0,차대사람 - 기타,과속,건조,맑음,단일로 - 기타,승용,남,22세,상해없음,보행자,여,15세,중상
2012080300100447,2012년 8월 3일 18시,금요일,제주특별자치도 서귀포시 서귀동,경상사고,0,0,1,0,차대차 - 추돌 - 진행중,안전운전불이행,건조,맑음,교차로 - 교차로부근,화물,남,72세,상해없음,승용,남,42세,상해없음