사고번호,사고일시,요일,시군구,사고내용,사망자수,중상자수,경상자수,부상신고자수,사고유형,법규위반,노면상태,기상상태,도로형태,가해운전자 차종,가해운전자 성별,가해운전자 연령,가해운전자 상해정도,피해운전자 차종,피해운전자 성별,피해운전자 연령,피해운전자 상해정도
2012082500100364,2012년 8월 25일 13시,토요일,제주특별자치도 서귀포시 안덕면,중상사고,0,2,2,0,차대차 - 측면직각충돌,직진우회전진행방해,건조,맑음,교차로 - 교차로안,건설기계,남,64세,상해없음,승용,남,43세,중상
2012082500100394,2012년 8월 25일 14시,토요일,제주특별자치도 제주시 구좌읍,경상사고,0,0,1,0,차대차 - 측면직각충돌,안전운전불이행,건조,맑음,교차로 - 교차로안,승용,여,31세,상해없음,이륜,여,53세,경상
2012082500100466,2012년 8월 25일 16시,토요일,제주특별자치도 서귀포시 강정동,경상사고,0,0,1,0,차대차 - 기타,안전운전불이행,건조,맑음,단일로 - 기타,승용,남,29세,상해없음,이륜,남,15세,경상
2012082500100467,2012년 8월 25일 16시,토요일,제주특별자치도 제주시 연동,중상사고,0,1,1,0,차대차 - 추돌 - 진행중,안전거리미확보,건조,맑음,교차로 - 교차로부근,승합,남,49세,상해없음,화물,남,54세,경상
2012082500100663,2012년 8월 25일 22시,토요일,제주특별자치도 서귀포시 토평동,사망사고,1,0,0,0,차량단독 - 공작물충돌,안전운전불이행,건조,맑음,단일로 - 기타,승용,남,58세,사망,,,,
2012082500100664,2012년 8월 25일 22시,토요일,제주특별자치도 제주시 연동,경상사고,0,0,1,0,차대차 - 추돌 - 진행중,안전거리미확보,건조,맑음,교차로 - 교차로부근,승용,남,62세,상해없음,승용,남,49세,상해없음
2012082600100089,2012년 8월 26일 04시,일요일,제주특별자치도 제주시 조천읍,경상사고,0,0,1,0,차량단독 - 공작물충돌,안전운전불이행,건조,맑음,단일로 - 기타,승용,남,54세,상해없음,,,,
2012082600100110,2012년 8월 26일 06시,일요일,제주특별자치도 서귀포시 남원읍,중상사고,0,1,0,0,차대차 - 추돌 - 진행중,안전운전불이행,건조,맑음,단일로 - 기타,승용,남,44세,상해없음,농기계,남,67세,중상
2012082600100153,2012년 8월 26일 09시,일요일,제주특별자치도 제주시 한림읍,경상사고,0,0,1,0,차대차 - 기타,안전운전불이행,건조,맑음,단일로 - 기타,승용,남,61세,상해없음,이륜,남,26세,경상
2012082600100184,2012년 8월 26일 10시,일요일,제주특별자치도 제주시 화북일동,경상사고,0,0,1,0,차대차 - 추돌 - 진행중,안전거리미확보,건조,맑음,단일로 - 기타,승용,남,45세,상해없음,승용,남,39세,경상
2012082600100227,2012년 8월 26일 12시,일요일,제주특별자치도 서귀포시 표선면,부상신고사고,0,0,0,1,차대차 - 측면직각충돌,기타,건조,맑음,교차로 - 교차로안,승용,남,40세,부상신고,승용,남,29세,상해없음
2012082600100256,2012년 8월 26일 13시,일요일,제주특별자치도 제주시 애월읍,중상사고,0,4,7,1,차대차 - 측면직각충돌,직진우회전진행방해,건조,맑음,교차로 - 교차로안,승합,남,43세,상해없음,화물,남,26세,경상
2012082600100287,2012년 8월 26일 14시,일요일,제주특별자치도 서귀포시 안덕면,중상사고,0,3,0,0,차량단독 - 공작물충돌,안전운전불이행,건조,맑음,단일로 - 기타,승합,남,64세,중상,,,,
2012082600100407,2012년 8월 26일 18시,일요일,제주특별자치도 서귀포시 동홍동,중상사고,0,2,0,0,차대차 - 추돌 - 진행중,안전운전불이행,건조,맑음,교차로 - 교차로부근,승용,남,53세,상해없음,승용,여,33세,중상
2012082600100440,2012년 8월 26일 19시,일요일,제주특별자치도 제주시 조천읍,경상사고,0,0,1,0,차량단독 - 공작물충돌,안전운전불이행,건조,맑음,단일로 - 기타,승용,남,43세,경상,,,,
2012082600100441,2012년 8월 26일 19시,일요일,제주특별자치도 서귀포시 대정읍,경상사고,0,0,3,0,차대차 - 추돌 - 진행중,안전운전불이행,건조,맑음,단일로 - 기타,승용,여,45세,경상,화물,남,76세,경상
2012082600100498,2012년 8월 26일 21시,일요일,제주특별자치도 서귀포시 서귀동,중상사고,0,1,0,0,차대차 - 기타,안전거리미확보,건조,맑음,교차로 - 교차로부근,승용,여,32세,상해없음,이륜,남,25세,중상
2012082600100523,2012년 8월 26일 22시,일요일,제주특별자치도 서귀포시 강정동,부상신고사고,0,0,0,1,차량단독 - 공작물충돌,안전운전불이행,건조,맑음,단일로 - 기타,승용,남,49세,부상신고,,,,
2012082700100022,2012년 8월 27일 01시,월요일,제주특별자치도 제주시 아라일동,경상사고,0,0,2,0,차대차 - 측면직각충돌,교차로운행방법위반,건조,기타,교차로 - 교차로안,승용,남,24세,상해없음,승용,여,49세,경상
2012082700100146,2012년 8월 27일 08시,월요일,제주특별자치도 제주시 애월읍,부상신고사고,0,0,0,1,차대차 - 추돌 - 진행중,안전거리미확보,건조,흐림,교차로 - 교차로부근,승합,남,53세,상해없음,화물,남,28세,상해없음
2012082700100215,2012년 8월 27일 10시,월요일,제주특별자치도 제주시 일도이동,중상사고,0,1,0,0,차대차 - 측면직각충돌,신호위반,건조,맑음,단일로 - 기타,승용,남,53세,상해없음,자전거,남,11세,중상
2012082700100216,2012년 8월 27일 10시,월요일,제주특별자치도 서귀포시 서귀동,경상사고,0,0,1,0,차대차 - 기타,안전거리미확보,건조,맑음,단일로 - 기타,승용,남,58세,상해없음,원동기,남,35세,경상
2012082700100217,2012년 8월 27일 10시,월요일,제주특별자치도 제주시 용담이동,경상사고,0,0,1,0,차대사람 - 기타,안전운전불이행,건조,맑음,교차로 - 교차로안,승용,남,69세,상해없음,보행자,여,73세,경상
2012082700100336,2012년 8월 27일 14시,월요일,제주특별자치도 제주시 노형동,경상사고,0,0,1,0,차대차 - 측면직각충돌,안전거리미확보,습기,비,교차로 - 교차로부근,승용,남,35세,상해없음,승용,여,30세,상해없음
2012082700100373,2012년 8월 27일 15시,월요일,제주특별자치도 제주시 이도일동,중상사고,0,1,0,0,차대사람 - 횡단중,안전운전불이행,습기,흐림,단일로 - 기타,승용,여,27세,상해없음,보행자,남,41세,중상
2012082700100374,2012년 8월 27일 15시,월요일,제주특별자치도 제주시 화북일동,중상사고,0,1,1,0,차대차 - 측면직각충돌,교차로운행방법위반,습기,비,교차로 - 교차로안,승용,남,33세,상해없음,승합,남,49세,중상
2012082700100420,2012년 8월 27일 16시,월요일,제주특별자치도 서귀포시 성산읍,경상사고,0,0,2,0,차대차 - 기타,중앙선침범,습기,비,교차로 - 교차로부근,승용,남,42세,상해없음,승용,여,43세,경상
2012082700100453,2012년 8월 27일 17시,월요일,제주특별자치도 제주시 화북일동,중상사고,0,1,0,0,차대차 - 측면직각충돌,교차로운행방법위반,습기,비,교차로 - 교차로안,승용,남,49세,상해없음,승용,여,30세,중상
2012082700100510,2012년 8월 27일 19시,월요일,제주특별자치도 제주시 오라일동,중상사고,0,1,0,0,차대차 - 측면직각충돌,신호위반,습기,비,교차로 - 교차로안,승용,남,47세,상해없음,승용,여,49세,중상
2012082700100511,2012년 8월 27일 19시,월요일,제주특별자치도 서귀포시 강정동,경상사고,0,0,1,0,차대차 - 측면직각충돌,안전운전불이행,습기,비,교차로 - 교차로안,승용,남,39세,상해없음,승용,여,53세,경상
2012082800100174,2012년 8월 28일 11시,화요일,제주특별자치도 제주시 이도이동,경상사고,0,0,1,0,차대사람 - 횡단중,보행자보호의무위반,건조,기타,단일로 - 기타,승용,여,43세,상해없음,보행자,남,9세,경상
2012082800100248,2012년 8월 28일 16시,화요일,제주특별자치도 제주시 노형동,경상사고,0,0,2,1,차대차 - 기타,직진우회전진행방해,건조,맑음,교차로 - 교차로안,승용,남,35세,상해없음,승용,남,56세,상해없음
2012082800100268,2012년 8월 28일 17시,화요일,제주특별자치도 제주시 이도이동,경상사고,0,0,1,0,차대사람 - 횡단중,안전운전불이행,건조,맑음,교차로 - 교차로부근,승용,여,26세,상해없음,보행자,남,43세,경상
2012082900100036,2012년 8월 29일 02시,수요일,제주특별자치도 제주시 한림읍,경상사고,0,0,1,0,차대차 - 기타,안전운전불이행,건조,맑음,단일로 - 기타,승용,여,43세,상해없음,승용,남,30세,경상
2012082900100113,2012년 8월 29일 08시,수요일,제주특별자치도 서귀포시 남원읍,경상사고,0,0,1,0,차량단독 - 전도전복,안전운전불이행,습기,맑음,단일로 - 기타,화물,남,51세,경상,,,,
2012082900100143,2012년 8월 29일 09시,수요일,제주특별자치도 제주시 삼도일동,경상사고,0,0,2,0,차대차 - 측면직각충돌,신호위반,건조,맑음,교차로 - 교차로부근,화물,남,34세,경상,승용,여,38세,경상
2012082900100175,2012년 8월 29일 10시,수요일,제주특별자치도 서귀포시 서귀동,부상신고사고,0,0,0,1,차대차 - 기타,안전거리미확보,건조,맑음,교차로 - 교차로안,이륜,남,60세,부상신고,승용,남,29세,상해없음
2012082900100225,2012년 8월 29일 12시,수요일,제주특별자치도 제주시 연동,경상사고,0,0,2,0,차대차 - 측면직각충돌,직진우회전진행방해,건조,흐림,교차로 - 교차로안,승용,남,43세,상해없음,승용,남,74세,경상
2012082900100249,2012년 8월 29일 13시,수요일,제주특별자치도 서귀포시 남원읍,부상신고사고,0,0,0,1,차량단독 - 도로외이탈 - 기타,안전운전불이행,건조,맑음,단일로 - 기타,화물,남,57세,부상신고,,,,
2012082900100281,2012년 8월 29일 14시,수요일,제주특별자치도 제주시 애월읍,경상사고,0,0,2,0,차량단독 - 공작물충돌,안전운전불이행,건조,흐림,단일로 - 기타,승용,남,44세,경상,,,,
2012082900100316,2012년 8월 29일 15시,수요일,제주특별자치도 제주시 애월읍,중상사고,0,1,0,0,차대사람 - 기타,안전운전불이행,건조,흐림,단일로 - 기타,화물,남,37세,상해없음,보행자,여,7세,중상
2012082900100358,2012년 8월 29일 16시,수요일,제주특별자치도 서귀포시 남원읍,중상사고,0,1,1,0,차대차 - 기타,중앙선침범,습기,비,단일로 - 기타,승용,남,33세,상해없음,승용,남,46세,중상
2012082900100359,2012년 8월 29일 16시,수요일,제주특별자치도 제주시 한경면,중상사고,0,1,0,0,차대사람 - 기타,안전운전불이행,건조,흐림,단일로 - 기타,화물,남,51세,상해없음,보행자,여,7세,중상
2012082900100404,2012년 8월 29일 17시,수요일,제주특별자치도 서귀포시 서귀동,중상사고,0,1,0,0,차대사람 - 횡단중,보행자보호의무위반,건조,흐림,단일로 - 기타,승용,여,46세,상해없음,보행자,여,79세,중상
2012082900100458,2012년 8월 29일 18시,수요일,제주특별자치도 제주시 조천읍,중상사고,0,1,0,0,차량단독 - 공작물충돌,안전운전불이행,기타,비,단일로 - 기타,승용,여,51세,상해없음,,,,
2012082900100459,2012년 8월 29일 18시,수요일,제주특별자치도 제주시 용담일동,중상사고,0,1,0,0,차대사람 - 횡단중,안전운전불이행,습기,흐림,단일로 - 기타,승용,남,32세,상해없음,보행자,남,46세,중상
2012082900100544,2012년 8월 29일 20시,수요일,제주특별자치도 제주시 용담일동,경상사고,0,0,1,0,차대차 - 측면직각충돌,안전운전불이행,건조,맑음,단일로 - 기타,승용,남,29세,상해없음,승용,남,29세,경상
2012082900100545,2012년 8월 29일 20시,수요일,제주특별자치도 제주시 연동,중상사고,0,1,0,0,차대사람 - 횡단중,안전운전불이행,습기,비,단일로 - 기타,승용,남,61세,상해없음,보행자,남,29세,중상
2012082900100546,2012년 8월 29일 20시,수요일,제주특별자치도 제주시 연동,경상사고,0,0,4,0,차대차 - 측면직각충돌,직진우회전진행방해,습기,비,교차로 - 교차로안,승용,남,28세,경상,승용,남,56세,상해없음
2012082900100584,2012년 8월 29일 21시,수요일,제주특별자치도 제주시 이도이동,중상사고,0,1,0,0,차대사람 - 횡단중,안전운전불이행,습기,비,교차로 - 교차로안,승용,남,52세,상해없음,보행자,남,32세,중상
2012082900100665,2012년 8월 29일 23시,수요일,제주특별자치도 제주시 노형동,중상사고,0,1,1,0,차대차 - 기타,직진우회전진행방해,습기,비,교차로 - 교차로안,승용,남,49세,경상,승용,남,46세,중상
2012083000100070,2012년 8월 30일 03시,목요일,제주특별자치도 제주시 이도이동,경상사고,0,0,1,0,차대사람 - 횡단중,안전운전불이행,습기,비,단일로 - 기타,승용,남,34세,상해없음,보행자,여,23세,경상
2012083000100071,2012년 8월 30일 03시,목요일,제주특별자치도 제주시 삼도이동,경상사고,0,0,3,0,차대차 - 측면직각충돌,교차로운행방법위반,습기,비,교차로 - 교차로안,승용,남,49세,상해없음,승용,남,24세,경상
2012083000100093,2012년 8월 30일 05시,목요일,제주특별자치도 제주시 용담이동,경상사고,0,0,1,0,차대차 - 기타,직진우회전진행방해,건조,흐림,교차로 - 교차로안,화물,남,63세,상해없음,승용,여,57세,경상
2012083000100104,2012년 8월 30일 06시,목요일,제주특별자치도 제주시 이도일동,중상사고,0,1,0,0,차대사람 - 횡단중,안전운전불이행,습기,비,단일로 - 기타,승용,남,67세,상해없음,보행자,여,76세,중상
2012083000100311,2012년 8월 30일 14시,목요일,제주특별자치도 제주시 조천읍,경상사고,0,0,1,0,차량단독 - 공작물충돌,안전운전불이행,건조,맑음,단일로 - 기타,승용,여,45세,경상,,,,
2012083000100312,2012년 8월 30일 14시,목요일,제주특별자치도 서귀포시 서귀동,경상사고,0,0,1,0,차대사람 - 기타,기타,건조,맑음,단일로 - 기타,승합,남,53세,상해없음,보행자,남,36세,경상
2012083000100350,2012년 8월 30일 16시,목요일,제주특별자치도 제주시 화북일동,경상사고,0,0,1,0,차대차 - 측면직각충돌,신호위반,건조,맑음,교차로 - 교차로안,이륜,남,42세,경상,승용,남,62세,상해없음
2012083000100351,2012년 8월 30일 16시,목요일,제주특별자치도 서귀포시 중문동,경상사고,0,0,1,0,차대차 - 기타,직진우회전진행방해,건조,맑음,교차로 - 교차로안,승용,남,32세,상해없음,승합,남,38세,경상
2012083000100352,2012년 8월 30일 16시,목요일,제주특별자치도 제주시 연동,중상사고,0,1,0,0,차대사람 - 기타,안전운전불이행,건조,맑음,기타 - 기타,승합,남,52세,상해없음,보행자,남,15세,중상
2012083000100376,2012년 8월 30일 17시,목요일,제주특별자치도 서귀포시 표선면,경상사고,0,0,1,0,차대차 - 기타,직진우회전진행방해,건조,맑음,교차로 - 교차로안,화물,남,28세,상해없음,화물,남,29세,경상
2012083000100446,2012년 8월 30일 19시,목요일,제주특별자치도 제주시 삼도이동,경상사고,0,0,1,0,차대차 - 측면직각충돌,안전운전불이행,건조,맑음,단일로 - 기타,승용,남,43세,상해없음,자전거,남,8세,경상
2012083000100558,2012년 8월 30일 22시,목요일,제주특별자치도 제주시 이도이동,중상사고,0,1,0,0,차대사람 - 횡단중,보행자보호의무위반,건조,맑음,단일로 - 횡단보도상,승용,여,40세,상해없음,보행자,남,17세,중상
2012083100100021,2012년 8월 31일 00시,금요일,제주특별자치도 제주시 한경면,중상사고,0,1,0,0,차량단독 - 공작물충돌,안전운전불이행,건조,맑음,교차로 - 교차로부근,승용,남,43세,중상,,,,
2012083100100043,2012년 8월 31일 01시,금요일,제주특별자치도 제주시 한림읍,중상사고,0,2,0,0,차대차 - 측면직각충돌,직진우회전진행방해,건조,맑음,교차로 - 교차로안,원동기,남,21세,중상,승용,남,44세,상해없음
2012083100100059,2012년 8월 31일 02시,금요일,제주특별자치도 제주시 구좌읍,중상사고,0,1,2,0,차대차 - 측면직각충돌,교차로운행방법위반,건조,흐림,교차로 - 교차로안,화물,남,73세,중상,승용,남,49세,경상
2012083100100088,2012년 8월 31일 05시,금요일,제주특별자치도 제주시 삼도일동,경상사고,0,0,1,0,차대차 - 측면직각충돌,교차로운행방법위반,건조,맑음,교차로 - 교차로안,승용,남,21세,상해없음,승용,남,47세,상해없음
2012083100100089,2012년 8월 31일 05시,금요일,제주특별자치도 서귀포시 표선면,경상사고,0,0,1,0,차대차 - 측면직각충돌,안전운전불이행,건조,맑음,단일로 - 기타,화물,남,72세,상해없음,승용,남,50세,상해없음
2012083100100164,2012년 8월 31일 08시,금요일,제주특별자치도 서귀포시 표선면,경상사고,0,0,1,0,차대차 - 측면직각충돌,직진우회전진행방해,건조,맑음,교차로 - 교차로안,승용,남,35세,상해없음,승용,여,52세,경상
2012083100100332,2012년 8월 31일 14시,금요일,제주특별자치도 제주시 건입동,중상사고,0,1,1,0,차대차 - 추돌 - 주정차중,안전운전불이행,건조,맑음,단일로 - 기타,화물,남,56세,상해없음,화물,남,42세,경상
2012083100100365,2012년 8월 31일 15시,금요일,제주특별자치도 제주시 이도이동,경상사고,0,0,2,0,차대차 - 측면직각충돌,안전운전불이행,건조,맑음,단일로 - 기타,자전거,남,13세,경상,승용,남,53세,상해없음
2012083100100391,2012년 8월 31일 16시,금요일,제주특별자치도 서귀포시 하원동,중상사고,0,1,0,0,차대차 - 추돌 - 진행중,안전운전불이행,건조,맑음,단일로 - 기타,원동기,남,67세,중상,승용,여,30세,상해없음
2012083100100392,2012년 8월 31일 16시,금요일,제주특별자치도 제주시 애월읍,경상사고,0,0,1,0,차대차 - 기타,안전운전불이행,건조,맑음,단일로 - 기타,승용,남,52세,경상,화물,남,46세,상해없음
2012083100100480,2012년 8월 31일 18시,금요일,제주특별자치도 제주시 도남동,중상사고,0,1,1,0,차대차 - 측면직각충돌,안전거리미확보,건조,맑음,단일로 - 기타,승용,남,52세,상해없음,승용,남,46세,경상
2012083100100481,2012년 8월 31일 18시,금요일,제주특별자치도 제주시 구좌읍,중상사고,0,2,1,0,차대차 - 측면직각충돌,안전운전불이행,건조,맑음,단일로 - 기타,승합,남,40세,상해없음,승용,여,28세,중상
2012083100100482,2012년 8월 31일 18시,금요일,제주특별자치도 서귀포시 동홍동,사망사고,1,0,0,0,차대차 - 측면직각충돌,직진우회전진행방해,건조,맑음,교차로 - 교차로안,화물,남,29세,상해없음,이륜,남,80세,사망
2012083100100655,2012년 8월 31일 22시,금요일,제주특별자치도 제주시 삼도이동,경상사고,0,0,1,0,차대차 - 추돌 - 주정차중,안전운전불이행,건조,맑음,교차로 - 교차로부근,승용,여,40세,상해없음,승용,남,41세,경상
2012083100100656,2012년 8월 31일 22시,금요일,제주특별자치도 제주시 연동,중상사고,0,1,0,0,차대사람 - 기타,안전운전불이행,건조,맑음,단일로 - 기타,승용,여,50세,상해없음,보행자,남,30세,중상
2012083100100694,2012년 8월 31일 23시,금요일,제주특별자치도 제주시 연동,경상사고,0,0,2,0,차대차 - 기타,안전운전불이행,건조,맑음,단일로 - 기타,승합,남,45세,상해없음,승용,남,53세,경상
2012083100100695,2012년 8월 31일 23시,금요일,제주특별자치도 제주시 연동,경상사고,0,0,1,0,차대차 - 기타,안전운전불이행,건조,맑음,단일로 - 기타,승용,남,26세,상해없음,승용,남,43세,경상
2012090100100027,2012년 9월 1일 00시,토요일,제주특별자치도 제주시 노형동,부상신고사고,0,0,0,1,차대차 - 기타,안전운전불이행,건조,맑음,교차로 - 교차로안,기타불명,기타불명,기타불명,기타불명,자전거,남,29세,부상신고
2012090100100213,2012년 9월 1일 09시,토요일,제주특별자치도 제주시 이도이동,경상사고,0,0,2,0,차대차 - 측면직각충돌,신호위반,건조,맑음,교차로 - 교차로안,이륜,남,83세,경상,승용,남,31세,상해없음
2012090100100397,2012년 9월 1일 15시,토요일,제주특별자치도 제주시 봉개동,경상사고,0,0,3,1,차대차 - 측면직각충돌,안전거리미확보,건조,맑음,교차로 - 교차로부근,승용,여,40세,상해없음,승용,여,40세,경상
2012090100100436,2012년 9월 1일 16시,토요일,제주특별자치도 서귀포시 안덕면,중상사고,0,1,0,1,차대차 - 기타,직진우회전진행방해,건조,맑음,교차로 - 교차로안,승용,여,36세,부상신고,승합,남,54세,상해없음
2012090100100437,2012년 9월 1일 16시,토요일,제주특별자치도 제주시 노형동,경상사고,0,0,3,0,차대차 - 추돌 - 주정차중,안전운전불이행,건조,맑음,교차로 - 교차로부근,화물,남,50세,상해없음,승용,여,25세,경상
2012090100100438,2012년 9월 1일 16시,토요일,제주특별자치도 제주시 이호일동,중상사고,0,1,0,1,차대차 - 정면충돌,중앙선침범,건조,맑음,단일로 - 기타,승용,여,30세,부상신고,승합,여,35세,중상
2012090100100478,2012년 9월 1일 17시,토요일,제주특별자치도 제주시 애월읍,경상사고,0,0,1,0,차대차 - 추돌 - 주정차중,안전운전불이행,건조,맑음,단일로 - 기타,승용,남,48세,상해없음,승용,남,44세,경상
2012090100100544,2012년 9월 1일 19시,토요일,제주특별자치도 제주시 한경면,경상사고,0,0,1,1,차대차 - 측면직각충돌,신호위반,건조,맑음,교차로 - 교차로안,승용,남,55세,부상신고,승용,남,34세,경상
2012090100100581,2012년 9월 1일 20시,토요일,제주특별자치도 서귀포시 호근동,중상사고,0,6,0,0,차대차 - 추돌 - 진행중,안전운전불이행,건조,맑음,교차로 - 교차로부근,승용,여,54세,상해없음,승용,여,24세,중상
2012090100100617,2012년 9월 1일 21시,토요일,제주특별자치도 서귀포시 색달동,경상사고,0,0,2,0,차대차 - 기타,안전운전불이행,건조,맑음,단일로 - 기타,승용,남,28세,상해없음,승용,남,30세,경상
2012090100100618,2012년 9월 1일 21시,토요일,제주특별자치도 제주시 연동,경상사고,0,0,1,0,차대차 - 측면직각충돌,안전운전불이행,건조,맑음,교차로 - 교차로안,이륜,남,23세,경상,승용,여,21세,상해없음
2012090100100654,2012년 9월 1일 22시,토요일,제주특별자치도 제주시 노형동,경상사고,0,0,1,0,차대사람 - 기타,안전운전불이행,건조,흐림,단일로 - 기타,승용,여,44세,상해없음,보행자,남,44세,경상
2012090200100060,2012년 9월 2일 03시,일요일,제주특별자치도 제주시 이도이동,경상사고,0,0,2,0,차대차 - 측면직각충돌,안전운전불이행,건조,맑음,단일로 - 기타,승용,남,48세,상해없음,승용,남,28세,경상
2012090200100132,2012년 9월 2일 08시,일요일,제주특별자치도 서귀포시 안덕면,경상사고,0,0,2,0,차대차 - 측면직각충돌,교차로운행방법위반,건조,맑음,교차로 - 교차로안,화물,남,44세,상해없음,승용,남,29세,경상
2012090200100149,2012년 9월 2일 09시,일요일,제주특별자치도 제주시 애월읍,중상사고,0,1,0,0,차대차 - 기타,안전거리미확보,건조,맑음,단일로 - 기타,화물,남,75세,상해없음,이륜,남,25세,중상
2012090200100200,2012년 9월 2일 11시,일요일,제주특별자치도 서귀포시 중문동,중상사고,0,1,1,0,차대차 - 측면직각충돌,직진우회전진행방해,건조,맑음,교차로 - 교차로부근,승용,남,33세,상해없음,이륜,남,17세,중상
2012090200100302,2012년 9월 2일 15시,일요일,제주특별자치도 제주시 한림읍,부상신고사고,0,0,0,1,차량단독 - 기타,안전운전불이행,건조,맑음,단일로 - 기타,화물,남,63세,부상신고,,,,
2012090200100359,2012년 9월 2일 17시,일요일,제주특별자치도 제주시 이도이동,경상사고,0,0,1,0,차대사람 - 횡단중,보행자보호의무위반,건조,맑음,교차로 - 교차로부근,기타불명,기타불명,기타불명,기타불명,보행자,남,17세,경상
2012090200100398,2012년 9월 2일 18시,일요일,제주특별자치도 제주시 연동,중상사고,0,1,1,0,차대차 - 측면직각충돌,안전운전불이행,건조,기타,단일로 - 기타,승용,남,42세,상해없음,승용,여,39세,중상
2012090200100463,2012년 9월 2일 20시,일요일,제주특별자치도 제주시 애월읍,부상신고사고,0,0,0,2,차대차 - 기타,직진우회전진행방해,건조,맑음,교차로 - 교차로안,승용,남,47세,상해없음,승용,남,28세,부상신고
2012090300100089,2012년 9월 3일 07시,월요일,제주특별자치도 제주시 일도일동,경상사고,0,0,1,0,차대차 - 측면직각충돌,안전운전불이행,건조,맑음,단일로 - 기타,승합,남,57세,상해없음,자전거,남,52세,경상
2012090300100126,2012년 9월 3일 08시,월요일,제주특별자치도 제주시 도련일동,경상사고,0,0,1,0,차대차 - 측면직각충돌,안전운전불이행,건조,맑음,단일로 - 기타,건설기계,남,52세,상해없음,화물,남,44세,경상
2012090300100127,2012년 9월 3일 08시,월요일,제주특별자치도 서귀포시 강정동,경상사고,0,0,1,0,차대차 - 기타,직진우회전진행방해,건조,맑음,교차로 - 교차로안,승용,여,32세,상해없음,원동기,여,70세,경상
2012090300100158,2012년 9월 3일 09시,월요일,제주특별자치도 제주시 일도일동,경상사고,0,0,1,0,차대차 - 측면직각충돌,안전운전불이행,건조,맑음,교차로 - 교차로부근,화물,남,31세,상해없음,승용,남,57세,경상
2012090300100219,2012년 9월 3일 11시,월요일,제주특별자치도 제주시 연동,경상사고,0,0,1,0,차대사람 - 횡단중,안전운전불이행,건조,맑음,단일로 - 기타,승용,남,66세,상해없음,보행자,남,34세,경상
2012090300100274,2012년 9월 3일 13시,월요일,제주특별자치도 서귀포시 동홍동,중상사고,0,1,0,0,차대차 - 기타,안전운전불이행,건조,맑음,교차로 - 교차로안,화물,남,76세,상해없음,승합,남,64세,상해없음
2012090300100342,2012년 9월 3일 15시,월요일,제주특별자치도 서귀포시 하원동,경상사고,0,0,1,0,차대사람 - 기타,안전운전불이행,건조,맑음,교차로 - 교차로부근,승합,남,59세,상해없음,보행자,남,54세,경상
2012090300100343,2012년 9월 3일 15시,월요일,제주특별자치도 제주시 해안동,경상사고,0,0,2,0,차대차 - 측면직각충돌,안전운전불이행,건조,맑음,교차로 - 교차로부근,승용,여,51세,상해없음,승용,여,61세,경상
2012090300100382,2012년 9월 3일 16시,월요일,제주특별자치도 제주시 조천읍,중상사고,0,1,0,0,차대사람 - 횡단중,안전운전불이행,건조,맑음,단일로 - 기타,화물,남,73세,상해없음,보행자,여,9세,중상
2012090300100417,2012년 9월 3일 17시,월요일,제주특별자치도 제주시 연동,경상사고,0,0,1,0,차대차 - 기타,안전운전불이행,건조,맑음,단일로 - 기타,승용,남,66세,기타불명,승용,남,59세,경상
2012090300100529,2012년 9월 3일 20시,월요일,제주특별자치도 제주시 오등동,중상사고,0,1,1,0,차량단독 - 공작물충돌,안전운전불이행,건조,맑음,단일로 - 기타,화물,남,40세,경상,,,,
2012090300100530,2012년 9월 3일 20시,월요일,제주특별자치도 제주시 애월읍,경상사고,0,0,2,0,차대차 - 기타,교차로운행방법위반,건조,맑음,교차로 - 교차로안,승용,남,51세,상해없음,승용,남,46세,경상
2012090300100568,2012년 9월 3일 21시,월요일,제주특별자치도 제주시 용담이동,경상사고,0,0,2,0,차대차 - 기타,안전운전불이행,건조,맑음,단일로 - 기타,승용,여,37세,상해없음,승용,남,46세,상해없음
2012090300100629,2012년 9월 3일 23시,월요일,제주특별자치도 제주시 연동,부상신고사고,0,0,0,1,차대사람 - 기타,안전운전불이행,건조,맑음,단일로 - 기타,기타불명,기타불명,기타불명,기타불명,보행자,남,13세,부상신고
2012090400100018,2012년 9월 4일 01시,화요일,제주특별자치도 제주시 조천읍,경상사고,0,0,1,0,차대차 - 추돌 - 주정차중,안전운전불이행,건조,맑음,단일로 - 기타,승용,남,37세,경상,화물,남,35세,상해없음
2012090400100143,2012년 9월 4일 08시,화요일,제주특별자치도 제주시 연동,중상사고,0,1,0,0,차량단독 - 기타,기타,건조,맑음,단일로 - 기타,승합,남,47세,상해없음,,,,
2012090400100167,2012년 9월 4일 09시,화요일,제주특별자치도 제주시 일도이동,경상사고,0,0,2,0,차대차 - 측면직각충돌,안전거리미확보,건조,맑음,단일로 - 기타,승용,여,25세,경상,승용,여,41세,경상
2012090400100190,2012년 9월 4일 10시,화요일,제주특별자치도 서귀포시 대정읍,중상사고,0,1,0,0,차대차 - 기타,교차로운행방법위반,건조,맑음,교차로 - 교차로안,화물,남,75세,상해없음,승용,여,55세,중상