사고번호,사고일시,요일,시군구,사고내용,사망자수,중상자수,경상자수,부상신고자수,사고유형,법규위반,노면상태,기상상태,도로형태,가해운전자 차종,가해운전자 성별,가해운전자 연령,가해운전자 상해정도,피해운전자 차종,피해운전자 성별,피해운전자 연령,피해운전자 상해정도
2012090400100191,2012년 9월 4일 10시,화요일,제주특별자치도 제주시 한림읍,경상사고,0,0,1,0,차량단독 - 도로외이탈 - 추락,안전운전불이행,건조,맑음,단일로 - 기타,화물,여,65세,경상,,,,
2012090400100222,2012년 9월 4일 11시,화요일,제주특별자치도 서귀포시 서귀동,경상사고,0,0,1,0,차대사람 - 기타,보행자보호의무위반,건조,맑음,단일로 - 기타,원동기,남,36세,상해없음,보행자,여,29세,경상
2012090400100238,2012년 9월 4일 12시,화요일,제주특별자치도 제주시 삼도일동,경상사고,0,0,2,0,차대차 - 측면직각충돌,교차로운행방법위반,건조,맑음,교차로 - 교차로안,이륜,남,42세,경상,승용,남,51세,경상
2012090400100266,2012년 9월 4일 13시,화요일,제주특별자치도 제주시 이호이동,부상신고사고,0,0,0,1,차대차 - 측면직각충돌,안전거리미확보,건조,맑음,단일로 - 기타,화물,남,53세,부상신고,화물,남,42세,상해없음
2012090400100300,2012년 9월 4일 14시,화요일,제주특별자치도 제주시 용담삼동,경상사고,0,0,1,0,차대차 - 기타,교차로운행방법위반,건조,맑음,교차로 - 교차로안,승용,남,47세,상해없음,화물,남,32세,경상
2012090400100327,2012년 9월 4일 15시,화요일,제주특별자치도 서귀포시 동홍동,부상신고사고,0,0,0,1,차대차 - 기타,직진우회전진행방해,건조,맑음,교차로 - 교차로부근,자전거,남,12세,부상신고,승용,여,44세,상해없음
2012090400100364,2012년 9월 4일 16시,화요일,제주특별자치도 제주시 삼도일동,경상사고,0,0,1,0,차대차 - 측면직각충돌,안전운전불이행,건조,맑음,단일로 - 기타,승용,남,47세,상해없음,승용,여,41세,경상
2012090400100365,2012년 9월 4일 16시,화요일,제주특별자치도 서귀포시 표선면,사망사고,1,0,0,0,차량단독 - 기타,안전운전불이행,건조,맑음,단일로 - 기타,농기계,남,73세,사망,,,,
2012090400100397,2012년 9월 4일 17시,화요일,제주특별자치도 제주시 노형동,경상사고,0,0,1,0,차대사람 - 길가장자리구역통행중,안전운전불이행,건조,맑음,단일로 - 기타,승합,남,67세,상해없음,보행자,여,19세,경상
2012090400100398,2012년 9월 4일 17시,화요일,제주특별자치도 제주시 노형동,부상신고사고,0,0,0,2,차대차 - 추돌 - 진행중,안전운전불이행,건조,맑음,교차로 - 교차로부근,승용,여,45세,상해없음,승용,여,55세,부상신고
2012090400100399,2012년 9월 4일 17시,화요일,제주특별자치도 제주시 연동,부상신고사고,0,0,0,1,차대차 - 측면직각충돌,교차로운행방법위반,건조,맑음,교차로 - 교차로안,승합,남,46세,상해없음,이륜,남,19세,부상신고
2012090500100060,2012년 9월 5일 02시,수요일,제주특별자치도 제주시 노형동,부상신고사고,0,0,0,1,차량단독 - 공작물충돌,안전운전불이행,습기,비,교차로 - 교차로안,승용,여,38세,부상신고,,,,
2012090500100097,2012년 9월 5일 05시,수요일,제주특별자치도 서귀포시 서귀동,부상신고사고,0,0,0,1,차량단독 - 공작물충돌,안전운전불이행,습기,비,단일로 - 기타,승용,남,45세,부상신고,,,,
2012090500100180,2012년 9월 5일 08시,수요일,제주특별자치도 제주시 일도이동,경상사고,0,0,1,0,차대사람 - 횡단중,신호위반,건조,맑음,단일로 - 기타,승용,여,46세,상해없음,보행자,남,9세,경상
2012090500100181,2012년 9월 5일 08시,수요일,제주특별자치도 제주시 구좌읍,경상사고,0,0,8,0,차대차 - 측면직각충돌,안전거리미확보,기타,맑음,단일로 - 기타,승용,남,62세,상해없음,승합,남,27세,경상
2012090500100182,2012년 9월 5일 08시,수요일,제주특별자치도 서귀포시 안덕면,경상사고,0,0,1,0,차대사람 - 기타,안전운전불이행,기타,흐림,기타 - 기타,승용,남,45세,상해없음,보행자,남,45세,경상
2012090500100252,2012년 9월 5일 11시,수요일,제주특별자치도 제주시 연동,중상사고,0,1,0,0,차대차 - 측면직각충돌,직진우회전진행방해,건조,맑음,교차로 - 교차로안,승용,남,25세,중상,화물,남,38세,상해없음
2012090500100365,2012년 9월 5일 15시,수요일,제주특별자치도 제주시 이도이동,경상사고,0,0,1,0,차대차 - 측면직각충돌,안전거리미확보,건조,맑음,단일로 - 기타,승용,남,44세,상해없음,승용,남,37세,경상
2012090500100400,2012년 9월 5일 16시,수요일,제주특별자치도 제주시 연동,경상사고,0,0,2,1,차대차 - 측면직각충돌,직진우회전진행방해,건조,맑음,교차로 - 교차로안,승용,남,56세,경상,승합,남,51세,상해없음
2012090500100490,2012년 9월 5일 18시,수요일,제주특별자치도 제주시 노형동,경상사고,0,0,1,3,차대차 - 측면직각충돌,신호위반,건조,맑음,교차로 - 교차로안,승용,여,53세,부상신고,승용,남,27세,경상
2012090500100529,2012년 9월 5일 19시,수요일,제주특별자치도 제주시 삼도일동,경상사고,0,0,1,0,차량단독 - 공작물충돌,안전운전불이행,건조,맑음,단일로 - 기타,승합,남,43세,상해없음,,,,
2012090500100595,2012년 9월 5일 21시,수요일,제주특별자치도 제주시 연동,경상사고,0,0,1,0,차대사람 - 기타,안전운전불이행,건조,흐림,단일로 - 기타,승용,남,29세,상해없음,보행자,남,53세,경상
2012090500100622,2012년 9월 5일 22시,수요일,제주특별자치도 제주시 일도이동,경상사고,0,0,1,0,차대차 - 측면직각충돌,안전거리미확보,건조,맑음,단일로 - 기타,원동기,남,15세,상해없음,승용,여,48세,상해없음
2012090600100018,2012년 9월 6일 00시,목요일,제주특별자치도 제주시 도남동,중상사고,0,1,0,0,차대차 - 측면직각충돌,중앙선침범,건조,맑음,단일로 - 기타,승용,남,55세,상해없음,원동기,남,40세,중상
2012090600100098,2012년 9월 6일 06시,목요일,제주특별자치도 제주시 건입동,중상사고,0,1,0,0,차대사람 - 횡단중,보행자보호의무위반,건조,맑음,단일로 - 횡단보도상,승용,남,77세,상해없음,보행자,남,69세,중상
2012090600100130,2012년 9월 6일 07시,목요일,제주특별자치도 제주시 이도이동,경상사고,0,0,1,0,차대차 - 측면직각충돌,안전운전불이행,건조,맑음,단일로 - 기타,승용,남,26세,상해없음,자전거,남,15세,경상
2012090600100131,2012년 9월 6일 07시,목요일,제주특별자치도 제주시 일도일동,경상사고,0,0,3,0,차대차 - 측면직각충돌,중앙선침범,건조,맑음,단일로 - 기타,승용,남,20세,상해없음,승용,남,53세,경상
2012090600100176,2012년 9월 6일 08시,목요일,제주특별자치도 제주시 이호이동,부상신고사고,0,0,0,1,차대차 - 정면충돌,중앙선침범,습기,흐림,단일로 - 기타,화물,남,54세,상해없음,승용,남,67세,상해없음
2012090600100209,2012년 9월 6일 09시,목요일,제주특별자치도 제주시 아라일동,중상사고,0,1,2,0,차대차 - 측면직각충돌,중앙선침범,건조,맑음,교차로 - 교차로부근,승합,남,45세,상해없음,승용,여,39세,경상
2012090600100307,2012년 9월 6일 12시,목요일,제주특별자치도 제주시 삼도이동,경상사고,0,0,1,0,차대사람 - 횡단중,안전운전불이행,건조,맑음,기타 - 기타,승용,남,56세,상해없음,보행자,여,41세,경상
2012090600100328,2012년 9월 6일 13시,목요일,제주특별자치도 제주시 이도이동,경상사고,0,0,4,0,차대차 - 측면직각충돌,안전운전불이행,건조,기타,단일로 - 횡단보도부근,승용,남,52세,상해없음,승용,여,39세,경상
2012090600100329,2012년 9월 6일 13시,목요일,제주특별자치도 제주시 화북이동,중상사고,0,1,1,0,차대차 - 측면직각충돌,안전운전불이행,기타,맑음,단일로 - 기타,승용,여,55세,상해없음,이륜,여,21세,중상
2012090600100397,2012년 9월 6일 15시,목요일,제주특별자치도 제주시 삼도일동,경상사고,0,0,1,0,차대차 - 측면직각충돌,안전운전불이행,건조,맑음,단일로 - 기타,승용,남,56세,상해없음,승용,여,59세,상해없음
2012090600100538,2012년 9월 6일 18시,목요일,제주특별자치도 제주시 이도이동,사망사고,1,0,0,0,차대사람 - 기타,안전운전불이행,건조,맑음,단일로 - 기타,화물,남,26세,상해없음,보행자,남,60세,사망
2012090600100539,2012년 9월 6일 18시,목요일,제주특별자치도 제주시 화북일동,중상사고,0,1,0,0,차대차 - 측면직각충돌,교차로운행방법위반,건조,맑음,교차로 - 교차로안,화물,남,58세,상해없음,자전거,남,11세,중상
2012090600100598,2012년 9월 6일 19시,목요일,제주특별자치도 제주시 화북이동,중상사고,0,1,0,0,차대사람 - 횡단중,안전운전불이행,건조,맑음,단일로 - 기타,승용,여,56세,상해없음,보행자,남,56세,중상
2012090600100599,2012년 9월 6일 19시,목요일,제주특별자치도 서귀포시 중문동,경상사고,0,0,1,0,차대사람 - 횡단중,안전운전불이행,건조,맑음,단일로 - 기타,화물,남,56세,상해없음,보행자,남,14세,경상
2012090600100600,2012년 9월 6일 19시,목요일,제주특별자치도 제주시 외도일동,중상사고,0,1,0,0,차대사람 - 횡단중,보행자보호의무위반,건조,흐림,단일로 - 횡단보도상,승용,남,54세,상해없음,보행자,남,52세,중상
2012090600100601,2012년 9월 6일 19시,목요일,제주특별자치도 제주시 용담이동,중상사고,0,1,0,0,차대사람 - 횡단중,안전운전불이행,건조,맑음,단일로 - 기타,승용,남,34세,상해없음,보행자,남,54세,중상
2012090700100052,2012년 9월 7일 03시,금요일,제주특별자치도 제주시 한림읍,부상신고사고,0,0,0,1,차량단독 - 공작물충돌,안전운전불이행,건조,맑음,단일로 - 기타,승용,남,24세,부상신고,,,,
2012090700100125,2012년 9월 7일 07시,금요일,제주특별자치도 제주시 한림읍,경상사고,0,0,4,0,차대차 - 측면직각충돌,직진우회전진행방해,건조,맑음,교차로 - 교차로안,승용,여,42세,경상,승용,남,44세,경상
2012090700100191,2012년 9월 7일 09시,금요일,제주특별자치도 제주시 화북이동,중상사고,0,1,0,0,차대차 - 측면직각충돌,교차로운행방법위반,건조,맑음,교차로 - 교차로안,승용,여,28세,상해없음,이륜,남,55세,중상
2012090700100336,2012년 9월 7일 14시,금요일,제주특별자치도 제주시 조천읍,중상사고,0,2,0,0,차대사람 - 기타,안전운전불이행,건조,맑음,단일로 - 기타,승용,남,49세,상해없음,보행자,남,35세,중상
2012090700100337,2012년 9월 7일 14시,금요일,제주특별자치도 제주시 조천읍,중상사고,0,1,1,0,차대차 - 측면직각충돌,교차로운행방법위반,건조,맑음,교차로 - 교차로안,승용,여,58세,상해없음,승합,남,61세,중상
2012090700100363,2012년 9월 7일 15시,금요일,제주특별자치도 제주시 외도일동,중상사고,0,1,0,0,차대차 - 측면직각충돌,직진우회전진행방해,건조,맑음,교차로 - 교차로안,원동기,남,51세,중상,승용,남,24세,상해없음
2012090700100440,2012년 9월 7일 17시,금요일,제주특별자치도 제주시 이도이동,경상사고,0,0,1,0,차대사람 - 횡단중,안전운전불이행,건조,맑음,단일로 - 기타,원동기,남,39세,상해없음,보행자,남,7세,경상
2012090700100441,2012년 9월 7일 17시,금요일,제주특별자치도 서귀포시 성산읍,중상사고,0,1,0,0,차대차 - 기타,안전운전불이행,습기,비,단일로 - 기타,원동기,여,55세,중상,승용,여,40세,상해없음
2012090700100526,2012년 9월 7일 19시,금요일,제주특별자치도 제주시 도련일동,중상사고,0,1,0,0,차대차 - 측면직각충돌,교차로운행방법위반,건조,흐림,교차로 - 교차로안,승용,여,41세,상해없음,이륜,남,33세,중상
2012090700100527,2012년 9월 7일 19시,금요일,제주특별자치도 서귀포시 동홍동,중상사고,0,1,0,0,차대사람 - 차도통행중,안전운전불이행,건조,흐림,교차로 - 교차로부근,승합,남,44세,상해없음,보행자,여,55세,중상
2012090700100528,2012년 9월 7일 19시,금요일,제주특별자치도 제주시 애월읍,경상사고,0,0,1,0,차대차 - 추돌 - 주정차중,안전운전불이행,건조,흐림,단일로 - 기타,승용,남,44세,상해없음,승용,남,42세,경상
2012090700100631,2012년 9월 7일 22시,금요일,제주특별자치도 제주시 이도이동,경상사고,0,0,1,0,차대차 - 측면직각충돌,안전거리미확보,습기,비,교차로 - 교차로부근,승합,남,53세,상해없음,승용,남,72세,상해없음
2012090700100632,2012년 9월 7일 22시,금요일,제주특별자치도 제주시 노형동,중상사고,0,1,0,0,차대차 - 측면직각충돌,교차로운행방법위반,습기,비,교차로 - 교차로안,화물,남,40세,상해없음,이륜,남,34세,중상
2012090700100673,2012년 9월 7일 23시,금요일,제주특별자치도 제주시 애월읍,경상사고,0,0,2,0,차대차 - 추돌 - 진행중,안전운전불이행,습기,비,단일로 - 기타,화물,남,44세,상해없음,화물,남,63세,경상
2012090800100103,2012년 9월 8일 01시,토요일,제주특별자치도 서귀포시 표선면,경상사고,0,0,1,0,차량단독 - 공작물충돌,안전운전불이행,습기,비,단일로 - 기타,승용,남,36세,경상,,,,
2012090800100104,2012년 9월 8일 01시,토요일,제주특별자치도 서귀포시 상효동,중상사고,0,1,1,0,차량단독 - 공작물충돌,안전운전불이행,습기,흐림,단일로 - 기타,승용,남,39세,상해없음,,,,
2012090800100105,2012년 9월 8일 01시,토요일,제주특별자치도 서귀포시 서귀동,중상사고,0,1,1,0,차대차 - 측면직각충돌,직진우회전진행방해,건조,맑음,교차로 - 교차로안,승용,남,56세,상해없음,승용,여,50세,경상
2012090800100106,2012년 9월 8일 01시,토요일,제주특별자치도 제주시 노형동,부상신고사고,0,0,0,1,차량단독 - 기타,안전운전불이행,습기,비,단일로 - 기타,원동기,남,47세,부상신고,,,,
2012090800100171,2012년 9월 8일 03시,토요일,제주특별자치도 제주시 용담일동,중상사고,0,2,1,0,차대차 - 측면직각충돌,신호위반,습기,비,교차로 - 교차로안,화물,남,49세,상해없음,승용,남,64세,중상
2012090800100191,2012년 9월 8일 04시,토요일,제주특별자치도 제주시 조천읍,중상사고,0,1,0,0,차량단독 - 공작물충돌,안전운전불이행,습기,비,단일로 - 기타,승합,남,35세,중상,,,,
2012090800100310,2012년 9월 8일 10시,토요일,제주특별자치도 제주시 이도이동,부상신고사고,0,0,0,1,차대차 - 측면직각충돌,안전운전불이행,건조,맑음,교차로 - 교차로안,자전거,여,9세,부상신고,화물,남,43세,상해없음
2012090800100401,2012년 9월 8일 13시,토요일,제주특별자치도 서귀포시 성산읍,경상사고,0,0,1,0,차대사람 - 횡단중,보행자보호의무위반,건조,맑음,단일로 - 기타,승용,여,31세,상해없음,보행자,남,7세,경상
2012090800100511,2012년 9월 8일 16시,토요일,제주특별자치도 제주시 도평동,경상사고,0,0,1,0,차대차 - 측면직각충돌,안전거리미확보,건조,맑음,교차로 - 교차로안,승용,여,41세,상해없음,승용,남,55세,경상
2012090800100512,2012년 9월 8일 16시,토요일,제주특별자치도 제주시 용담이동,부상신고사고,0,0,0,1,차대차 - 기타,안전거리미확보,건조,맑음,단일로 - 기타,이륜,남,64세,부상신고,승용,미분류,기타불명,기타불명
2012090800100545,2012년 9월 8일 17시,토요일,제주특별자치도 제주시 용담이동,중상사고,0,1,0,0,차량단독 - 기타,기타,건조,맑음,단일로 - 기타,승합,남,43세,상해없음,,,,
2012090800100546,2012년 9월 8일 17시,토요일,제주특별자치도 제주시 연동,경상사고,0,0,1,0,차대차 - 추돌 - 주정차중,안전운전불이행,건조,맑음,교차로 - 교차로부근,화물,남,40세,기타불명,승용,남,28세,상해없음
2012090800100677,2012년 9월 8일 21시,토요일,제주특별자치도 서귀포시 강정동,부상신고사고,0,0,0,1,차량단독 - 도로외이탈 - 추락,안전운전불이행,기타,맑음,단일로 - 기타,승용,남,35세,부상신고,,,,
2012090900100019,2012년 9월 9일 00시,일요일,제주특별자치도 서귀포시 대정읍,중상사고,0,1,0,1,차대차 - 추돌 - 주정차중,안전운전불이행,건조,맑음,단일로 - 기타,원동기,남,25세,부상신고,화물,남,45세,기타불명
2012090900100182,2012년 9월 9일 09시,일요일,제주특별자치도 서귀포시 서귀동,경상사고,0,0,1,0,차대차 - 기타,안전운전불이행,건조,맑음,교차로 - 교차로안,원동기,남,17세,경상,승용,여,37세,상해없음
2012090900100183,2012년 9월 9일 09시,일요일,제주특별자치도 서귀포시 성산읍,경상사고,0,0,1,0,차대차 - 기타,안전운전불이행,건조,맑음,단일로 - 기타,승용,여,45세,상해없음,승용,남,57세,상해없음
2012090900100249,2012년 9월 9일 12시,일요일,제주특별자치도 제주시 일도이동,경상사고,0,0,3,0,차대차 - 측면직각충돌,안전운전불이행,습기,비,교차로 - 교차로부근,승용,남,54세,경상,승용,여,35세,경상
2012090900100367,2012년 9월 9일 16시,일요일,제주특별자치도 제주시 노형동,경상사고,0,0,1,0,차대차 - 기타,직진우회전진행방해,습기,비,교차로 - 교차로안,승용,남,38세,상해없음,승용,여,48세,경상
2012090900100396,2012년 9월 9일 17시,일요일,제주특별자치도 서귀포시 서귀동,경상사고,0,0,1,0,차대사람 - 기타,안전운전불이행,습기,비,단일로 - 기타,원동기,여,55세,상해없음,보행자,남,6세,경상
2012090900100460,2012년 9월 9일 19시,일요일,제주특별자치도 제주시 건입동,경상사고,0,0,1,0,차대차 - 측면직각충돌,교차로운행방법위반,습기,비,교차로 - 교차로안,승용,여,42세,상해없음,이륜,남,37세,경상
2012090900100461,2012년 9월 9일 19시,일요일,제주특별자치도 서귀포시 색달동,중상사고,0,1,2,1,차대차 - 기타,직진우회전진행방해,습기,비,교차로 - 교차로안,승용,남,35세,부상신고,승용,남,38세,경상
2012090900100528,2012년 9월 9일 21시,일요일,제주특별자치도 제주시 삼도일동,경상사고,0,0,4,0,차대차 - 측면직각충돌,안전운전불이행,습기,비,교차로 - 교차로부근,승용,남,62세,상해없음,승용,여,45세,경상
2012090900100547,2012년 9월 9일 22시,일요일,제주특별자치도 제주시 애월읍,경상사고,0,0,1,0,차대차 - 추돌 - 주정차중,안전운전불이행,습기,비,교차로 - 교차로부근,승용,남,48세,상해없음,승용,여,60세,경상
2012090900100548,2012년 9월 9일 22시,일요일,제주특별자치도 제주시 용담삼동,경상사고,0,0,1,1,차대사람 - 횡단중,안전운전불이행,습기,비,단일로 - 기타,승용,남,52세,상해없음,보행자,여,27세,경상
2012090900100570,2012년 9월 9일 23시,일요일,제주특별자치도 서귀포시 토평동,경상사고,0,0,2,0,차대차 - 기타,직진우회전진행방해,건조,맑음,교차로 - 교차로안,승용,남,53세,상해없음,승용,남,53세,경상
2012091000100024,2012년 9월 10일 01시,월요일,제주특별자치도 제주시 용담이동,부상신고사고,0,0,0,1,차대차 - 추돌 - 진행중,안전운전불이행,습기,비,교차로 - 교차로부근,승용,남,29세,부상신고,승용,남,36세,상해없음
2012091000100033,2012년 9월 10일 02시,월요일,제주특별자치도 제주시 연동,중상사고,0,1,0,1,차대차 - 추돌 - 주정차중,안전운전불이행,습기,비,교차로 - 교차로부근,승용,남,28세,상해없음,승용,남,70세,중상
2012091000100039,2012년 9월 10일 03시,월요일,제주특별자치도 제주시 조천읍,경상사고,0,0,4,0,차량단독 - 공작물충돌,안전운전불이행,습기,비,단일로 - 기타,승용,남,48세,상해없음,,,,
2012091000100217,2012년 9월 10일 11시,월요일,제주특별자치도 제주시 오라이동,중상사고,0,1,0,0,차량단독 - 공작물충돌,안전운전불이행,건조,맑음,단일로 - 기타,화물,남,32세,중상,,,,
2012091000100218,2012년 9월 10일 11시,월요일,제주특별자치도 서귀포시 대포동,부상신고사고,0,0,0,1,차량단독 - 도로외이탈 - 추락,안전운전불이행,건조,맑음,단일로 - 기타,화물,남,47세,부상신고,,,,
2012091000100250,2012년 9월 10일 12시,월요일,제주특별자치도 제주시 애월읍,경상사고,0,0,2,0,차대차 - 측면직각충돌,안전운전불이행,건조,맑음,단일로 - 기타,승용,남,52세,상해없음,승용,남,37세,경상
2012091000100251,2012년 9월 10일 12시,월요일,제주특별자치도 제주시 연동,경상사고,0,0,2,0,차대차 - 측면직각충돌,신호위반,건조,맑음,교차로 - 교차로안,승용,남,65세,경상,승용,여,33세,경상
2012091000100305,2012년 9월 10일 14시,월요일,제주특별자치도 제주시 우도면,경상사고,0,0,2,0,차량단독 - 공작물충돌,안전운전불이행,건조,흐림,단일로 - 기타,승용,여,26세,경상,,,,
2012091000100306,2012년 9월 10일 14시,월요일,제주특별자치도 제주시 용담이동,경상사고,0,0,1,0,차대차 - 측면직각충돌,안전운전불이행,건조,맑음,단일로 - 기타,승용,남,48세,상해없음,승용,남,30세,상해없음
2012091000100307,2012년 9월 10일 14시,월요일,제주특별자치도 제주시 노형동,경상사고,0,0,1,0,차대차 - 추돌 - 진행중,안전거리미확보,건조,맑음,단일로 - 기타,승용,남,46세,상해없음,승용,남,40세,상해없음
2012091000100363,2012년 9월 10일 16시,월요일,제주특별자치도 제주시 일도일동,경상사고,0,0,1,0,차대차 - 측면직각충돌,교차로운행방법위반,건조,맑음,교차로 - 교차로안,승용,여,47세,경상,승용,남,60세,상해없음
2012091000100364,2012년 9월 10일 16시,월요일,제주특별자치도 서귀포시 하원동,부상신고사고,0,0,0,1,차량단독 - 공작물충돌,안전운전불이행,건조,맑음,단일로 - 기타,자전거,남,24세,부상신고,,,,
2012091000100365,2012년 9월 10일 16시,월요일,제주특별자치도 제주시 애월읍,사망사고,1,0,0,0,차대사람 - 횡단중,안전운전불이행,건조,맑음,단일로 - 기타,승합,남,40세,상해없음,보행자,여,77세,사망
2012091000100366,2012년 9월 10일 16시,월요일,제주특별자치도 제주시 노형동,중상사고,0,1,0,0,차대사람 - 횡단중,안전운전불이행,건조,맑음,단일로 - 기타,승합,남,62세,상해없음,보행자,여,73세,중상
2012091000100437,2012년 9월 10일 18시,월요일,제주특별자치도 서귀포시 호근동,경상사고,0,0,1,0,차대사람 - 기타,안전운전불이행,건조,맑음,단일로 - 기타,기타불명,기타불명,기타불명,기타불명,보행자,남,53세,경상
2012091000100477,2012년 9월 10일 19시,월요일,제주특별자치도 제주시 노형동,경상사고,0,0,1,0,차대차 - 측면직각충돌,중앙선침범,건조,맑음,교차로 - 교차로부근,승용,남,47세,상해없음,이륜,남,41세,경상
2012091000100527,2012년 9월 10일 20시,월요일,제주특별자치도 제주시 일도일동,경상사고,0,0,1,0,차대사람 - 횡단중,보행자보호의무위반,건조,맑음,단일로 - 횡단보도상,승용,남,62세,상해없음,보행자,남,47세,경상
2012091100100037,2012년 9월 11일 01시,화요일,제주특별자치도 제주시 애월읍,사망사고,1,1,0,0,차대사람 - 횡단중,안전운전불이행,건조,맑음,단일로 - 기타,승용,남,33세,상해없음,보행자,남,43세,사망
2012091100100171,2012년 9월 11일 08시,화요일,제주특별자치도 제주시 삼도일동,경상사고,0,0,2,0,차대차 - 측면직각충돌,교차로운행방법위반,건조,맑음,교차로 - 교차로안,승용,남,34세,경상,승용,남,59세,경상
2012091100100172,2012년 9월 11일 08시,화요일,제주특별자치도 서귀포시 호근동,중상사고,0,1,0,0,차대사람 - 횡단중,보행자보호의무위반,건조,맑음,단일로 - 횡단보도상,승용,남,73세,상해없음,보행자,남,49세,중상
2012091100100322,2012년 9월 11일 13시,화요일,제주특별자치도 제주시 노형동,경상사고,0,0,1,0,차대차 - 측면직각충돌,안전거리미확보,건조,맑음,교차로 - 교차로부근,승용,여,43세,상해없음,승용,남,30세,상해없음
2012091100100347,2012년 9월 11일 14시,화요일,제주특별자치도 제주시 조천읍,중상사고,0,10,5,0,차대차 - 측면직각충돌,안전운전불이행,건조,맑음,교차로 - 교차로안,승용,남,28세,중상,승합,남,47세,경상
2012091100100348,2012년 9월 11일 14시,화요일,제주특별자치도 제주시 연동,경상사고,0,0,1,0,차대사람 - 횡단중,기타,건조,맑음,단일로 - 기타,승용,남,24세,기타불명,보행자,여,28세,경상
2012091100100349,2012년 9월 11일 14시,화요일,제주특별자치도 제주시 연동,경상사고,0,0,1,0,차대차 - 측면직각충돌,신호위반,건조,맑음,교차로 - 교차로안,승용,남,69세,경상,승용,남,34세,상해없음
2012091100100380,2012년 9월 11일 15시,화요일,제주특별자치도 제주시 노형동,경상사고,0,0,1,0,차대차 - 측면직각충돌,안전거리미확보,건조,맑음,교차로 - 교차로부근,화물,남,48세,상해없음,승용,여,42세,경상
2012091100100403,2012년 9월 11일 16시,화요일,제주특별자치도 제주시 구좌읍,중상사고,0,1,0,0,차대차 - 측면직각충돌,안전운전불이행,건조,맑음,단일로 - 기타,화물,남,76세,상해없음,이륜,여,67세,중상
2012091100100404,2012년 9월 11일 16시,화요일,제주특별자치도 제주시 일도이동,경상사고,0,0,1,0,차대사람 - 횡단중,안전운전불이행,건조,맑음,교차로 - 교차로부근,승용,여,51세,상해없음,보행자,남,11세,경상
2012091100100534,2012년 9월 11일 20시,화요일,제주특별자치도 제주시 애월읍,경상사고,0,0,1,0,차대차 - 추돌 - 진행중,안전거리미확보,건조,맑음,단일로 - 기타,승용,여,47세,상해없음,승용,여,41세,경상
2012091100100570,2012년 9월 11일 21시,화요일,제주특별자치도 서귀포시 안덕면,중상사고,0,1,0,0,차대사람 - 횡단중,안전운전불이행,건조,맑음,단일로 - 기타,승용,여,56세,상해없음,보행자,남,28세,중상
2012091100100623,2012년 9월 11일 23시,화요일,제주특별자치도 제주시 도남동,경상사고,0,0,1,0,차대차 - 측면직각충돌,교차로운행방법위반,건조,맑음,교차로 - 교차로안,승용,남,23세,상해없음,자전거,여,19세,경상
2012091200100107,2012년 9월 12일 07시,수요일,제주특별자치도 제주시 연동,경상사고,0,0,1,0,차대차 - 측면직각충돌,안전거리미확보,건조,맑음,교차로 - 교차로안,승용,남,26세,상해없음,승용,남,43세,경상
2012091200100166,2012년 9월 12일 09시,수요일,제주특별자치도 제주시 이도이동,경상사고,0,0,1,0,차량단독 - 공작물충돌,안전운전불이행,건조,맑음,단일로 - 기타,승용,남,61세,상해없음,,,,
2012091200100186,2012년 9월 12일 10시,수요일,제주특별자치도 제주시 일도일동,중상사고,0,1,0,0,차대사람 - 횡단중,안전운전불이행,건조,맑음,단일로 - 기타,승용,여,41세,상해없음,보행자,남,27세,중상
2012091200100187,2012년 9월 12일 10시,수요일,제주특별자치도 제주시 애월읍,경상사고,0,0,3,0,차대차 - 측면직각충돌,직진우회전진행방해,건조,맑음,교차로 - 교차로안,승용,남,26세,경상,승용,남,74세,상해없음
2012091200100372,2012년 9월 12일 17시,수요일,제주특별자치도 서귀포시 안덕면,중상사고,0,1,4,0,차대차 - 측면직각충돌,직진우회전진행방해,건조,맑음,교차로 - 교차로안,승용,남,30세,경상,승용,남,22세,경상
2012091200100399,2012년 9월 12일 18시,수요일,제주특별자치도 제주시 아라일동,중상사고,0,1,1,0,차대차 - 기타,안전운전불이행,건조,맑음,단일로 - 기타,원동기,남,52세,경상,승합,남,40세,상해없음
2012091200100400,2012년 9월 12일 18시,수요일,제주특별자치도 제주시 일도일동,경상사고,0,0,2,0,차대차 - 추돌 - 주정차중,안전운전불이행,건조,맑음,단일로 - 기타,화물,남,41세,상해없음,화물,미분류,기타불명,기타불명
2012091200100401,2012년 9월 12일 18시,수요일,제주특별자치도 제주시 애월읍,경상사고,0,0,1,0,차대차 - 추돌 - 주정차중,안전운전불이행,건조,맑음,교차로 - 교차로부근,승합,남,47세,상해없음,승용,남,53세,경상
2012091200100482,2012년 9월 12일 20시,수요일,제주특별자치도 제주시 일도일동,경상사고,0,0,1,0,차대차 - 측면직각충돌,교차로운행방법위반,건조,맑음,교차로 - 교차로안,이륜,남,39세,경상,승용,남,26세,상해없음