사고번호,사고일시,요일,시군구,사고내용,사망자수,중상자수,경상자수,부상신고자수,사고유형,법규위반,노면상태,기상상태,도로형태,가해운전자 차종,가해운전자 성별,가해운전자 연령,가해운전자 상해정도,피해운전자 차종,피해운전자 성별,피해운전자 연령,피해운전자 상해정도
2012101300100370,2012년 10월 13일 15시,토요일,제주특별자치도 제주시 노형동,경상사고,0,0,1,0,차대차 - 측면직각충돌,직진우회전진행방해,건조,맑음,교차로 - 교차로안,승용,남,24세,상해없음,승용,남,44세,경상
2012101300100499,2012년 10월 13일 18시,토요일,제주특별자치도 제주시 조천읍,중상사고,0,1,1,0,차대차 - 측면직각충돌,교차로운행방법위반,기타,맑음,단일로 - 기타,승용,남,59세,상해없음,승용,여,32세,중상
2012101300100500,2012년 10월 13일 18시,토요일,제주특별자치도 제주시 애월읍,경상사고,0,0,11,0,차대차 - 기타,안전운전불이행,건조,맑음,단일로 - 기타,승용,남,78세,상해없음,화물,남,46세,경상
2012101300100550,2012년 10월 13일 19시,토요일,제주특별자치도 제주시 이도이동,경상사고,0,0,1,0,차대차 - 측면직각충돌,안전운전불이행,건조,맑음,교차로 - 교차로부근,승용,남,54세,상해없음,자전거,남,50세,경상
2012101300100551,2012년 10월 13일 19시,토요일,제주특별자치도 제주시 우도면,경상사고,0,0,1,0,차량단독 - 공작물충돌,안전운전불이행,건조,맑음,단일로 - 기타,이륜,남,26세,경상,,,,
2012101300100552,2012년 10월 13일 19시,토요일,제주특별자치도 제주시 연동,경상사고,0,0,1,0,차대차 - 기타,중앙선침범,건조,맑음,단일로 - 기타,승용,여,40세,상해없음,자전거,남,50세,경상
2012101300100584,2012년 10월 13일 20시,토요일,제주특별자치도 제주시 이도이동,경상사고,0,0,1,0,차대차 - 측면직각충돌,안전운전불이행,건조,맑음,단일로 - 기타,승합,남,60세,상해없음,승용,남,57세,상해없음
2012101400100155,2012년 10월 14일 09시,일요일,제주특별자치도 제주시 조천읍,경상사고,0,0,1,0,차대차 - 측면직각충돌,교차로운행방법위반,건조,맑음,교차로 - 교차로안,승용,남,28세,상해없음,승용,여,44세,경상
2012101400100183,2012년 10월 14일 10시,일요일,제주특별자치도 서귀포시 동홍동,중상사고,0,1,0,0,차대차 - 기타,직진우회전진행방해,건조,맑음,교차로 - 교차로안,승용,남,35세,상해없음,이륜,남,65세,중상
2012101400100245,2012년 10월 14일 13시,일요일,제주특별자치도 제주시 용담이동,경상사고,0,0,3,0,차대차 - 측면직각충돌,안전운전불이행,건조,맑음,교차로 - 교차로안,승합,남,40세,상해없음,승용,여,22세,경상
2012101400100246,2012년 10월 14일 13시,일요일,제주특별자치도 제주시 노형동,경상사고,0,0,1,0,차대차 - 측면직각충돌,직진우회전진행방해,건조,맑음,교차로 - 교차로안,승용,남,51세,상해없음,승용,남,59세,경상
2012101400100285,2012년 10월 14일 14시,일요일,제주특별자치도 제주시 건입동,경상사고,0,0,1,0,차대차 - 측면직각충돌,안전운전불이행,건조,맑음,교차로 - 교차로부근,이륜,남,69세,경상,승용,남,39세,상해없음
2012101400100423,2012년 10월 14일 18시,일요일,제주특별자치도 제주시 아라일동,중상사고,0,1,0,0,차대차 - 측면직각충돌,신호위반,건조,맑음,교차로 - 교차로안,승용,여,19세,상해없음,승용,남,29세,중상
2012101400100424,2012년 10월 14일 18시,일요일,제주특별자치도 서귀포시 남원읍,경상사고,0,0,1,0,차대차 - 기타,직진우회전진행방해,건조,맑음,교차로 - 교차로안,승용,여,49세,상해없음,원동기,여,73세,경상
2012101400100425,2012년 10월 14일 18시,일요일,제주특별자치도 서귀포시 대정읍,부상신고사고,0,0,0,1,차대차 - 기타,안전거리미확보,건조,맑음,단일로 - 기타,화물,남,40세,상해없음,원동기,남,16세,부상신고
2012101400100426,2012년 10월 14일 18시,일요일,제주특별자치도 서귀포시 안덕면,경상사고,0,0,2,0,차대차 - 측면직각충돌,직진우회전진행방해,건조,맑음,교차로 - 교차로안,승용,남,60세,경상,승용,여,26세,경상
2012101500100050,2012년 10월 15일 05시,월요일,제주특별자치도 제주시 외도이동,중상사고,0,1,0,0,차대사람 - 횡단중,신호위반,건조,맑음,교차로 - 교차로안,승용,남,60세,상해없음,보행자,여,23세,중상
2012101500100093,2012년 10월 15일 07시,월요일,제주특별자치도 서귀포시 남원읍,부상신고사고,0,0,0,1,차대차 - 기타,기타,건조,맑음,교차로 - 교차로안,이륜,여,22세,부상신고,화물,남,51세,상해없음
2012101500100141,2012년 10월 15일 08시,월요일,제주특별자치도 서귀포시 토평동,중상사고,0,1,0,0,차대차 - 기타,안전운전불이행,건조,맑음,교차로 - 교차로안,승용,남,38세,상해없음,원동기,남,49세,중상
2012101500100205,2012년 10월 15일 10시,월요일,제주특별자치도 제주시 구좌읍,경상사고,0,0,2,0,차대차 - 측면직각충돌,안전거리미확보,건조,맑음,교차로 - 교차로부근,승용,남,34세,상해없음,승용,여,26세,경상
2012101500100400,2012년 10월 15일 16시,월요일,제주특별자치도 제주시 오라이동,경상사고,0,0,1,0,차대차 - 측면직각충돌,중앙선침범,건조,맑음,단일로 - 기타,화물,남,46세,상해없음,이륜,여,42세,경상
2012101500100446,2012년 10월 15일 17시,월요일,제주특별자치도 제주시 조천읍,경상사고,0,0,1,0,차대차 - 측면직각충돌,교차로운행방법위반,건조,맑음,교차로 - 교차로안,농기계,남,58세,상해없음,승용,남,56세,경상
2012101500100493,2012년 10월 15일 18시,월요일,제주특별자치도 제주시 이도일동,중상사고,0,2,0,0,차대차 - 측면직각충돌,안전운전불이행,건조,맑음,교차로 - 교차로안,승용,남,53세,상해없음,원동기,남,16세,중상
2012101500100494,2012년 10월 15일 18시,월요일,제주특별자치도 서귀포시 성산읍,부상신고사고,0,0,0,3,차량단독 - 공작물충돌,안전운전불이행,건조,맑음,단일로 - 기타,승용,남,31세,상해없음,,,,
2012101500100536,2012년 10월 15일 19시,월요일,제주특별자치도 제주시 용담이동,중상사고,0,1,0,0,차대차 - 기타,안전거리미확보,건조,맑음,단일로 - 기타,승용,여,33세,상해없음,이륜,남,63세,중상
2012101500100572,2012년 10월 15일 20시,월요일,제주특별자치도 제주시 구좌읍,중상사고,0,1,0,0,차대사람 - 횡단중,안전운전불이행,건조,맑음,단일로 - 기타,승합,여,61세,상해없음,보행자,남,60세,중상
2012101500100604,2012년 10월 15일 21시,월요일,제주특별자치도 제주시 건입동,경상사고,0,0,1,0,차대사람 - 횡단중,안전운전불이행,건조,맑음,단일로 - 기타,승용,남,46세,상해없음,보행자,남,71세,경상
2012101600100176,2012년 10월 16일 08시,화요일,제주특별자치도 서귀포시 동홍동,경상사고,0,0,1,0,차대차 - 기타,직진우회전진행방해,건조,맑음,교차로 - 교차로안,승용,남,26세,상해없음,원동기,남,17세,상해없음
2012101600100177,2012년 10월 16일 08시,화요일,제주특별자치도 서귀포시 안덕면,중상사고,0,1,1,0,차대차 - 측면직각충돌,신호위반,건조,맑음,교차로 - 교차로안,승용,남,40세,상해없음,승용,여,28세,중상
2012101600100281,2012년 10월 16일 12시,화요일,제주특별자치도 서귀포시 호근동,경상사고,0,0,1,0,차대차 - 기타,안전운전불이행,건조,맑음,단일로 - 기타,원동기,남,50세,경상,승합,남,53세,상해없음
2012101600100385,2012년 10월 16일 15시,화요일,제주특별자치도 제주시 이도이동,중상사고,0,1,0,0,차량단독 - 공작물충돌,안전운전불이행,건조,맑음,단일로 - 기타,이륜,남,42세,중상,,,,
2012101600100453,2012년 10월 16일 17시,화요일,제주특별자치도 제주시 애월읍,중상사고,0,1,0,0,차대차 - 추돌 - 진행중,안전운전불이행,건조,맑음,단일로 - 기타,건설기계,남,31세,상해없음,화물,여,60세,중상
2012101600100510,2012년 10월 16일 18시,화요일,제주특별자치도 제주시 애월읍,중상사고,0,1,1,0,차대차 - 추돌 - 진행중,안전운전불이행,습기,맑음,교차로 - 교차로부근,화물,남,56세,상해없음,농기계,남,74세,중상
2012101600100554,2012년 10월 16일 19시,화요일,제주특별자치도 서귀포시 법환동,중상사고,0,1,0,0,차대사람 - 횡단중,안전운전불이행,건조,맑음,단일로 - 기타,승합,남,42세,상해없음,보행자,남,60세,중상
2012101600100555,2012년 10월 16일 19시,화요일,제주특별자치도 제주시 노형동,경상사고,0,0,1,0,차대차 - 측면직각충돌,안전운전불이행,건조,맑음,교차로 - 교차로안,승용,남,58세,상해없음,이륜,남,45세,경상
2012101600100649,2012년 10월 16일 22시,화요일,제주특별자치도 제주시 연동,경상사고,0,0,1,0,차대사람 - 보도통행중,보행자보호의무위반,건조,맑음,단일로 - 횡단보도상,승용,남,33세,상해없음,보행자,남,47세,경상
2012101600100676,2012년 10월 16일 23시,화요일,제주특별자치도 서귀포시 대정읍,중상사고,0,1,0,0,차대사람 - 길가장자리구역통행중,보행자보호의무위반,건조,맑음,교차로 - 교차로안,화물,남,48세,상해없음,보행자,여,52세,중상
2012101700100071,2012년 10월 17일 04시,수요일,제주특별자치도 제주시 용담일동,중상사고,0,1,0,0,차대차 - 측면직각충돌,안전운전불이행,기타,맑음,단일로 - 기타,승용,남,52세,상해없음,원동기,남,73세,중상
2012101700100133,2012년 10월 17일 07시,수요일,제주특별자치도 서귀포시 대정읍,사망사고,1,0,0,0,차대차 - 기타,신호위반,건조,맑음,교차로 - 교차로안,화물,남,53세,상해없음,이륜,여,66세,사망
2012101700100181,2012년 10월 17일 08시,수요일,제주특별자치도 제주시 조천읍,경상사고,0,0,2,0,차대차 - 측면직각충돌,안전운전불이행,건조,맑음,교차로 - 교차로안,승합,여,27세,상해없음,승합,남,42세,경상
2012101700100220,2012년 10월 17일 09시,수요일,제주특별자치도 제주시 삼도일동,중상사고,0,1,0,0,차대차 - 측면직각충돌,안전운전불이행,건조,맑음,단일로 - 기타,승용,남,32세,상해없음,자전거,여,68세,중상
2012101700100248,2012년 10월 17일 10시,수요일,제주특별자치도 제주시 한경면,중상사고,0,1,0,0,차대차 - 측면직각충돌,안전운전불이행,건조,맑음,단일로 - 기타,승용,남,38세,상해없음,이륜,남,74세,중상
2012101700100273,2012년 10월 17일 11시,수요일,제주특별자치도 제주시 한림읍,중상사고,0,1,0,0,차량단독 - 전도전복,안전운전불이행,건조,맑음,단일로 - 기타,승용,남,38세,상해없음,,,,
2012101700100342,2012년 10월 17일 14시,수요일,제주특별자치도 서귀포시 서홍동,경상사고,0,0,1,0,차대차 - 측면직각충돌,안전거리미확보,건조,맑음,교차로 - 교차로부근,승용,남,65세,상해없음,승용,남,41세,상해없음
2012101700100378,2012년 10월 17일 15시,수요일,제주특별자치도 제주시 일도이동,경상사고,0,0,1,0,차대차 - 측면직각충돌,안전운전불이행,건조,맑음,단일로 - 횡단보도상,승용,여,51세,상해없음,자전거,남,73세,경상
2012101700100446,2012년 10월 17일 17시,수요일,제주특별자치도 제주시 용담일동,경상사고,0,0,2,0,차대차 - 측면직각충돌,안전거리미확보,건조,맑음,단일로 - 기타,화물,남,42세,상해없음,화물,여,55세,경상
2012101700100486,2012년 10월 17일 18시,수요일,제주특별자치도 제주시 도두이동,부상신고사고,0,0,0,1,차대사람 - 횡단중,안전운전불이행,건조,맑음,단일로 - 기타,화물,남,68세,상해없음,보행자,여,37세,부상신고
2012101700100576,2012년 10월 17일 20시,수요일,제주특별자치도 제주시 오라일동,경상사고,0,0,1,0,차대차 - 측면직각충돌,안전운전불이행,건조,맑음,기타 - 기타,승용,여,28세,상해없음,승용,여,23세,경상
2012101700100577,2012년 10월 17일 20시,수요일,제주특별자치도 서귀포시 도순동,경상사고,0,0,1,0,차량단독 - 공작물충돌,안전운전불이행,건조,맑음,단일로 - 기타,화물,남,47세,경상,,,,
2012101700100578,2012년 10월 17일 20시,수요일,제주특별자치도 제주시 연동,경상사고,0,0,1,0,차대차 - 측면직각충돌,교차로운행방법위반,건조,흐림,교차로 - 교차로안,승용,남,20세,상해없음,승용,남,26세,경상
2012101700100653,2012년 10월 17일 22시,수요일,제주특별자치도 제주시 용담일동,경상사고,0,0,1,0,차대차 - 측면직각충돌,신호위반,기타,맑음,교차로 - 교차로안,승용,남,30세,상해없음,화물,남,41세,경상
2012101800100015,2012년 10월 18일 00시,목요일,제주특별자치도 제주시 연동,경상사고,0,0,1,0,차대사람 - 횡단중,보행자보호의무위반,건조,맑음,교차로 - 교차로안,승용,남,58세,상해없음,보행자,남,26세,경상
2012101800100119,2012년 10월 18일 07시,목요일,제주특별자치도 제주시 화북일동,경상사고,0,0,1,0,차대차 - 측면직각충돌,안전운전불이행,건조,맑음,기타 - 기타,승용,여,45세,상해없음,승용,여,45세,경상
2012101800100164,2012년 10월 18일 08시,목요일,제주특별자치도 제주시 일도이동,중상사고,0,1,0,0,차대차 - 측면직각충돌,차로위반,건조,맑음,단일로 - 기타,승합,남,46세,상해없음,원동기,남,32세,중상
2012101800100201,2012년 10월 18일 09시,목요일,제주특별자치도 제주시 구좌읍,중상사고,0,3,0,0,차량단독 - 공작물충돌,안전운전불이행,건조,맑음,교차로 - 교차로부근,화물,남,40세,중상,,,,
2012101800100202,2012년 10월 18일 09시,목요일,제주특별자치도 제주시 한림읍,부상신고사고,0,0,0,1,차대차 - 측면직각충돌,직진우회전진행방해,건조,맑음,교차로 - 교차로안,승용,남,47세,부상신고,화물,남,44세,상해없음
2012101800100253,2012년 10월 18일 11시,목요일,제주특별자치도 서귀포시 성산읍,경상사고,0,0,1,0,차대차 - 추돌 - 진행중,안전운전불이행,건조,맑음,단일로 - 기타,승용,여,52세,상해없음,이륜,남,16세,경상
2012101800100325,2012년 10월 18일 13시,목요일,제주특별자치도 서귀포시 회수동,중상사고,0,1,0,0,차대차 - 기타,안전운전불이행,건조,맑음,교차로 - 교차로안,원동기,남,73세,중상,승합,남,59세,상해없음
2012101800100359,2012년 10월 18일 14시,목요일,제주특별자치도 제주시 이도이동,경상사고,0,0,1,0,차대사람 - 횡단중,신호위반,건조,맑음,교차로 - 교차로부근,화물,남,58세,상해없음,보행자,여,9세,경상
2012101800100478,2012년 10월 18일 17시,목요일,제주특별자치도 서귀포시 표선면,중상사고,0,1,0,0,차대사람 - 차도통행중,안전운전불이행,건조,맑음,단일로 - 기타,승합,남,63세,상해없음,보행자,여,11세,상해없음
2012101800100479,2012년 10월 18일 17시,목요일,제주특별자치도 서귀포시 대정읍,중상사고,0,1,0,0,차대사람 - 횡단중,보행자보호의무위반,건조,맑음,단일로 - 기타,승용,남,62세,상해없음,보행자,남,56세,중상
2012101800100533,2012년 10월 18일 18시,목요일,제주특별자치도 서귀포시 대정읍,중상사고,0,1,0,0,차대차 - 추돌 - 진행중,안전운전불이행,건조,맑음,단일로 - 기타,승용,남,44세,상해없음,농기계,남,74세,중상
2012101800100534,2012년 10월 18일 18시,목요일,제주특별자치도 제주시 애월읍,경상사고,0,0,1,0,차대차 - 기타,안전운전불이행,건조,맑음,단일로 - 기타,화물,남,42세,상해없음,농기계,남,62세,경상
2012101800100597,2012년 10월 18일 20시,목요일,제주특별자치도 제주시 조천읍,경상사고,0,0,1,0,차대차 - 측면직각충돌,중앙선침범,건조,맑음,단일로 - 기타,승용,여,52세,상해없음,승용,남,67세,경상
2012101800100631,2012년 10월 18일 21시,목요일,제주특별자치도 제주시 연동,경상사고,0,0,2,0,차대차 - 측면직각충돌,안전운전불이행,건조,맑음,단일로 - 기타,승용,남,56세,상해없음,승용,남,43세,경상
2012101800100632,2012년 10월 18일 21시,목요일,제주특별자치도 제주시 연동,경상사고,0,0,1,0,차대차 - 기타,안전운전불이행,건조,맑음,단일로 - 기타,승합,남,52세,상해없음,원동기,남,22세,경상
2012101800100662,2012년 10월 18일 22시,목요일,제주특별자치도 제주시 삼도일동,중상사고,0,1,0,0,차대사람 - 횡단중,보행자보호의무위반,기타,맑음,단일로 - 횡단보도상,승용,남,56세,상해없음,보행자,남,38세,중상
2012101800100687,2012년 10월 18일 23시,목요일,제주특별자치도 제주시 연동,경상사고,0,0,4,0,차대차 - 추돌 - 진행중,안전운전불이행,건조,맑음,단일로 - 기타,승용,남,36세,상해없음,승용,남,23세,경상
2012101900100037,2012년 10월 19일 02시,금요일,제주특별자치도 제주시 노형동,중상사고,0,2,3,0,차대차 - 기타,신호위반,건조,맑음,교차로 - 교차로안,승용,남,48세,경상,승용,남,21세,경상
2012101900100154,2012년 10월 19일 08시,금요일,제주특별자치도 제주시 화북일동,경상사고,0,0,1,0,차대차 - 측면직각충돌,안전운전불이행,기타,맑음,단일로 - 기타,승용,여,65세,상해없음,승용,여,38세,경상
2012101900100155,2012년 10월 19일 08시,금요일,제주특별자치도 제주시 한림읍,중상사고,0,1,0,0,차대차 - 측면직각충돌,안전운전불이행,건조,맑음,단일로 - 기타,승용,여,39세,상해없음,자전거,남,63세,중상
2012101900100198,2012년 10월 19일 09시,금요일,제주특별자치도 제주시 조천읍,경상사고,0,0,1,0,차량단독 - 공작물충돌,안전운전불이행,건조,맑음,단일로 - 기타,승용,여,37세,경상,,,,
2012101900100228,2012년 10월 19일 10시,금요일,제주특별자치도 서귀포시 토평동,경상사고,0,0,1,0,차대차 - 측면직각충돌,직진우회전진행방해,건조,맑음,교차로 - 교차로안,승용,남,65세,경상,화물,남,57세,상해없음
2012101900100229,2012년 10월 19일 10시,금요일,제주특별자치도 제주시 애월읍,경상사고,0,0,1,0,차대차 - 측면직각충돌,신호위반,건조,맑음,교차로 - 교차로안,농기계,남,57세,경상,승용,남,42세,상해없음
2012101900100266,2012년 10월 19일 12시,금요일,제주특별자치도 서귀포시 표선면,경상사고,0,0,1,0,차대차 - 기타,안전운전불이행,건조,맑음,단일로 - 기타,이륜,여,68세,경상,건설기계,남,36세,상해없음
2012101900100267,2012년 10월 19일 12시,금요일,제주특별자치도 제주시 연동,경상사고,0,0,2,0,차대차 - 측면직각충돌,안전운전불이행,건조,맑음,교차로 - 교차로안,승용,남,49세,기타불명,승용,남,31세,경상
2012101900100304,2012년 10월 19일 13시,금요일,제주특별자치도 제주시 한림읍,중상사고,0,1,0,0,차대차 - 기타,안전운전불이행,건조,맑음,단일로 - 기타,승용,남,54세,상해없음,자전거,남,41세,중상
2012101900100376,2012년 10월 19일 15시,금요일,제주특별자치도 서귀포시 안덕면,경상사고,0,0,7,0,차대차 - 기타,직진우회전진행방해,건조,맑음,교차로 - 교차로안,승용,여,21세,경상,승합,남,31세,경상
2012101900100408,2012년 10월 19일 16시,금요일,제주특별자치도 제주시 용담이동,경상사고,0,0,1,0,차대차 - 측면직각충돌,교차로운행방법위반,건조,맑음,교차로 - 교차로안,승용,여,57세,경상,승용,남,43세,상해없음
2012101900100409,2012년 10월 19일 16시,금요일,제주특별자치도 제주시 연동,경상사고,0,0,1,0,차대차 - 추돌 - 진행중,안전운전불이행,건조,맑음,교차로 - 교차로안,승용,남,39세,상해없음,승용,남,39세,경상
2012101900100446,2012년 10월 19일 17시,금요일,제주특별자치도 제주시 한림읍,중상사고,0,2,0,0,차량단독 - 공작물충돌,안전운전불이행,건조,맑음,단일로 - 기타,화물,남,44세,중상,,,,
2012101900100504,2012년 10월 19일 18시,금요일,제주특별자치도 제주시 애월읍,경상사고,0,0,1,0,차대차 - 추돌 - 주정차중,안전거리미확보,건조,맑음,단일로 - 기타,화물,남,34세,상해없음,승합,남,44세,상해없음
2012101900100550,2012년 10월 19일 19시,금요일,제주특별자치도 제주시 일도일동,중상사고,0,1,0,0,차대차 - 측면직각충돌,안전운전불이행,건조,맑음,단일로 - 기타,승용,남,22세,상해없음,이륜,남,32세,중상
2012101900100551,2012년 10월 19일 19시,금요일,제주특별자치도 제주시 봉개동,중상사고,0,1,0,0,차대사람 - 횡단중,안전운전불이행,건조,맑음,단일로 - 기타,승용,남,51세,상해없음,보행자,여,61세,중상
2012101900100552,2012년 10월 19일 19시,금요일,제주특별자치도 제주시 일도일동,경상사고,0,0,1,0,차대차 - 측면직각충돌,안전운전불이행,건조,맑음,교차로 - 교차로안,원동기,남,31세,상해없음,화물,남,41세,상해없음
2012101900100553,2012년 10월 19일 19시,금요일,제주특별자치도 서귀포시 상효동,중상사고,0,1,0,0,차대차 - 정면충돌,중앙선침범,건조,맑음,단일로 - 기타,승용,남,62세,중상,승용,남,37세,상해없음
2012101900100595,2012년 10월 19일 20시,금요일,제주특별자치도 제주시 구좌읍,중상사고,0,1,3,0,차대차 - 측면직각충돌,안전운전불이행,건조,맑음,단일로 - 기타,승용,여,46세,상해없음,승용,남,37세,경상
2012101900100686,2012년 10월 19일 23시,금요일,제주특별자치도 제주시 일도이동,경상사고,0,0,6,0,차대차 - 측면직각충돌,안전운전불이행,건조,맑음,교차로 - 교차로부근,승용,남,40세,상해없음,승용,남,46세,경상
2012101900100687,2012년 10월 19일 23시,금요일,제주특별자치도 제주시 외도일동,경상사고,0,0,2,0,차대차 - 추돌 - 진행중,안전운전불이행,건조,맑음,단일로 - 기타,승용,남,41세,상해없음,승용,여,38세,경상
2012102000100142,2012년 10월 20일 07시,토요일,제주특별자치도 서귀포시 대정읍,중상사고,0,1,0,0,차대차 - 기타,안전운전불이행,건조,맑음,단일로 - 기타,화물,남,53세,상해없음,농기계,남,80세,중상
2012102000100202,2012년 10월 20일 10시,토요일,제주특별자치도 제주시 일도이동,중상사고,0,1,0,0,차대차 - 측면직각충돌,교차로운행방법위반,건조,맑음,교차로 - 교차로안,승용,남,25세,상해없음,이륜,남,50세,중상
2012102000100260,2012년 10월 20일 12시,토요일,제주특별자치도 서귀포시 대정읍,경상사고,0,0,1,1,차대차 - 정면충돌,안전운전불이행,건조,맑음,단일로 - 기타,승합,남,46세,상해없음,승합,남,42세,부상신고
2012102000100261,2012년 10월 20일 12시,토요일,제주특별자치도 제주시 연동,경상사고,0,0,1,0,차대차 - 측면직각충돌,안전운전불이행,건조,맑음,단일로 - 기타,승용,남,36세,상해없음,승용,여,46세,경상
2012102000100336,2012년 10월 20일 14시,토요일,제주특별자치도 제주시 노형동,경상사고,0,0,1,0,차대차 - 기타,안전운전불이행,건조,맑음,교차로 - 교차로안,승용,남,49세,기타불명,승용,남,42세,경상
2012102000100374,2012년 10월 20일 15시,토요일,제주특별자치도 제주시 화북이동,경상사고,0,0,1,0,차대차 - 측면직각충돌,교차로운행방법위반,건조,맑음,교차로 - 교차로안,이륜,남,30세,경상,승용,여,54세,상해없음
2012102000100644,2012년 10월 20일 23시,토요일,제주특별자치도 서귀포시 상예동,경상사고,0,0,1,0,차대사람 - 기타,안전운전불이행,건조,맑음,단일로 - 기타,승용,남,43세,상해없음,보행자,남,32세,경상
2012102100100021,2012년 10월 21일 00시,일요일,제주특별자치도 제주시 한경면,경상사고,0,0,2,0,차량단독 - 공작물충돌,안전운전불이행,건조,맑음,단일로 - 기타,승용,남,31세,경상,,,,
2012102100100147,2012년 10월 21일 08시,일요일,제주특별자치도 제주시 노형동,부상신고사고,0,0,0,1,차량단독 - 공작물충돌,안전운전불이행,건조,맑음,단일로 - 기타,승용,남,19세,부상신고,,,,
2012102100100180,2012년 10월 21일 10시,일요일,제주특별자치도 서귀포시 토평동,부상신고사고,0,0,0,1,차대차 - 기타,안전거리미확보,건조,맑음,단일로 - 기타,원동기,남,49세,부상신고,승용,여,43세,상해없음
2012102100100205,2012년 10월 21일 11시,일요일,제주특별자치도 제주시 이도이동,경상사고,0,0,1,0,차대차 - 추돌 - 진행중,안전거리미확보,건조,맑음,단일로 - 기타,승용,남,29세,상해없음,승용,남,23세,경상
2012102100100374,2012년 10월 21일 17시,일요일,제주특별자치도 제주시 애월읍,경상사고,0,0,1,0,차대차 - 기타,안전운전불이행,건조,맑음,단일로 - 기타,화물,기타불명,기타불명,기타불명,이륜,남,69세,경상
2012102100100485,2012년 10월 21일 20시,일요일,제주특별자치도 제주시 이도이동,중상사고,0,1,1,0,차대차 - 측면직각충돌,안전운전불이행,건조,맑음,단일로 - 기타,승용,여,29세,상해없음,승용,남,53세,경상
2012102100100486,2012년 10월 21일 20시,일요일,제주특별자치도 제주시 화북이동,경상사고,0,0,3,0,차대차 - 추돌 - 주정차중,안전거리미확보,건조,맑음,교차로 - 교차로부근,승용,남,44세,경상,승용,여,33세,경상
2012102200100050,2012년 10월 22일 05시,월요일,제주특별자치도 제주시 이도이동,중상사고,0,1,0,0,차대차 - 측면직각충돌,신호위반,건조,맑음,교차로 - 교차로안,승용,여,53세,상해없음,승용,여,56세,중상
2012102200100144,2012년 10월 22일 08시,월요일,제주특별자치도 제주시 오라일동,경상사고,0,0,1,0,차대차 - 측면직각충돌,안전운전불이행,건조,맑음,교차로 - 교차로안,기타불명,기타불명,기타불명,기타불명,승용,여,27세,경상
2012102200100244,2012년 10월 22일 11시,월요일,제주특별자치도 제주시 노형동,경상사고,0,0,1,1,차대차 - 기타,안전운전불이행,건조,맑음,단일로 - 기타,화물,남,29세,부상신고,승용,남,51세,경상
2012102200100347,2012년 10월 22일 14시,월요일,제주특별자치도 제주시 용담이동,경상사고,0,0,1,0,차대차 - 측면직각충돌,차로위반,건조,맑음,단일로 - 기타,승용,남,47세,상해없음,승용,남,67세,경상
2012102200100386,2012년 10월 22일 15시,월요일,제주특별자치도 제주시 오라이동,경상사고,0,0,2,0,차대차 - 측면직각충돌,안전운전불이행,습기,비,교차로 - 교차로부근,화물,남,23세,경상,승용,여,31세,경상
2012102200100387,2012년 10월 22일 15시,월요일,제주특별자치도 서귀포시 서호동,경상사고,0,0,1,0,차량단독 - 전도전복,안전운전불이행,습기,비,단일로 - 기타,화물,여,41세,경상,,,,
2012102200100419,2012년 10월 22일 16시,월요일,제주특별자치도 제주시 이도이동,중상사고,0,1,0,0,차대사람 - 횡단중,보행자보호의무위반,습기,비,교차로 - 교차로부근,승용,여,31세,상해없음,보행자,남,15세,중상
2012102200100420,2012년 10월 22일 16시,월요일,제주특별자치도 제주시 오라일동,경상사고,0,0,1,0,차대차 - 측면직각충돌,교차로운행방법위반,습기,비,교차로 - 교차로부근,이륜,남,46세,경상,승용,남,41세,상해없음
2012102200100470,2012년 10월 22일 17시,월요일,제주특별자치도 제주시 외도이동,경상사고,0,0,1,0,차대차 - 기타,안전운전불이행,건조,맑음,단일로 - 기타,승합,남,55세,상해없음,승용,여,38세,경상
2012102200100675,2012년 10월 22일 21시,월요일,제주특별자치도 제주시 노형동,경상사고,0,0,1,0,차대차 - 기타,안전운전불이행,건조,맑음,단일로 - 기타,화물,남,27세,상해없음,승용,여,31세,경상
2012102200100710,2012년 10월 22일 22시,월요일,제주특별자치도 제주시 오라이동,경상사고,0,0,1,0,차대차 - 측면직각충돌,안전운전불이행,건조,맑음,단일로 - 기타,기타불명,기타불명,기타불명,기타불명,승용,여,49세,경상
2012102200100711,2012년 10월 22일 22시,월요일,제주특별자치도 제주시 건입동,경상사고,0,0,1,0,차대차 - 측면직각충돌,교차로운행방법위반,건조,맑음,단일로 - 기타,화물,남,33세,상해없음,승용,남,45세,경상
2012102300100255,2012년 10월 23일 10시,화요일,제주특별자치도 서귀포시 남원읍,중상사고,0,1,0,1,차량단독 - 전도전복,안전운전불이행,건조,맑음,단일로 - 기타,승용,남,20세,부상신고,,,,