사고번호,사고일시,요일,시군구,사고내용,사망자수,중상자수,경상자수,부상신고자수,사고유형,법규위반,노면상태,기상상태,도로형태,가해운전자 차종,가해운전자 성별,가해운전자 연령,가해운전자 상해정도,피해운전자 차종,피해운전자 성별,피해운전자 연령,피해운전자 상해정도
2012102300100355,2012년 10월 23일 14시,화요일,제주특별자치도 제주시 노형동,부상신고사고,0,0,0,1,차대차 - 측면직각충돌,직진우회전진행방해,건조,맑음,교차로 - 교차로안,이륜,남,43세,부상신고,승용,남,49세,상해없음
2012102300100399,2012년 10월 23일 15시,화요일,제주특별자치도 제주시 이도이동,경상사고,0,0,2,0,차대차 - 측면직각충돌,안전운전불이행,건조,맑음,단일로 - 기타,승용,여,61세,경상,화물,남,25세,경상
2012102300100483,2012년 10월 23일 17시,화요일,제주특별자치도 서귀포시 중문동,중상사고,0,1,0,0,차대사람 - 횡단중,안전운전불이행,건조,맑음,단일로 - 기타,화물,남,49세,상해없음,보행자,여,83세,중상
2012102300100586,2012년 10월 23일 19시,화요일,제주특별자치도 제주시 한림읍,경상사고,0,0,1,0,차대차 - 추돌 - 진행중,안전운전불이행,건조,맑음,교차로 - 교차로부근,승용,남,32세,상해없음,승용,여,33세,경상
2012102300100587,2012년 10월 23일 19시,화요일,제주특별자치도 제주시 용담이동,경상사고,0,0,1,2,차대차 - 추돌 - 진행중,안전운전불이행,건조,맑음,교차로 - 교차로부근,승용,남,48세,상해없음,화물,남,37세,경상
2012102400100018,2012년 10월 24일 00시,수요일,제주특별자치도 제주시 일도이동,중상사고,0,1,0,0,차대차 - 측면직각충돌,중앙선침범,건조,맑음,단일로 - 기타,승용,남,23세,상해없음,승용,남,33세,중상
2012102400100065,2012년 10월 24일 04시,수요일,제주특별자치도 제주시 한림읍,부상신고사고,0,0,0,1,차량단독 - 공작물충돌,안전운전불이행,건조,맑음,교차로 - 교차로부근,승용,여,47세,부상신고,,,,
2012102400100076,2012년 10월 24일 05시,수요일,제주특별자치도 제주시 노형동,중상사고,0,1,0,0,차대사람 - 횡단중,안전운전불이행,건조,맑음,교차로 - 교차로부근,승용,남,41세,상해없음,보행자,여,55세,중상
2012102400100117,2012년 10월 24일 07시,수요일,제주특별자치도 제주시 오라이동,경상사고,0,0,1,0,차대차 - 추돌 - 진행중,안전운전불이행,건조,맑음,단일로 - 기타,승용,남,38세,상해없음,자전거,남,68세,경상
2012102400100118,2012년 10월 24일 07시,수요일,제주특별자치도 제주시 애월읍,중상사고,0,1,0,0,차대차 - 측면직각충돌,교차로운행방법위반,건조,맑음,교차로 - 교차로안,승합,남,44세,상해없음,이륜,남,66세,중상
2012102400100153,2012년 10월 24일 08시,수요일,제주특별자치도 제주시 아라일동,경상사고,0,0,3,0,차대차 - 측면직각충돌,안전거리미확보,건조,맑음,교차로 - 교차로안,승합,남,63세,상해없음,승합,남,48세,경상
2012102400100154,2012년 10월 24일 08시,수요일,제주특별자치도 제주시 이도이동,경상사고,0,0,1,0,차대차 - 측면직각충돌,교차로운행방법위반,건조,맑음,교차로 - 교차로안,승용,남,73세,상해없음,승용,여,33세,경상
2012102400100188,2012년 10월 24일 09시,수요일,제주특별자치도 제주시 연동,경상사고,0,0,2,0,차대차 - 측면직각충돌,안전거리미확보,건조,맑음,단일로 - 기타,승용,남,28세,상해없음,승용,남,57세,경상
2012102400100266,2012년 10월 24일 12시,수요일,제주특별자치도 제주시 삼도이동,중상사고,0,1,0,0,차대차 - 측면직각충돌,안전운전불이행,건조,맑음,단일로 - 기타,승용,남,33세,상해없음,이륜,여,57세,중상
2012102400100314,2012년 10월 24일 14시,수요일,제주특별자치도 제주시 일도이동,중상사고,0,1,0,0,차대사람 - 횡단중,보행자보호의무위반,건조,맑음,단일로 - 횡단보도상,승용,남,51세,상해없음,보행자,남,61세,중상
2012102400100345,2012년 10월 24일 15시,수요일,제주특별자치도 제주시 삼양이동,경상사고,0,0,1,0,차대사람 - 횡단중,안전운전불이행,건조,맑음,단일로 - 기타,승용,여,55세,상해없음,보행자,여,15세,경상
2012102400100368,2012년 10월 24일 16시,수요일,제주특별자치도 제주시 이도이동,경상사고,0,0,1,0,차대사람 - 횡단중,보행자보호의무위반,건조,맑음,교차로 - 교차로안,승용,남,33세,상해없음,보행자,여,11세,경상
2012102400100369,2012년 10월 24일 16시,수요일,제주특별자치도 제주시 애월읍,경상사고,0,0,1,0,차대차 - 기타,신호위반,건조,맑음,교차로 - 교차로안,농기계,남,87세,상해없음,농기계,남,53세,경상
2012102400100616,2012년 10월 24일 23시,수요일,제주특별자치도 제주시 애월읍,경상사고,0,0,3,0,차대차 - 기타,안전운전불이행,건조,맑음,단일로 - 기타,승용,남,27세,상해없음,승용,여,47세,경상
2012102500100028,2012년 10월 25일 01시,목요일,제주특별자치도 서귀포시 동홍동,중상사고,0,1,1,0,차량단독 - 공작물충돌,안전운전불이행,건조,맑음,단일로 - 기타,승용,남,24세,경상,,,,
2012102500100090,2012년 10월 25일 06시,목요일,제주특별자치도 서귀포시 안덕면,중상사고,0,1,0,0,차량단독 - 공작물충돌,안전운전불이행,건조,맑음,단일로 - 기타,승용,여,35세,중상,,,,
2012102500100238,2012년 10월 25일 11시,목요일,제주특별자치도 서귀포시 색달동,경상사고,0,0,2,0,차대차 - 추돌 - 주정차중,안전운전불이행,건조,맑음,단일로 - 기타,화물,남,23세,경상,화물,남,45세,경상
2012102500100239,2012년 10월 25일 11시,목요일,제주특별자치도 서귀포시 동홍동,부상신고사고,0,0,0,1,차대차 - 기타,안전운전불이행,건조,맑음,교차로 - 교차로안,승용,여,64세,부상신고,승합,남,30세,상해없음
2012102500100296,2012년 10월 25일 13시,목요일,제주특별자치도 제주시 건입동,중상사고,0,1,0,0,차대사람 - 횡단중,안전운전불이행,기타,맑음,단일로 - 기타,승용,남,57세,상해없음,보행자,여,49세,중상
2012102500100370,2012년 10월 25일 16시,목요일,제주특별자치도 제주시 이도이동,경상사고,0,0,3,0,차대차 - 측면직각충돌,기타,건조,맑음,교차로 - 교차로부근,승용,여,50세,상해없음,승용,남,48세,경상
2012102500100371,2012년 10월 25일 16시,목요일,제주특별자치도 제주시 일도이동,중상사고,0,1,0,0,차대사람 - 횡단중,안전운전불이행,건조,맑음,단일로 - 기타,승용,남,51세,상해없음,보행자,남,40세,중상
2012102500100405,2012년 10월 25일 17시,목요일,제주특별자치도 제주시 일도이동,경상사고,0,0,1,0,차대사람 - 횡단중,신호위반,건조,맑음,단일로 - 횡단보도상,승용,여,48세,상해없음,보행자,여,19세,경상
2012102500100458,2012년 10월 25일 18시,목요일,제주특별자치도 제주시 삼도이동,중상사고,0,1,0,0,차대사람 - 횡단중,신호위반,건조,맑음,교차로 - 교차로안,승용,여,52세,상해없음,보행자,여,76세,중상
2012102500100459,2012년 10월 25일 18시,목요일,제주특별자치도 서귀포시 안덕면,중상사고,0,1,0,0,차대차 - 추돌 - 진행중,안전운전불이행,건조,맑음,단일로 - 기타,승용,여,54세,상해없음,농기계,남,76세,중상
2012102500100558,2012년 10월 25일 21시,목요일,제주특별자치도 제주시 건입동,중상사고,0,1,0,0,차대사람 - 횡단중,보행자보호의무위반,건조,맑음,교차로 - 교차로안,승용,여,22세,상해없음,보행자,남,46세,중상
2012102600100037,2012년 10월 26일 01시,금요일,제주특별자치도 서귀포시 하원동,중상사고,0,1,0,0,차량단독 - 공작물충돌,안전운전불이행,건조,맑음,단일로 - 기타,승용,남,41세,중상,,,,
2012102600100191,2012년 10월 26일 08시,금요일,제주특별자치도 제주시 삼도일동,경상사고,0,0,1,0,차대사람 - 횡단중,안전운전불이행,건조,맑음,단일로 - 기타,승합,여,35세,상해없음,보행자,여,12세,경상
2012102600100192,2012년 10월 26일 08시,금요일,제주특별자치도 제주시 애월읍,중상사고,0,1,0,0,차대차 - 추돌 - 진행중,안전거리미확보,습기,비,단일로 - 기타,화물,남,52세,상해없음,화물,남,69세,상해없음
2012102600100304,2012년 10월 26일 12시,금요일,제주특별자치도 제주시 한경면,중상사고,0,3,0,0,차대차 - 측면직각충돌,신호위반,건조,흐림,교차로 - 교차로안,승용,남,50세,중상,승용,남,39세,중상
2012102600100333,2012년 10월 26일 13시,금요일,제주특별자치도 제주시 조천읍,중상사고,0,1,0,0,차대차 - 측면직각충돌,교차로운행방법위반,건조,맑음,교차로 - 교차로안,이륜,남,69세,중상,승용,남,48세,상해없음
2012102600100474,2012년 10월 26일 17시,금요일,제주특별자치도 제주시 이도이동,경상사고,0,0,1,0,차대사람 - 횡단중,안전운전불이행,습기,비,교차로 - 교차로부근,승용,남,53세,상해없음,보행자,남,51세,경상
2012102600100475,2012년 10월 26일 17시,금요일,제주특별자치도 서귀포시 법환동,경상사고,0,0,2,0,차대차 - 측면직각충돌,직진우회전진행방해,건조,맑음,교차로 - 교차로안,승합,남,41세,경상,화물,남,64세,경상
2012102600100514,2012년 10월 26일 18시,금요일,제주특별자치도 제주시 일도이동,경상사고,0,0,2,0,차대차 - 측면직각충돌,교차로운행방법위반,건조,맑음,교차로 - 교차로안,승용,남,42세,상해없음,승용,여,41세,경상
2012102600100515,2012년 10월 26일 18시,금요일,제주특별자치도 서귀포시 서홍동,경상사고,0,0,1,0,차대차 - 기타,직진우회전진행방해,습기,비,교차로 - 교차로부근,승용,여,42세,상해없음,승용,남,41세,상해없음
2012102600100559,2012년 10월 26일 19시,금요일,제주특별자치도 서귀포시 하원동,경상사고,0,0,1,0,차량단독 - 공작물충돌,안전운전불이행,습기,비,단일로 - 기타,승용,남,28세,경상,,,,
2012102600100560,2012년 10월 26일 19시,금요일,제주특별자치도 제주시 노형동,경상사고,0,0,1,0,차대차 - 기타,안전거리미확보,습기,비,단일로 - 기타,승용,남,51세,상해없음,승용,남,52세,상해없음
2012102600100593,2012년 10월 26일 20시,금요일,제주특별자치도 제주시 일도이동,중상사고,0,1,0,0,차대차 - 측면직각충돌,신호위반,건조,맑음,교차로 - 교차로안,이륜,남,19세,중상,승용,남,43세,상해없음
2012102700100046,2012년 10월 27일 01시,토요일,제주특별자치도 제주시 노형동,경상사고,0,0,4,0,차대차 - 기타,안전운전불이행,건조,맑음,단일로 - 기타,승용,여,48세,경상,승용,남,36세,경상
2012102700100085,2012년 10월 27일 03시,토요일,제주특별자치도 제주시 일도이동,경상사고,0,0,2,0,차대차 - 측면직각충돌,안전운전불이행,건조,맑음,단일로 - 기타,승용,남,28세,상해없음,승용,남,34세,경상
2012102700100158,2012년 10월 27일 06시,토요일,제주특별자치도 제주시 용담이동,중상사고,0,1,1,0,차대차 - 기타,신호위반,건조,흐림,교차로 - 교차로안,승용,남,49세,경상,승용,여,32세,중상
2012102700100504,2012년 10월 27일 16시,토요일,제주특별자치도 제주시 연동,경상사고,0,0,2,0,차대차 - 추돌 - 진행중,안전운전불이행,습기,비,단일로 - 기타,승용,여,37세,상해없음,승용,여,52세,경상
2012102700100546,2012년 10월 27일 17시,토요일,제주특별자치도 제주시 용담일동,경상사고,0,0,1,0,차량단독 - 공작물충돌,안전운전불이행,건조,맑음,단일로 - 기타,승합,남,38세,상해없음,,,,
2012102700100547,2012년 10월 27일 17시,토요일,제주특별자치도 제주시 삼양일동,경상사고,0,0,2,0,차대차 - 측면직각충돌,안전거리미확보,건조,맑음,단일로 - 기타,승용,남,35세,경상,승용,남,51세,경상
2012102700100548,2012년 10월 27일 17시,토요일,제주특별자치도 제주시 노형동,경상사고,0,0,1,0,차대차 - 측면직각충돌,중앙선침범,건조,맑음,교차로 - 교차로부근,승용,남,43세,상해없음,승용,남,54세,상해없음
2012102700100672,2012년 10월 27일 19시,토요일,제주특별자치도 제주시 아라일동,중상사고,0,4,0,0,차대차 - 측면직각충돌,중앙선침범,습기,비,단일로 - 기타,승용,남,64세,상해없음,화물,남,54세,중상
2012102700100810,2012년 10월 27일 22시,토요일,제주특별자치도 제주시 연동,중상사고,0,1,0,0,차대사람 - 차도통행중,안전운전불이행,습기,흐림,단일로 - 기타,이륜,남,44세,상해없음,보행자,여,27세,중상
2012102800100111,2012년 10월 28일 06시,일요일,제주특별자치도 서귀포시 대정읍,경상사고,0,0,2,0,차대차 - 기타,안전운전불이행,건조,맑음,교차로 - 교차로부근,승합,여,56세,상해없음,화물,여,56세,기타불명
2012102800100162,2012년 10월 28일 09시,일요일,제주특별자치도 제주시 노형동,중상사고,0,1,1,0,차대차 - 기타,안전운전불이행,건조,맑음,교차로 - 교차로안,승용,여,35세,중상,화물,남,26세,경상
2012102800100289,2012년 10월 28일 14시,일요일,제주특별자치도 제주시 영평동,경상사고,0,0,1,0,차대차 - 측면직각충돌,안전운전불이행,건조,맑음,단일로 - 기타,화물,남,56세,상해없음,승용,남,45세,상해없음
2012102800100290,2012년 10월 28일 14시,일요일,제주특별자치도 서귀포시 안덕면,경상사고,0,0,1,1,차대차 - 기타,안전운전불이행,건조,맑음,단일로 - 기타,승용,여,55세,부상신고,승용,남,70세,상해없음
2012102800100336,2012년 10월 28일 15시,일요일,제주특별자치도 제주시 한림읍,경상사고,0,0,1,0,차대차 - 기타,안전운전불이행,건조,맑음,단일로 - 기타,승용,여,54세,상해없음,자전거,여,9세,경상
2012102800100376,2012년 10월 28일 16시,일요일,제주특별자치도 제주시 내도동,경상사고,0,0,1,0,차대사람 - 기타,안전운전불이행,건조,맑음,단일로 - 기타,승용,남,26세,상해없음,보행자,여,6세,경상
2012102800100534,2012년 10월 28일 20시,일요일,제주특별자치도 제주시 노형동,경상사고,0,0,3,0,차대사람 - 횡단중,보행자보호의무위반,건조,맑음,단일로 - 횡단보도상,승용,남,37세,상해없음,보행자,여,22세,경상
2012102900100028,2012년 10월 29일 02시,월요일,제주특별자치도 제주시 이도이동,경상사고,0,0,1,0,차대차 - 측면직각충돌,안전거리미확보,건조,맑음,단일로 - 기타,승용,남,38세,상해없음,승용,남,35세,상해없음
2012102900100070,2012년 10월 29일 06시,월요일,제주특별자치도 서귀포시 중문동,중상사고,0,2,0,0,차대차 - 기타,안전운전불이행,건조,맑음,단일로 - 기타,승용,남,31세,상해없음,승합,여,70세,상해없음
2012102900100143,2012년 10월 29일 08시,월요일,제주특별자치도 제주시 이도이동,경상사고,0,0,1,0,차대차 - 측면직각충돌,교차로운행방법위반,건조,맑음,교차로 - 교차로안,승용,남,39세,경상,화물,남,54세,상해없음
2012102900100173,2012년 10월 29일 09시,월요일,제주특별자치도 제주시 이도일동,경상사고,0,0,1,0,차대차 - 측면직각충돌,안전거리미확보,건조,맑음,교차로 - 교차로부근,원동기,여,19세,경상,화물,남,33세,상해없음
2012102900100174,2012년 10월 29일 09시,월요일,제주특별자치도 제주시 노형동,경상사고,0,0,1,0,차대사람 - 횡단중,보행자보호의무위반,건조,맑음,교차로 - 교차로안,승용,여,50세,상해없음,보행자,여,18세,경상
2012102900100198,2012년 10월 29일 10시,월요일,제주특별자치도 제주시 구좌읍,사망사고,2,2,0,0,차대차 - 측면직각충돌,중앙선침범,건조,맑음,단일로 - 기타,승용,남,23세,중상,화물,남,55세,사망
2012102900100199,2012년 10월 29일 10시,월요일,제주특별자치도 제주시 구좌읍,경상사고,0,0,1,0,차대차 - 측면직각충돌,안전운전불이행,기타,맑음,단일로 - 기타,승용,여,43세,상해없음,화물,남,62세,경상
2012102900100250,2012년 10월 29일 12시,월요일,제주특별자치도 제주시 노형동,부상신고사고,0,0,0,1,차대차 - 측면직각충돌,신호위반,건조,맑음,교차로 - 교차로안,승용,남,23세,상해없음,화물,남,37세,부상신고
2012102900100380,2012년 10월 29일 16시,월요일,제주특별자치도 제주시 이도이동,경상사고,0,0,1,0,차대사람 - 횡단중,안전운전불이행,건조,맑음,단일로 - 기타,화물,남,63세,상해없음,보행자,남,60세,경상
2012102900100424,2012년 10월 29일 17시,월요일,제주특별자치도 제주시 조천읍,중상사고,0,1,0,0,차대차 - 기타,중앙선침범,건조,맑음,단일로 - 기타,승용,남,26세,상해없음,화물,남,48세,중상
2012102900100494,2012년 10월 29일 18시,월요일,제주특별자치도 제주시 아라일동,경상사고,0,0,1,0,차대차 - 측면직각충돌,안전운전불이행,건조,맑음,단일로 - 기타,승용,남,23세,기타불명,승용,남,44세,경상
2012102900100533,2012년 10월 29일 19시,월요일,제주특별자치도 제주시 노형동,부상신고사고,0,0,0,1,차대차 - 측면직각충돌,직진우회전진행방해,건조,맑음,교차로 - 교차로안,승용,여,30세,부상신고,승용,여,49세,상해없음
2012102900100563,2012년 10월 29일 20시,월요일,제주특별자치도 제주시 이도일동,중상사고,0,1,0,0,차대차 - 측면직각충돌,신호위반,건조,맑음,교차로 - 교차로안,이륜,남,17세,중상,승합,남,48세,상해없음
2012103000100062,2012년 10월 30일 05시,화요일,제주특별자치도 서귀포시 안덕면,사망사고,1,0,0,0,차대차 - 측면직각충돌,안전운전불이행,건조,맑음,교차로 - 교차로부근,건설기계,남,30세,상해없음,이륜,남,63세,사망
2012103000100063,2012년 10월 30일 05시,화요일,제주특별자치도 서귀포시 표선면,중상사고,0,2,2,1,차대차 - 측면직각충돌,직진우회전진행방해,건조,맑음,교차로 - 교차로안,승용,여,50세,부상신고,승용,여,55세,중상
2012103000100131,2012년 10월 30일 08시,화요일,제주특별자치도 제주시 한경면,중상사고,0,1,0,0,차대차 - 측면직각충돌,신호위반,건조,맑음,교차로 - 교차로안,승용,여,49세,중상,승합,남,41세,상해없음
2012103000100202,2012년 10월 30일 10시,화요일,제주특별자치도 제주시 구좌읍,경상사고,0,0,1,0,차대차 - 측면직각충돌,안전운전불이행,건조,맑음,교차로 - 교차로부근,승합,남,49세,상해없음,승용,남,42세,상해없음
2012103000100203,2012년 10월 30일 10시,화요일,제주특별자치도 서귀포시 서호동,중상사고,0,1,1,0,차대차 - 추돌 - 진행중,안전거리미확보,건조,맑음,교차로 - 교차로부근,화물,남,50세,상해없음,화물,남,50세,상해없음
2012103000100306,2012년 10월 30일 14시,화요일,제주특별자치도 서귀포시 성산읍,중상사고,0,1,0,0,차대차 - 기타,안전운전불이행,건조,맑음,단일로 - 기타,원동기,여,75세,중상,승용,남,35세,상해없음
2012103000100382,2012년 10월 30일 16시,화요일,제주특별자치도 제주시 노형동,경상사고,0,0,1,0,차대차 - 기타,안전운전불이행,건조,맑음,단일로 - 기타,승용,여,53세,경상,화물,남,45세,상해없음
2012103000100383,2012년 10월 30일 16시,화요일,제주특별자치도 제주시 연동,중상사고,0,1,0,0,차대차 - 기타,직진우회전진행방해,건조,맑음,교차로 - 교차로안,화물,남,32세,상해없음,원동기,남,42세,중상
2012103000100413,2012년 10월 30일 17시,화요일,제주특별자치도 제주시 애월읍,경상사고,0,0,1,0,차대차 - 기타,안전거리미확보,건조,맑음,교차로 - 교차로부근,승용,남,44세,상해없음,승용,여,55세,경상
2012103000100625,2012년 10월 30일 23시,화요일,제주특별자치도 제주시 일도이동,경상사고,0,0,1,0,차대사람 - 횡단중,보행자보호의무위반,건조,맑음,단일로 - 횡단보도상,승용,남,25세,상해없음,보행자,여,17세,경상
2012103000100626,2012년 10월 30일 23시,화요일,제주특별자치도 서귀포시 토평동,중상사고,0,1,1,2,차대차 - 측면직각충돌,직진우회전진행방해,건조,맑음,교차로 - 교차로안,승용,여,58세,부상신고,승용,남,59세,상해없음
2012103100100060,2012년 10월 31일 05시,수요일,제주특별자치도 제주시 외도이동,경상사고,0,0,1,0,차대차 - 추돌 - 주정차중,안전운전불이행,건조,맑음,교차로 - 교차로안,승용,남,44세,상해없음,승용,남,41세,경상
2012103100100071,2012년 10월 31일 06시,수요일,제주특별자치도 서귀포시 안덕면,중상사고,0,1,0,0,차대사람 - 횡단중,신호위반,건조,맑음,교차로 - 교차로안,승합,남,56세,상해없음,보행자,남,36세,중상
2012103100100126,2012년 10월 31일 08시,수요일,제주특별자치도 제주시 노형동,중상사고,0,1,0,0,차대사람 - 횡단중,보행자보호의무위반,건조,맑음,단일로 - 횡단보도상,승용,여,27세,상해없음,보행자,여,77세,중상
2012103100100281,2012년 10월 31일 14시,수요일,제주특별자치도 서귀포시 신효동,경상사고,0,0,2,0,차대차 - 측면직각충돌,안전운전불이행,건조,맑음,교차로 - 교차로안,원동기,남,71세,경상,이륜,남,33세,경상
2012103100100388,2012년 10월 31일 17시,수요일,제주특별자치도 제주시 삼도이동,경상사고,0,0,1,0,차대차 - 측면직각충돌,교차로운행방법위반,건조,맑음,교차로 - 교차로안,이륜,남,57세,경상,승용,남,47세,상해없음
2012103100100588,2012년 10월 31일 21시,수요일,제주특별자치도 제주시 도남동,경상사고,0,0,1,0,차대차 - 추돌 - 주정차중,안전운전불이행,건조,맑음,단일로 - 기타,승용,남,47세,상해없음,승용,남,40세,경상
2012103100100589,2012년 10월 31일 21시,수요일,제주특별자치도 서귀포시 표선면,경상사고,0,0,2,0,차대차 - 추돌 - 진행중,안전운전불이행,건조,맑음,교차로 - 교차로부근,승용,남,54세,상해없음,승용,남,51세,경상
2012103100100590,2012년 10월 31일 21시,수요일,제주특별자치도 서귀포시 동홍동,중상사고,0,1,0,0,차대사람 - 횡단중,안전운전불이행,건조,맑음,교차로 - 교차로안,승용,남,27세,상해없음,보행자,남,48세,중상
2012103100100627,2012년 10월 31일 22시,수요일,제주특별자치도 제주시 이도이동,중상사고,0,1,2,0,차대차 - 측면직각충돌,신호위반,건조,맑음,교차로 - 교차로안,화물,여,42세,경상,승용,여,42세,중상
2012110100100017,2012년 11월 1일 00시,목요일,제주특별자치도 제주시 삼도이동,중상사고,0,1,0,0,차대차 - 측면직각충돌,교차로운행방법위반,건조,맑음,교차로 - 교차로안,이륜,남,41세,중상,승용,남,47세,상해없음
2012110100100070,2012년 11월 1일 04시,목요일,제주특별자치도 제주시 도두이동,중상사고,0,1,0,0,차량단독 - 공작물충돌,안전운전불이행,건조,맑음,단일로 - 기타,승용,남,22세,중상,,,,
2012110100100182,2012년 11월 1일 09시,목요일,제주특별자치도 제주시 오라일동,사망사고,1,0,0,0,차대사람 - 횡단중,보행자보호의무위반,건조,맑음,단일로 - 횡단보도상,승합,남,44세,상해없음,보행자,남,82세,사망
2012110100100277,2012년 11월 1일 12시,목요일,제주특별자치도 제주시 도련이동,경상사고,0,0,1,0,차대차 - 측면직각충돌,안전거리미확보,건조,맑음,단일로 - 기타,승용,남,54세,상해없음,이륜,남,39세,경상
2012110100100278,2012년 11월 1일 12시,목요일,제주특별자치도 서귀포시 성산읍,중상사고,0,1,0,0,차대차 - 기타,안전운전불이행,건조,맑음,단일로 - 기타,승용,남,25세,상해없음,원동기,여,79세,중상
2012110100100356,2012년 11월 1일 15시,목요일,제주특별자치도 서귀포시 하원동,경상사고,0,0,2,0,차대차 - 기타,안전운전불이행,건조,맑음,교차로 - 교차로부근,화물,남,57세,상해없음,승용,남,58세,경상
2012110100100395,2012년 11월 1일 16시,목요일,제주특별자치도 제주시 노형동,사망사고,1,0,0,0,차대차 - 기타,중앙선침범,건조,맑음,단일로 - 기타,원동기,남,76세,사망,승합,여,46세,상해없음
2012110100100433,2012년 11월 1일 17시,목요일,제주특별자치도 제주시 삼도일동,경상사고,0,0,1,0,차대사람 - 횡단중,안전운전불이행,건조,맑음,단일로 - 기타,승용,남,78세,상해없음,보행자,남,53세,경상
2012110100100434,2012년 11월 1일 17시,목요일,제주특별자치도 서귀포시 동홍동,경상사고,0,0,1,0,차대차 - 기타,직진우회전진행방해,건조,맑음,교차로 - 교차로안,승용,남,45세,상해없음,원동기,남,52세,경상
2012110100100435,2012년 11월 1일 17시,목요일,제주특별자치도 서귀포시 서귀동,중상사고,0,1,0,0,차대사람 - 기타,보행자보호의무위반,건조,맑음,교차로 - 교차로부근,승용,여,46세,상해없음,보행자,남,12세,상해없음
2012110100100543,2012년 11월 1일 19시,목요일,제주특별자치도 제주시 애월읍,중상사고,0,1,0,0,차량단독 - 공작물충돌,안전운전불이행,건조,흐림,단일로 - 기타,승용,남,56세,중상,,,,
2012110100100647,2012년 11월 1일 22시,목요일,제주특별자치도 서귀포시 안덕면,중상사고,0,1,0,0,차량단독 - 공작물충돌,안전운전불이행,건조,맑음,단일로 - 기타,승용,남,38세,중상,,,,
2012110200100016,2012년 11월 2일 00시,금요일,제주특별자치도 제주시 연동,경상사고,0,0,1,0,차대차 - 기타,안전운전불이행,건조,맑음,단일로 - 기타,승용,남,36세,상해없음,원동기,남,23세,경상
2012110200100141,2012년 11월 2일 08시,금요일,제주특별자치도 제주시 조천읍,중상사고,0,2,0,0,차대차 - 측면직각충돌,중앙선침범,건조,맑음,단일로 - 기타,승용,남,45세,중상,승용,남,63세,중상
2012110200100178,2012년 11월 2일 09시,금요일,제주특별자치도 제주시 이도일동,경상사고,0,0,1,0,차대차 - 측면직각충돌,안전운전불이행,건조,맑음,단일로 - 횡단보도상,승용,남,52세,상해없음,자전거,남,42세,경상
2012110200100179,2012년 11월 2일 09시,금요일,제주특별자치도 제주시 이도이동,경상사고,0,0,1,0,차대차 - 측면직각충돌,교차로운행방법위반,건조,맑음,교차로 - 교차로안,이륜,남,71세,경상,승용,남,48세,상해없음
2012110200100281,2012년 11월 2일 12시,금요일,제주특별자치도 제주시 오라일동,사망사고,1,0,0,0,차대차 - 측면직각충돌,교차로운행방법위반,건조,맑음,교차로 - 교차로안,승합,남,63세,상해없음,승용,남,58세,사망
2012110200100308,2012년 11월 2일 13시,금요일,제주특별자치도 제주시 오라일동,중상사고,0,1,1,0,차대차 - 측면직각충돌,중앙선침범,건조,맑음,교차로 - 교차로안,화물,남,33세,상해없음,승용,남,42세,중상
2012110200100309,2012년 11월 2일 13시,금요일,제주특별자치도 제주시 연동,경상사고,0,0,1,0,차대차 - 측면직각충돌,안전운전불이행,건조,맑음,단일로 - 기타,승용,남,33세,상해없음,이륜,남,19세,경상
2012110200100345,2012년 11월 2일 14시,금요일,제주특별자치도 서귀포시 안덕면,중상사고,0,1,0,0,차대차 - 기타,안전운전불이행,건조,맑음,단일로 - 기타,화물,여,61세,상해없음,이륜,여,66세,중상
2012110200100378,2012년 11월 2일 15시,금요일,제주특별자치도 서귀포시 하예동,부상신고사고,0,0,0,1,차대차 - 측면직각충돌,직진우회전진행방해,건조,맑음,교차로 - 교차로안,원동기,여,70세,부상신고,승용,남,49세,상해없음
2012110200100379,2012년 11월 2일 15시,금요일,제주특별자치도 제주시 한경면,중상사고,0,5,2,0,차대차 - 측면직각충돌,신호위반,건조,맑음,교차로 - 교차로안,승용,남,21세,중상,승합,남,40세,중상
2012110200100447,2012년 11월 2일 17시,금요일,제주특별자치도 제주시 삼도일동,경상사고,0,0,1,0,차대사람 - 횡단중,안전운전불이행,건조,맑음,교차로 - 교차로안,승용,여,51세,상해없음,보행자,여,66세,경상
2012110200100448,2012년 11월 2일 17시,금요일,제주특별자치도 제주시 연동,경상사고,0,0,1,0,차대차 - 기타,안전거리미확보,건조,맑음,단일로 - 기타,승용,남,61세,기타불명,승용,남,62세,경상
2012110200100505,2012년 11월 2일 18시,금요일,제주특별자치도 제주시 구좌읍,사망사고,1,0,0,0,차대사람 - 기타,안전운전불이행,건조,맑음,교차로 - 교차로부근,승용,남,49세,상해없음,보행자,남,76세,사망
2012110200100562,2012년 11월 2일 19시,금요일,제주특별자치도 제주시 구좌읍,중상사고,0,3,0,0,차대차 - 측면직각충돌,안전운전불이행,건조,맑음,단일로 - 기타,화물,남,56세,상해없음,승용,여,58세,중상