사고번호,사고일시,요일,시군구,사고내용,사망자수,중상자수,경상자수,부상신고자수,사고유형,법규위반,노면상태,기상상태,도로형태,가해운전자 차종,가해운전자 성별,가해운전자 연령,가해운전자 상해정도,피해운전자 차종,피해운전자 성별,피해운전자 연령,피해운전자 상해정도
2012121000100503,2012년 12월 10일 21시,월요일,제주특별자치도 서귀포시 법환동,경상사고,0,0,2,0,차대차 - 추돌 - 주정차중,안전운전불이행,건조,기타,기타 - 기타,승합,남,49세,상해없음,승합,남,51세,경상
2012121000100504,2012년 12월 10일 21시,월요일,제주특별자치도 제주시 애월읍,경상사고,0,0,11,0,차대차 - 추돌 - 주정차중,안전운전불이행,건조,흐림,교차로 - 교차로부근,승용,남,32세,경상,승합,남,37세,경상
2012121100100077,2012년 12월 11일 05시,화요일,제주특별자치도 제주시 연동,중상사고,0,1,0,0,차대사람 - 횡단중,안전운전불이행,습기,비,단일로 - 기타,승용,남,47세,상해없음,보행자,남,24세,중상
2012121100100114,2012년 12월 11일 07시,화요일,제주특별자치도 서귀포시 남원읍,경상사고,0,0,2,2,차대차 - 측면직각충돌,신호위반,건조,맑음,교차로 - 교차로안,승용,여,46세,부상신고,승용,여,36세,부상신고
2012121100100115,2012년 12월 11일 07시,화요일,제주특별자치도 서귀포시 남원읍,중상사고,0,1,0,0,차대차 - 측면직각충돌,안전운전불이행,건조,흐림,단일로 - 기타,승합,남,47세,상해없음,농기계,남,75세,중상
2012121100100144,2012년 12월 11일 08시,화요일,제주특별자치도 제주시 영평동,경상사고,0,0,1,0,차대차 - 측면직각충돌,중앙선침범,습기,흐림,단일로 - 기타,승용,남,27세,상해없음,승용,여,40세,경상
2012121100100145,2012년 12월 11일 08시,화요일,제주특별자치도 제주시 화북일동,경상사고,0,0,3,0,차대차 - 측면직각충돌,안전거리미확보,기타,맑음,단일로 - 기타,화물,남,46세,상해없음,승용,여,33세,경상
2012121100100328,2012년 12월 11일 15시,화요일,제주특별자치도 서귀포시 안덕면,중상사고,0,2,0,0,차대차 - 기타,직진우회전진행방해,건조,맑음,교차로 - 교차로안,승용,남,27세,중상,승용,여,41세,중상
2012121100100400,2012년 12월 11일 17시,화요일,제주특별자치도 제주시 구좌읍,중상사고,0,1,0,0,차대차 - 측면직각충돌,중앙선침범,건조,흐림,단일로 - 기타,화물,남,63세,상해없음,승용,남,52세,상해없음
2012121100100401,2012년 12월 11일 17시,화요일,제주특별자치도 제주시 노형동,부상신고사고,0,0,0,1,차대사람 - 기타,보행자보호의무위반,습기,눈,단일로 - 기타,승용,기타불명,기타불명,기타불명,보행자,남,12세,부상신고
2012121100100443,2012년 12월 11일 18시,화요일,제주특별자치도 서귀포시 서귀동,경상사고,0,0,1,0,차대차 - 기타,안전운전불이행,건조,맑음,교차로 - 교차로안,승합,남,47세,경상,화물,남,79세,상해없음
2012121100100477,2012년 12월 11일 19시,화요일,제주특별자치도 제주시 연동,경상사고,0,0,2,0,차대사람 - 기타,안전운전불이행,습기,비,단일로 - 기타,기타불명,기타불명,기타불명,기타불명,보행자,여,66세,경상
2012121100100512,2012년 12월 11일 20시,화요일,제주특별자치도 서귀포시 동홍동,중상사고,0,1,0,0,차대사람 - 기타,불법유턴,건조,흐림,교차로 - 교차로안,승용,남,39세,상해없음,보행자,여,55세,중상
2012121100100574,2012년 12월 11일 22시,화요일,제주특별자치도 제주시 이도이동,경상사고,0,0,4,0,차대차 - 측면직각충돌,안전거리미확보,건조,흐림,단일로 - 기타,승용,여,41세,경상,승용,남,33세,경상
2012121100100593,2012년 12월 11일 23시,화요일,제주특별자치도 제주시 오라일동,중상사고,0,1,0,0,차대사람 - 기타,안전운전불이행,건조,맑음,단일로 - 기타,승용,남,40세,상해없음,보행자,남,32세,중상
2012121200100061,2012년 12월 12일 03시,수요일,제주특별자치도 제주시 일도이동,중상사고,0,1,0,0,차대사람 - 횡단중,안전운전불이행,습기,비,교차로 - 교차로안,승용,남,55세,상해없음,보행자,남,24세,중상
2012121200100295,2012년 12월 12일 14시,수요일,제주특별자치도 제주시 도남동,경상사고,0,0,1,0,차대차 - 측면직각충돌,교차로운행방법위반,건조,맑음,교차로 - 교차로안,승용,남,64세,상해없음,승용,남,64세,상해없음
2012121200100296,2012년 12월 12일 14시,수요일,제주특별자치도 서귀포시 남원읍,중상사고,0,1,1,0,차량단독 - 공작물충돌,안전운전불이행,건조,맑음,단일로 - 기타,화물,남,31세,경상,,,,
2012121200100328,2012년 12월 12일 15시,수요일,제주특별자치도 제주시 화북일동,경상사고,0,0,1,0,차대사람 - 횡단중,중앙선침범,건조,맑음,교차로 - 교차로부근,승용,남,44세,상해없음,보행자,남,8세,경상
2012121200100401,2012년 12월 12일 17시,수요일,제주특별자치도 제주시 연동,경상사고,0,0,1,0,차대차 - 측면직각충돌,직진우회전진행방해,건조,맑음,교차로 - 교차로안,승용,여,45세,기타불명,승용,남,60세,경상
2012121200100440,2012년 12월 12일 18시,수요일,제주특별자치도 제주시 오라일동,중상사고,0,1,1,0,차대차 - 측면직각충돌,안전운전불이행,건조,맑음,단일로 - 기타,승용,여,33세,상해없음,승용,여,24세,중상
2012121200100441,2012년 12월 12일 18시,수요일,제주특별자치도 제주시 구좌읍,경상사고,0,0,1,0,차대차 - 측면직각충돌,안전운전불이행,건조,맑음,교차로 - 교차로안,승용,남,62세,상해없음,승용,남,30세,경상
2012121200100442,2012년 12월 12일 18시,수요일,제주특별자치도 제주시 오라이동,경상사고,0,0,5,0,차대차 - 추돌 - 진행중,안전거리미확보,건조,맑음,단일로 - 기타,승용,여,36세,상해없음,승용,남,47세,경상
2012121200100472,2012년 12월 12일 19시,수요일,제주특별자치도 제주시 도남동,경상사고,0,0,1,0,차대차 - 측면직각충돌,안전운전불이행,건조,맑음,단일로 - 기타,승용,남,40세,상해없음,이륜,남,22세,경상
2012121300100044,2012년 12월 13일 01시,목요일,제주특별자치도 제주시 연동,경상사고,0,0,1,0,차대차 - 추돌 - 진행중,안전운전불이행,건조,맑음,단일로 - 기타,승용,남,34세,상해없음,승용,남,61세,경상
2012121300100106,2012년 12월 13일 06시,목요일,제주특별자치도 제주시 외도일동,중상사고,0,1,0,0,차대차 - 측면직각충돌,신호위반,건조,맑음,교차로 - 교차로안,이륜,남,46세,중상,건설기계,남,26세,상해없음
2012121300100194,2012년 12월 13일 09시,목요일,제주특별자치도 제주시 애월읍,경상사고,0,0,3,0,차량단독 - 전도전복,안전운전불이행,건조,맑음,단일로 - 기타,승용,남,27세,경상,,,,
2012121300100225,2012년 12월 13일 10시,목요일,제주특별자치도 서귀포시 성산읍,경상사고,0,0,1,0,차대차 - 기타,안전운전불이행,건조,맑음,단일로 - 기타,승합,남,24세,상해없음,원동기,여,84세,경상
2012121300100347,2012년 12월 13일 15시,목요일,제주특별자치도 서귀포시 서귀동,경상사고,0,0,1,0,차대차 - 기타,직진우회전진행방해,건조,맑음,교차로 - 교차로안,승용,여,55세,상해없음,원동기,남,50세,경상
2012121300100443,2012년 12월 13일 18시,목요일,제주특별자치도 제주시 건입동,경상사고,0,0,1,0,차대차 - 측면직각충돌,신호위반,건조,맑음,교차로 - 교차로부근,승용,남,74세,기타불명,승용,남,55세,경상
2012121300100478,2012년 12월 13일 19시,목요일,제주특별자치도 제주시 도남동,경상사고,0,0,1,0,차대사람 - 횡단중,중앙선침범,건조,맑음,단일로 - 기타,승합,남,36세,상해없음,보행자,남,44세,경상
2012121300100479,2012년 12월 13일 19시,목요일,제주특별자치도 제주시 연동,중상사고,0,1,1,0,차대차 - 측면직각충돌,직진우회전진행방해,건조,맑음,교차로 - 교차로안,승용,여,33세,상해없음,승용,여,20세,중상
2012121400100079,2012년 12월 14일 03시,금요일,제주특별자치도 제주시 이도이동,중상사고,0,1,0,0,차대차 - 측면직각충돌,차로위반,건조,맑음,단일로 - 기타,원동기,남,18세,중상,승용,남,18세,상해없음
2012121400100126,2012년 12월 14일 06시,금요일,제주특별자치도 제주시 일도이동,경상사고,0,0,1,0,차대사람 - 횡단중,안전운전불이행,건조,맑음,단일로 - 기타,기타불명,기타불명,기타불명,기타불명,보행자,남,72세,경상
2012121400100495,2012년 12월 14일 12시,금요일,제주특별자치도 제주시 한림읍,경상사고,0,0,2,0,차대차 - 측면직각충돌,중앙선침범,습기,비,단일로 - 기타,승용,남,74세,상해없음,승용,남,37세,경상
2012121400100559,2012년 12월 14일 15시,금요일,제주특별자치도 제주시 일도이동,중상사고,0,1,0,0,차대사람 - 횡단중,안전운전불이행,습기,비,교차로 - 교차로안,승용,남,45세,상해없음,보행자,남,60세,중상
2012121400100560,2012년 12월 14일 15시,금요일,제주특별자치도 제주시 연동,경상사고,0,0,1,0,차대사람 - 횡단중,안전운전불이행,습기,비,단일로 - 기타,승용,여,61세,상해없음,보행자,여,21세,경상
2012121400100588,2012년 12월 14일 16시,금요일,제주특별자치도 제주시 연동,중상사고,0,1,0,0,차대사람 - 횡단중,보행자보호의무위반,습기,비,단일로 - 횡단보도상,승합,남,41세,상해없음,보행자,여,58세,중상
2012121400100631,2012년 12월 14일 17시,금요일,제주특별자치도 제주시 노형동,부상신고사고,0,0,0,1,차대사람 - 횡단중,보행자보호의무위반,습기,비,기타 - 기타,기타불명,기타불명,기타불명,기타불명,보행자,여,13세,부상신고
2012121400100770,2012년 12월 14일 20시,금요일,제주특별자치도 제주시 삼도일동,경상사고,0,0,1,0,차대사람 - 횡단중,안전운전불이행,건조,맑음,단일로 - 기타,승용,여,50세,상해없음,보행자,남,43세,경상
2012121400100771,2012년 12월 14일 20시,금요일,제주특별자치도 제주시 삼도일동,중상사고,0,1,0,0,차대사람 - 횡단중,보행자보호의무위반,습기,비,교차로 - 교차로부근,승용,남,35세,상해없음,보행자,남,61세,중상
2012121400100819,2012년 12월 14일 21시,금요일,제주특별자치도 제주시 도남동,경상사고,0,0,1,0,차대사람 - 횡단중,안전운전불이행,습기,흐림,단일로 - 기타,화물,남,45세,상해없음,보행자,남,41세,경상
2012121500100036,2012년 12월 15일 00시,토요일,제주특별자치도 제주시 봉개동,사망사고,1,0,0,0,차대사람 - 기타,안전운전불이행,습기,비,단일로 - 기타,승용,남,37세,상해없음,보행자,남,40세,사망
2012121500100037,2012년 12월 15일 00시,토요일,제주특별자치도 제주시 노형동,경상사고,0,0,1,0,차대차 - 추돌 - 주정차중,안전운전불이행,건조,맑음,단일로 - 기타,승용,기타불명,기타불명,기타불명,승용,여,55세,경상
2012121500100187,2012년 12월 15일 07시,토요일,제주특별자치도 서귀포시 동홍동,중상사고,0,1,0,0,차대사람 - 횡단중,안전운전불이행,습기,비,단일로 - 기타,화물,남,70세,상해없음,보행자,여,83세,중상
2012121500100207,2012년 12월 15일 08시,토요일,제주특별자치도 제주시 이호일동,경상사고,0,0,2,0,차대차 - 측면직각충돌,직진우회전진행방해,습기,비,교차로 - 교차로안,원동기,남,17세,상해없음,화물,남,47세,경상
2012121500100222,2012년 12월 15일 09시,토요일,제주특별자치도 제주시 한림읍,부상신고사고,0,0,0,1,차대차 - 측면직각충돌,중앙선침범,건조,맑음,단일로 - 기타,이륜,남,80세,부상신고,승용,남,62세,상해없음
2012121500100239,2012년 12월 15일 10시,토요일,제주특별자치도 제주시 연동,경상사고,0,0,1,0,차대차 - 추돌 - 진행중,중앙선침범,습기,비,단일로 - 기타,승용,남,42세,상해없음,승용,남,43세,경상
2012121500100265,2012년 12월 15일 11시,토요일,제주특별자치도 제주시 영평동,중상사고,0,1,0,0,차대사람 - 횡단중,안전운전불이행,습기,비,기타 - 기타,승용,여,44세,상해없음,보행자,남,7세,중상
2012121500100308,2012년 12월 15일 13시,토요일,제주특별자치도 제주시 화북이동,경상사고,0,0,5,0,차대차 - 측면직각충돌,안전거리미확보,건조,흐림,교차로 - 교차로부근,승합,남,38세,경상,승용,남,51세,경상
2012121500100309,2012년 12월 15일 13시,토요일,제주특별자치도 제주시 일도이동,경상사고,0,0,1,0,차대차 - 측면직각충돌,안전거리미확보,습기,흐림,단일로 - 기타,화물,남,51세,상해없음,원동기,남,29세,경상
2012121500100369,2012년 12월 15일 16시,토요일,제주특별자치도 제주시 일도일동,경상사고,0,0,1,0,차대차 - 측면직각충돌,교차로운행방법위반,건조,흐림,교차로 - 교차로안,승용,남,49세,상해없음,이륜,여,21세,경상
2012121500100398,2012년 12월 15일 17시,토요일,제주특별자치도 제주시 연동,부상신고사고,0,0,0,1,차대사람 - 기타,안전운전불이행,건조,흐림,단일로 - 기타,승합,남,55세,상해없음,보행자,여,26세,부상신고
2012121500100500,2012년 12월 15일 20시,토요일,제주특별자치도 제주시 이도이동,경상사고,0,0,1,0,차대차 - 측면직각충돌,안전운전불이행,건조,맑음,교차로 - 교차로부근,원동기,남,16세,경상,승용,남,34세,상해없음
2012121500100501,2012년 12월 15일 20시,토요일,제주특별자치도 서귀포시 동홍동,중상사고,0,1,0,0,차대사람 - 기타,안전운전불이행,건조,흐림,단일로 - 기타,승용,남,46세,상해없음,보행자,남,11세,중상
2012121500100562,2012년 12월 15일 22시,토요일,제주특별자치도 서귀포시 안덕면,중상사고,0,1,0,0,차대차 - 기타,중앙선침범,건조,흐림,단일로 - 기타,승용,여,50세,상해없음,승용,남,65세,중상
2012121600100130,2012년 12월 16일 05시,일요일,제주특별자치도 제주시 연동,경상사고,0,0,1,0,차대차 - 기타,교차로운행방법위반,건조,맑음,교차로 - 교차로안,승용,남,31세,상해없음,승용,남,39세,경상
2012121600100250,2012년 12월 16일 09시,일요일,제주특별자치도 제주시 화북이동,경상사고,0,0,1,0,차대사람 - 횡단중,안전운전불이행,건조,맑음,단일로 - 기타,승용,여,27세,상해없음,보행자,남,52세,경상
2012121600100337,2012년 12월 16일 14시,일요일,제주특별자치도 제주시 도두이동,경상사고,0,0,1,0,차대차 - 추돌 - 진행중,안전운전불이행,건조,맑음,교차로 - 교차로부근,승합,남,39세,상해없음,승용,남,64세,경상
2012121600100406,2012년 12월 16일 17시,일요일,제주특별자치도 서귀포시 상효동,중상사고,0,1,0,0,차대사람 - 기타,안전운전불이행,건조,맑음,교차로 - 교차로부근,화물,남,55세,상해없음,보행자,남,13세,중상
2012121600100514,2012년 12월 16일 22시,일요일,제주특별자치도 제주시 조천읍,중상사고,0,1,1,0,차대차 - 측면직각충돌,중앙선침범,습기,비,단일로 - 기타,승용,남,39세,상해없음,승용,여,46세,중상
2012121700100012,2012년 12월 17일 00시,월요일,제주특별자치도 제주시 건입동,경상사고,0,0,1,0,차대사람 - 횡단중,안전운전불이행,건조,맑음,단일로 - 기타,기타불명,기타불명,기타불명,기타불명,보행자,남,53세,경상
2012121700100013,2012년 12월 17일 00시,월요일,제주특별자치도 제주시 노형동,경상사고,0,0,1,0,차대차 - 측면직각충돌,직진우회전진행방해,습기,비,교차로 - 교차로안,승용,남,47세,상해없음,이륜,남,17세,경상
2012121700100036,2012년 12월 17일 03시,월요일,제주특별자치도 제주시 연동,경상사고,0,0,2,0,차대차 - 추돌 - 진행중,안전운전불이행,건조,맑음,단일로 - 기타,승용,남,37세,상해없음,승용,남,30세,기타불명
2012121700100132,2012년 12월 17일 08시,월요일,제주특별자치도 서귀포시 서홍동,경상사고,0,0,1,0,차대차 - 기타,안전거리미확보,건조,맑음,단일로 - 기타,승용,남,31세,상해없음,승용,여,40세,경상
2012121700100226,2012년 12월 17일 13시,월요일,제주특별자치도 서귀포시 동홍동,경상사고,0,0,1,0,차대차 - 기타,안전운전불이행,건조,맑음,단일로 - 기타,화물,남,47세,경상,화물,남,35세,상해없음
2012121700100244,2012년 12월 17일 14시,월요일,제주특별자치도 제주시 이도이동,경상사고,0,0,1,0,차대사람 - 횡단중,안전운전불이행,건조,맑음,기타 - 기타,기타불명,기타불명,기타불명,기타불명,보행자,여,19세,경상
2012121700100325,2012년 12월 17일 17시,월요일,제주특별자치도 서귀포시 남원읍,경상사고,0,0,1,0,차대차 - 기타,불법유턴,건조,맑음,단일로 - 기타,화물,남,52세,상해없음,원동기,남,33세,경상
2012121700100326,2012년 12월 17일 17시,월요일,제주특별자치도 서귀포시 남원읍,중상사고,0,1,0,0,차대사람 - 횡단중,보행자보호의무위반,건조,흐림,단일로 - 교량,승용,여,45세,상해없음,보행자,여,9세,중상
2012121700100355,2012년 12월 17일 18시,월요일,제주특별자치도 서귀포시 대정읍,부상신고사고,0,0,0,1,차량단독 - 공작물충돌,안전운전불이행,건조,맑음,단일로 - 기타,승용,여,53세,부상신고,,,,
2012121700100376,2012년 12월 17일 19시,월요일,제주특별자치도 제주시 노형동,경상사고,0,0,1,0,차대사람 - 횡단중,보행자보호의무위반,건조,흐림,교차로 - 교차로안,승용,남,20세,상해없음,보행자,여,30세,경상
2012121700100494,2012년 12월 17일 23시,월요일,제주특별자치도 제주시 이도이동,경상사고,0,0,1,0,차대사람 - 횡단중,안전운전불이행,건조,맑음,단일로 - 기타,승용,여,40세,상해없음,보행자,남,25세,경상
2012121800100092,2012년 12월 18일 07시,화요일,제주특별자치도 서귀포시 대정읍,중상사고,0,1,0,0,차대차 - 기타,신호위반,건조,맑음,교차로 - 교차로안,화물,남,54세,상해없음,원동기,여,58세,중상
2012121800100093,2012년 12월 18일 07시,화요일,제주특별자치도 제주시 연동,경상사고,0,0,2,0,차대차 - 측면직각충돌,안전운전불이행,건조,맑음,교차로 - 교차로부근,승합,남,50세,상해없음,승용,남,46세,경상
2012121800100117,2012년 12월 18일 08시,화요일,제주특별자치도 제주시 연동,경상사고,0,0,1,0,차대차 - 측면직각충돌,직진우회전진행방해,건조,맑음,교차로 - 교차로안,승용,남,69세,상해없음,승용,남,44세,경상
2012121800100118,2012년 12월 18일 08시,화요일,제주특별자치도 제주시 용담이동,중상사고,0,1,0,0,차대사람 - 횡단중,안전운전불이행,건조,흐림,단일로 - 횡단보도상,화물,남,29세,상해없음,보행자,여,30세,중상
2012121800100131,2012년 12월 18일 09시,화요일,제주특별자치도 제주시 한림읍,중상사고,0,2,2,0,차대차 - 기타,안전운전불이행,건조,흐림,교차로 - 교차로안,승용,남,24세,상해없음,화물,남,60세,경상
2012121800100214,2012년 12월 18일 13시,화요일,제주특별자치도 제주시 연동,경상사고,0,0,1,0,차대차 - 추돌 - 진행중,안전거리미확보,습기,흐림,단일로 - 기타,승용,남,58세,상해없음,승용,여,51세,경상
2012121800100267,2012년 12월 18일 15시,화요일,제주특별자치도 제주시 애월읍,중상사고,0,1,0,0,차대차 - 측면직각충돌,안전거리미확보,건조,맑음,단일로 - 기타,건설기계,남,33세,상해없음,승용,남,57세,중상
2012121800100325,2012년 12월 18일 17시,화요일,제주특별자치도 제주시 삼도일동,중상사고,0,1,0,0,차대사람 - 횡단중,안전운전불이행,건조,흐림,단일로 - 기타,승용,여,40세,상해없음,보행자,여,68세,중상
2012121800100326,2012년 12월 18일 17시,화요일,제주특별자치도 제주시 용담이동,경상사고,0,0,1,0,차대차 - 추돌 - 진행중,안전운전불이행,건조,맑음,단일로 - 기타,승용,남,53세,기타불명,승용,남,43세,경상
2012121800100395,2012년 12월 18일 19시,화요일,제주특별자치도 제주시 화북이동,경상사고,0,0,1,0,차대차 - 측면직각충돌,안전거리미확보,건조,흐림,단일로 - 기타,승용,여,37세,상해없음,승용,남,59세,상해없음
2012121800100460,2012년 12월 18일 21시,화요일,제주특별자치도 제주시 외도일동,경상사고,0,0,2,0,차대차 - 추돌 - 주정차중,안전운전불이행,건조,맑음,교차로 - 교차로안,화물,남,51세,상해없음,승용,여,38세,경상
2012121800100461,2012년 12월 18일 21시,화요일,제주특별자치도 제주시 용담이동,경상사고,0,0,1,0,차대사람 - 기타,안전운전불이행,건조,맑음,단일로 - 기타,승용,남,42세,상해없음,보행자,남,2세,경상
2012121900100079,2012년 12월 19일 04시,수요일,제주특별자치도 제주시 애월읍,중상사고,0,1,0,1,차량단독 - 도로외이탈 - 기타,안전운전불이행,결빙,눈,단일로 - 기타,승용,남,30세,부상신고,,,,
2012121900100103,2012년 12월 19일 06시,수요일,제주특별자치도 제주시 구좌읍,중상사고,0,1,0,0,차대사람 - 횡단중,안전운전불이행,건조,맑음,단일로 - 기타,화물,남,36세,상해없음,보행자,여,76세,중상
2012121900100115,2012년 12월 19일 07시,수요일,제주특별자치도 제주시 일도일동,경상사고,0,0,1,0,차대차 - 측면직각충돌,중앙선침범,건조,흐림,단일로 - 기타,승용,남,34세,상해없음,승용,남,67세,경상
2012121900100126,2012년 12월 19일 08시,수요일,제주특별자치도 제주시 화북일동,중상사고,0,1,0,0,차대차 - 측면직각충돌,교차로운행방법위반,기타,맑음,교차로 - 교차로안,화물,남,47세,상해없음,승합,남,49세,중상
2012121900100160,2012년 12월 19일 10시,수요일,제주특별자치도 제주시 애월읍,경상사고,0,0,2,0,차대차 - 측면직각충돌,직진우회전진행방해,건조,맑음,교차로 - 교차로안,승용,여,47세,경상,승용,남,44세,상해없음
2012121900100207,2012년 12월 19일 12시,수요일,제주특별자치도 서귀포시 중문동,경상사고,0,0,2,0,차대차 - 추돌 - 진행중,안전운전불이행,건조,맑음,교차로 - 교차로부근,승용,여,58세,경상,화물,남,31세,경상
2012121900100208,2012년 12월 19일 12시,수요일,제주특별자치도 서귀포시 중문동,경상사고,0,0,1,0,차대사람 - 기타,보행자보호의무위반,건조,맑음,단일로 - 기타,승용,남,35세,상해없음,보행자,남,12세,경상
2012121900100278,2012년 12월 19일 15시,수요일,제주특별자치도 제주시 노형동,부상신고사고,0,0,0,1,차대차 - 기타,안전거리미확보,건조,맑음,교차로 - 교차로부근,화물,남,41세,상해없음,승용,남,44세,부상신고
2012121900100335,2012년 12월 19일 17시,수요일,제주특별자치도 제주시 건입동,경상사고,0,0,1,0,차대차 - 측면직각충돌,교차로운행방법위반,건조,맑음,교차로 - 교차로안,이륜,남,22세,경상,승용,남,63세,상해없음
2012121900100365,2012년 12월 19일 18시,수요일,제주특별자치도 제주시 도두이동,경상사고,0,0,1,0,차대차 - 기타,안전거리미확보,건조,맑음,단일로 - 기타,승용,남,44세,상해없음,화물,남,36세,경상
2012121900100366,2012년 12월 19일 18시,수요일,제주특별자치도 제주시 연동,경상사고,0,0,1,0,차대차 - 기타,안전거리미확보,건조,맑음,단일로 - 기타,승용,남,42세,상해없음,승용,여,31세,경상
2012122000100043,2012년 12월 20일 03시,목요일,제주특별자치도 서귀포시 법환동,경상사고,0,0,1,0,차량단독 - 기타,안전운전불이행,건조,맑음,교차로 - 교차로부근,승용,남,35세,경상,,,,
2012122000100067,2012년 12월 20일 06시,목요일,제주특별자치도 서귀포시 대정읍,중상사고,0,1,0,0,차대차 - 기타,안전운전불이행,건조,맑음,단일로 - 기타,화물,남,39세,상해없음,농기계,남,70세,중상
2012122000100068,2012년 12월 20일 06시,목요일,제주특별자치도 서귀포시 성산읍,경상사고,0,0,2,0,차대차 - 기타,신호위반,건조,맑음,교차로 - 교차로안,승용,남,53세,상해없음,승용,여,47세,경상
2012122000100179,2012년 12월 20일 11시,목요일,제주특별자치도 서귀포시 호근동,경상사고,0,0,1,0,차대차 - 기타,안전거리미확보,건조,맑음,단일로 - 기타,이륜,남,34세,경상,승용,남,62세,상해없음
2012122000100180,2012년 12월 20일 11시,목요일,제주특별자치도 제주시 한림읍,경상사고,0,0,1,0,차대차 - 측면직각충돌,중앙선침범,건조,맑음,단일로 - 기타,승용,남,34세,상해없음,승용,여,49세,경상
2012122000100201,2012년 12월 20일 12시,목요일,제주특별자치도 제주시 구좌읍,중상사고,0,1,1,0,차대차 - 측면직각충돌,중앙선침범,건조,맑음,교차로 - 교차로부근,승합,남,63세,경상,승용,여,48세,중상
2012122000100241,2012년 12월 20일 14시,목요일,제주특별자치도 제주시 아라일동,경상사고,0,0,2,0,차대차 - 측면직각충돌,안전운전불이행,건조,맑음,기타 - 기타,승용,남,53세,상해없음,승합,남,56세,상해없음
2012122000100317,2012년 12월 20일 17시,목요일,제주특별자치도 서귀포시 동홍동,중상사고,0,1,0,0,차대차 - 측면직각충돌,직진우회전진행방해,건조,맑음,교차로 - 교차로안,승용,남,54세,상해없음,승용,여,26세,중상
2012122000100443,2012년 12월 20일 21시,목요일,제주특별자치도 제주시 일도이동,경상사고,0,0,3,0,차대차 - 측면직각충돌,안전운전불이행,건조,맑음,단일로 - 기타,승용,남,30세,상해없음,승용,남,49세,경상
2012122100100013,2012년 12월 21일 00시,금요일,제주특별자치도 제주시 이도일동,경상사고,0,0,1,0,차대차 - 측면직각충돌,안전운전불이행,건조,맑음,단일로 - 기타,승용,남,27세,상해없음,승용,남,52세,경상
2012122100100042,2012년 12월 21일 02시,금요일,제주특별자치도 제주시 이도이동,경상사고,0,0,3,0,차대차 - 측면직각충돌,교차로운행방법위반,건조,맑음,교차로 - 교차로안,승용,남,51세,상해없음,승용,여,53세,경상
2012122100100043,2012년 12월 21일 02시,금요일,제주특별자치도 제주시 연동,경상사고,0,0,3,0,차대차 - 측면직각충돌,중앙선침범,건조,맑음,단일로 - 기타,승용,여,54세,상해없음,승용,남,46세,경상
2012122100100121,2012년 12월 21일 07시,금요일,제주특별자치도 제주시 일도이동,경상사고,0,0,1,0,차량단독 - 공작물충돌,안전운전불이행,건조,맑음,단일로 - 기타,승합,남,50세,상해없음,,,,
2012122100100122,2012년 12월 21일 07시,금요일,제주특별자치도 제주시 연동,경상사고,0,0,1,0,차대사람 - 횡단중,안전운전불이행,습기,비,단일로 - 기타,승합,남,53세,상해없음,보행자,여,15세,경상
2012122100100238,2012년 12월 21일 10시,금요일,제주특별자치도 제주시 일도이동,경상사고,0,0,1,0,차대차 - 측면직각충돌,안전운전불이행,건조,맑음,교차로 - 교차로부근,승용,남,63세,상해없음,승용,여,67세,경상
2012122100100290,2012년 12월 21일 11시,금요일,제주특별자치도 제주시 아라일동,경상사고,0,0,1,0,차대차 - 측면직각충돌,교차로운행방법위반,기타,맑음,교차로 - 교차로안,승용,여,51세,상해없음,화물,남,63세,상해없음
2012122100100389,2012년 12월 21일 14시,금요일,제주특별자치도 제주시 연동,중상사고,0,1,0,0,차대차 - 기타,신호위반,습기,흐림,교차로 - 교차로안,승용,남,48세,상해없음,승용,여,54세,중상
2012122100100390,2012년 12월 21일 14시,금요일,제주특별자치도 제주시 애월읍,부상신고사고,0,0,0,1,차대차 - 추돌 - 진행중,안전운전불이행,습기,비,단일로 - 기타,화물,남,51세,부상신고,승합,남,53세,상해없음
2012122100100415,2012년 12월 21일 15시,금요일,제주특별자치도 제주시 화북이동,경상사고,0,0,1,0,차대차 - 측면직각충돌,신호위반,습기,비,교차로 - 교차로부근,화물,남,44세,상해없음,승용,여,39세,경상
2012122100100529,2012년 12월 21일 19시,금요일,제주특별자치도 제주시 용담이동,경상사고,0,0,2,0,차대차 - 기타,안전운전불이행,습기,비,단일로 - 기타,승합,남,38세,경상,승용,남,42세,경상
2012122100100557,2012년 12월 21일 20시,금요일,제주특별자치도 서귀포시 동홍동,중상사고,0,1,0,0,차량단독 - 기타,안전운전불이행,습기,비,교차로 - 교차로부근,자전거,여,55세,중상,,,,