사고번호,사고일시,요일,시군구,사고내용,사망자수,중상자수,경상자수,부상신고자수,사고유형,법규위반,노면상태,기상상태,도로형태,가해운전자 차종,가해운전자 성별,가해운전자 연령,가해운전자 상해정도,피해운전자 차종,피해운전자 성별,피해운전자 연령,피해운전자 상해정도
2012122100100627,2012년 12월 21일 22시,금요일,제주특별자치도 제주시 이도이동,중상사고,0,1,0,0,차대사람 - 횡단중,안전운전불이행,습기,비,단일로 - 기타,승용,남,63세,상해없음,보행자,남,53세,중상
2012122200100054,2012년 12월 22일 01시,토요일,제주특별자치도 제주시 노형동,부상신고사고,0,0,0,1,차대사람 - 횡단중,보행자보호의무위반,건조,맑음,교차로 - 교차로부근,승용,남,46세,기타불명,보행자,남,23세,부상신고
2012122200100055,2012년 12월 22일 01시,토요일,제주특별자치도 제주시 해안동,경상사고,0,0,1,0,차대차 - 기타,중앙선침범,습기,비,단일로 - 기타,승용,남,65세,상해없음,승용,남,38세,경상
2012122200100077,2012년 12월 22일 02시,토요일,제주특별자치도 제주시 도남동,경상사고,0,0,2,0,차량단독 - 공작물충돌,안전운전불이행,습기,비,단일로 - 기타,승합,여,52세,상해없음,,,,
2012122200100094,2012년 12월 22일 03시,토요일,제주특별자치도 제주시 노형동,경상사고,0,0,2,0,차대차 - 기타,안전운전불이행,습기,흐림,교차로 - 교차로부근,승용,여,53세,상해없음,승용,남,38세,경상
2012122200100131,2012년 12월 22일 06시,토요일,제주특별자치도 서귀포시 남원읍,사망사고,1,0,0,0,차대사람 - 횡단중,안전운전불이행,건조,맑음,단일로 - 횡단보도부근,승합,남,53세,상해없음,보행자,여,57세,사망
2012122200100244,2012년 12월 22일 12시,토요일,제주특별자치도 제주시 애월읍,중상사고,0,1,1,0,차대차 - 기타,교차로운행방법위반,습기,흐림,교차로 - 교차로안,화물,남,46세,상해없음,승용,남,30세,중상
2012122200100268,2012년 12월 22일 13시,토요일,제주특별자치도 서귀포시 남원읍,중상사고,0,1,1,0,차대차 - 측면직각충돌,신호위반,건조,맑음,교차로 - 교차로안,화물,남,41세,상해없음,승용,여,62세,중상
2012122200100269,2012년 12월 22일 13시,토요일,제주특별자치도 서귀포시 서귀동,중상사고,0,1,0,0,차대사람 - 기타,보행자보호의무위반,건조,맑음,단일로 - 횡단보도상,화물,여,36세,상해없음,보행자,여,56세,중상
2012122200100317,2012년 12월 22일 15시,토요일,제주특별자치도 제주시 외도이동,경상사고,0,0,1,0,차대차 - 기타,안전운전불이행,건조,맑음,단일로 - 기타,승용,여,44세,기타불명,승용,남,43세,경상
2012122200100371,2012년 12월 22일 18시,토요일,제주특별자치도 제주시 연동,중상사고,0,1,0,0,차대사람 - 횡단중,신호위반,건조,맑음,교차로 - 교차로안,승용,남,62세,상해없음,보행자,남,54세,중상
2012122200100372,2012년 12월 22일 18시,토요일,제주특별자치도 제주시 애월읍,경상사고,0,0,2,0,차대차 - 추돌 - 진행중,안전거리미확보,건조,맑음,단일로 - 기타,승용,남,57세,경상,승용,남,50세,상해없음
2012122200100409,2012년 12월 22일 19시,토요일,제주특별자치도 제주시 애월읍,경상사고,0,0,1,0,차대사람 - 기타,안전운전불이행,건조,맑음,단일로 - 기타,화물,남,68세,상해없음,보행자,남,53세,경상
2012122300100025,2012년 12월 23일 00시,일요일,제주특별자치도 서귀포시 서귀동,경상사고,0,0,1,0,차대차 - 측면직각충돌,직진우회전진행방해,건조,맑음,교차로 - 교차로안,승용,남,43세,상해없음,승용,남,20세,상해없음
2012122300100064,2012년 12월 23일 02시,일요일,제주특별자치도 제주시 일도이동,경상사고,0,0,1,0,차대차 - 측면직각충돌,안전운전불이행,건조,흐림,단일로 - 기타,승용,남,51세,상해없음,승용,남,42세,상해없음
2012122300100146,2012년 12월 23일 09시,일요일,제주특별자치도 서귀포시 안덕면,경상사고,0,0,2,0,차대차 - 기타,안전운전불이행,습기,흐림,단일로 - 기타,화물,남,34세,상해없음,승용,남,61세,경상
2012122300100147,2012년 12월 23일 09시,일요일,제주특별자치도 서귀포시 안덕면,경상사고,0,0,2,0,차대차 - 추돌 - 진행중,안전운전불이행,습기,눈,단일로 - 기타,승용,남,23세,상해없음,승용,남,61세,경상
2012122300100219,2012년 12월 23일 14시,일요일,제주특별자치도 서귀포시 남원읍,중상사고,0,2,0,0,차대차 - 기타,직진우회전진행방해,습기,눈,교차로 - 교차로안,화물,남,44세,상해없음,승용,남,62세,중상
2012122300100220,2012년 12월 23일 14시,일요일,제주특별자치도 제주시 용담이동,경상사고,0,0,1,0,차대사람 - 기타,안전운전불이행,건조,맑음,단일로 - 기타,승용,남,46세,상해없음,보행자,여,68세,경상
2012122300100249,2012년 12월 23일 15시,일요일,제주특별자치도 제주시 구좌읍,중상사고,0,2,2,0,차대차 - 측면직각충돌,중앙선침범,결빙,눈,교차로 - 교차로부근,승용,남,27세,상해없음,승용,남,38세,경상
2012122300100296,2012년 12월 23일 17시,일요일,제주특별자치도 제주시 한림읍,사망사고,1,0,0,0,차대사람 - 기타,안전운전불이행,습기,흐림,단일로 - 기타,화물,남,50세,상해없음,보행자,남,76세,사망
2012122300100375,2012년 12월 23일 20시,일요일,제주특별자치도 서귀포시 색달동,경상사고,0,0,2,0,차량단독 - 공작물충돌,안전운전불이행,결빙,눈,단일로 - 기타,승합,여,54세,경상,,,,
2012122300100391,2012년 12월 23일 21시,일요일,제주특별자치도 제주시 오라일동,경상사고,0,0,3,0,차대차 - 측면직각충돌,안전거리미확보,적설,눈,단일로 - 기타,승용,여,59세,상해없음,승용,남,68세,상해없음
2012122300100392,2012년 12월 23일 21시,일요일,제주특별자치도 제주시 일도이동,경상사고,0,0,2,0,차대차 - 측면직각충돌,교차로운행방법위반,결빙,눈,교차로 - 교차로안,승용,남,44세,상해없음,승용,남,26세,경상
2012122300100393,2012년 12월 23일 21시,일요일,제주특별자치도 서귀포시 서귀동,경상사고,0,0,1,0,차대차 - 기타,안전운전불이행,건조,맑음,교차로 - 교차로부근,이륜,남,17세,경상,승용,남,32세,상해없음
2012122300100405,2012년 12월 23일 22시,일요일,제주특별자치도 제주시 일도이동,경상사고,0,0,1,0,차대차 - 측면직각충돌,안전운전불이행,결빙,눈,교차로 - 교차로부근,승용,남,66세,상해없음,승용,남,36세,경상
2012122400100077,2012년 12월 24일 07시,월요일,제주특별자치도 서귀포시 하원동,경상사고,0,0,1,0,차대차 - 추돌 - 진행중,안전운전불이행,결빙,눈,단일로 - 기타,승합,남,31세,상해없음,화물,남,70세,상해없음
2012122400100117,2012년 12월 24일 09시,월요일,제주특별자치도 제주시 애월읍,중상사고,0,1,1,0,차대차 - 측면직각충돌,안전운전불이행,결빙,눈,단일로 - 기타,승용,남,51세,상해없음,승용,남,28세,중상
2012122400100135,2012년 12월 24일 10시,월요일,제주특별자치도 서귀포시 남원읍,경상사고,0,0,2,0,차량단독 - 공작물충돌,안전운전불이행,결빙,눈,단일로 - 기타,화물,남,66세,경상,,,,
2012122400100136,2012년 12월 24일 10시,월요일,제주특별자치도 서귀포시 색달동,경상사고,0,0,11,0,차량단독 - 공작물충돌,안전운전불이행,결빙,눈,단일로 - 기타,승합,남,55세,상해없음,,,,
2012122400100246,2012년 12월 24일 14시,월요일,제주특별자치도 제주시 일도일동,경상사고,0,0,1,0,차대사람 - 횡단중,안전운전불이행,기타,맑음,단일로 - 기타,화물,남,37세,상해없음,보행자,여,51세,경상
2012122400100247,2012년 12월 24일 14시,월요일,제주특별자치도 제주시 도두일동,경상사고,0,0,2,0,차대차 - 추돌 - 진행중,직진우회전진행방해,습기,눈,교차로 - 교차로안,승용,남,57세,경상,승용,남,32세,경상
2012122400100281,2012년 12월 24일 15시,월요일,제주특별자치도 제주시 삼도일동,경상사고,0,0,1,0,차대차 - 측면직각충돌,안전거리미확보,습기,눈,교차로 - 교차로부근,승용,여,49세,상해없음,승합,남,45세,상해없음
2012122400100396,2012년 12월 24일 18시,월요일,제주특별자치도 제주시 조천읍,경상사고,0,0,1,0,차대차 - 측면직각충돌,안전운전불이행,건조,맑음,단일로 - 기타,화물,남,49세,경상,화물,남,44세,상해없음
2012122400100397,2012년 12월 24일 18시,월요일,제주특별자치도 제주시 애월읍,경상사고,0,0,1,0,차대차 - 추돌 - 진행중,안전운전불이행,건조,흐림,교차로 - 교차로안,화물,남,69세,상해없음,승용,남,53세,경상
2012122400100476,2012년 12월 24일 20시,월요일,제주특별자치도 제주시 용담일동,경상사고,0,0,1,0,차대차 - 측면직각충돌,교차로운행방법위반,건조,맑음,교차로 - 교차로안,승합,남,59세,상해없음,승용,남,44세,경상
2012122400100533,2012년 12월 24일 22시,월요일,제주특별자치도 제주시 이도이동,경상사고,0,0,1,0,차대차 - 측면직각충돌,안전운전불이행,습기,비,단일로 - 기타,승용,남,25세,상해없음,승용,남,51세,경상
2012122400100534,2012년 12월 24일 22시,월요일,제주특별자치도 제주시 도두이동,중상사고,0,1,1,0,차대차 - 추돌 - 진행중,안전거리미확보,건조,맑음,단일로 - 기타,승용,남,27세,상해없음,승합,여,36세,중상
2012122500100070,2012년 12월 25일 03시,화요일,제주특별자치도 제주시 노형동,경상사고,0,0,2,0,차대차 - 추돌 - 주정차중,안전운전불이행,건조,맑음,단일로 - 기타,승용,남,62세,상해없음,승용,남,41세,경상
2012122500100099,2012년 12월 25일 05시,화요일,제주특별자치도 제주시 건입동,경상사고,0,0,1,0,차량단독 - 공작물충돌,안전운전불이행,건조,맑음,단일로 - 기타,승용,남,33세,경상,,,,
2012122500100112,2012년 12월 25일 06시,화요일,제주특별자치도 제주시 삼도이동,경상사고,0,0,1,0,차대차 - 측면직각충돌,안전거리미확보,기타,맑음,단일로 - 기타,승용,남,33세,상해없음,승용,남,55세,상해없음
2012122500100125,2012년 12월 25일 07시,화요일,제주특별자치도 제주시 일도이동,경상사고,0,0,2,0,차대차 - 측면직각충돌,안전거리미확보,건조,맑음,단일로 - 기타,화물,남,28세,상해없음,승합,남,40세,상해없음
2012122500100139,2012년 12월 25일 08시,화요일,제주특별자치도 제주시 아라일동,경상사고,0,0,1,0,차량단독 - 공작물충돌,안전운전불이행,습기,눈,단일로 - 기타,승용,남,36세,경상,,,,
2012122500100169,2012년 12월 25일 10시,화요일,제주특별자치도 제주시 연동,경상사고,0,0,3,0,차대차 - 기타,신호위반,건조,맑음,교차로 - 교차로안,승용,여,22세,상해없음,승용,남,58세,경상
2012122500100181,2012년 12월 25일 11시,화요일,제주특별자치도 제주시 애월읍,경상사고,0,0,5,1,차대차 - 기타,안전거리미확보,건조,맑음,단일로 - 기타,화물,남,32세,부상신고,승용,남,34세,경상
2012122500100250,2012년 12월 25일 15시,화요일,제주특별자치도 제주시 삼도일동,중상사고,0,1,0,0,차대차 - 측면직각충돌,교차로운행방법위반,건조,맑음,교차로 - 교차로안,승용,여,31세,상해없음,이륜,여,63세,중상
2012122500100283,2012년 12월 25일 16시,화요일,제주특별자치도 제주시 연동,경상사고,0,0,3,0,차대차 - 기타,안전운전불이행,습기,흐림,단일로 - 기타,승용,남,51세,상해없음,승용,남,39세,경상
2012122500100357,2012년 12월 25일 19시,화요일,제주특별자치도 제주시 이도이동,중상사고,0,1,0,0,차대사람 - 횡단중,안전운전불이행,건조,맑음,교차로 - 교차로안,승용,남,48세,상해없음,보행자,여,70세,중상
2012122600100095,2012년 12월 26일 07시,수요일,제주특별자치도 제주시 노형동,경상사고,0,0,1,0,차대차 - 측면직각충돌,안전운전불이행,건조,맑음,교차로 - 교차로안,승용,여,49세,상해없음,화물,남,36세,경상
2012122600100131,2012년 12월 26일 08시,수요일,제주특별자치도 서귀포시 대정읍,사망사고,1,0,0,0,차대차 - 추돌 - 진행중,안전운전불이행,건조,맑음,교차로 - 교차로부근,승용,남,41세,상해없음,농기계,여,77세,사망
2012122600100164,2012년 12월 26일 09시,수요일,제주특별자치도 제주시 용담일동,경상사고,0,0,1,0,차대차 - 측면직각충돌,신호위반,건조,맑음,교차로 - 교차로안,승용,여,59세,상해없음,승용,남,48세,경상
2012122600100235,2012년 12월 26일 11시,수요일,제주특별자치도 제주시 조천읍,경상사고,0,0,1,0,차량단독 - 공작물충돌,안전운전불이행,건조,맑음,단일로 - 기타,승합,남,38세,상해없음,,,,
2012122600100263,2012년 12월 26일 12시,수요일,제주특별자치도 제주시 한림읍,중상사고,0,3,3,0,차대차 - 측면직각충돌,직진우회전진행방해,건조,맑음,교차로 - 교차로안,화물,여,59세,경상,건설기계,남,46세,상해없음
2012122600100312,2012년 12월 26일 14시,수요일,제주특별자치도 제주시 일도이동,중상사고,0,1,0,0,차대사람 - 횡단중,안전운전불이행,건조,맑음,단일로 - 횡단보도상,승용,여,41세,상해없음,보행자,남,35세,중상
2012122600100313,2012년 12월 26일 14시,수요일,제주특별자치도 제주시 이도이동,경상사고,0,0,1,0,차대차 - 측면직각충돌,안전거리미확보,건조,맑음,단일로 - 기타,승용,남,54세,상해없음,승용,남,43세,경상
2012122600100380,2012년 12월 26일 16시,수요일,제주특별자치도 제주시 애월읍,경상사고,0,0,1,0,차대차 - 추돌 - 진행중,안전거리미확보,건조,맑음,단일로 - 기타,승용,여,39세,상해없음,승용,여,46세,경상
2012122600100381,2012년 12월 26일 16시,수요일,제주특별자치도 제주시 연동,경상사고,0,0,1,0,차대사람 - 기타,안전운전불이행,건조,맑음,단일로 - 기타,승합,남,44세,상해없음,보행자,여,51세,경상
2012122600100474,2012년 12월 26일 18시,수요일,제주특별자치도 제주시 연동,경상사고,0,0,1,0,차대차 - 추돌 - 진행중,안전운전불이행,건조,맑음,단일로 - 기타,승용,여,39세,상해없음,승용,남,63세,경상
2012122600100501,2012년 12월 26일 19시,수요일,제주특별자치도 제주시 일도이동,경상사고,0,0,1,0,차대사람 - 횡단중,보행자보호의무위반,건조,흐림,단일로 - 횡단보도상,이륜,남,43세,상해없음,보행자,남,10세,경상
2012122600100502,2012년 12월 26일 19시,수요일,제주특별자치도 제주시 연동,경상사고,0,0,1,0,차대차 - 기타,신호위반,건조,맑음,교차로 - 교차로부근,승용,남,25세,상해없음,승용,여,28세,경상
2012122600100570,2012년 12월 26일 21시,수요일,제주특별자치도 제주시 일도이동,중상사고,0,1,0,0,차대차 - 측면직각충돌,교차로운행방법위반,건조,맑음,교차로 - 교차로안,승용,남,37세,상해없음,이륜,남,21세,중상
2012122700100028,2012년 12월 27일 00시,목요일,제주특별자치도 제주시 조천읍,경상사고,0,0,1,0,차대차 - 측면직각충돌,교차로운행방법위반,기타,맑음,교차로 - 교차로안,승용,여,37세,상해없음,승용,여,25세,경상
2012122700100156,2012년 12월 27일 08시,목요일,제주특별자치도 제주시 일도이동,경상사고,0,0,1,0,차대차 - 측면직각충돌,교차로운행방법위반,건조,맑음,교차로 - 교차로안,승용,여,37세,상해없음,승합,여,32세,경상
2012122700100179,2012년 12월 27일 09시,목요일,제주특별자치도 제주시 삼도일동,경상사고,0,0,1,0,차대차 - 측면직각충돌,안전거리미확보,건조,맑음,교차로 - 교차로부근,화물,여,49세,상해없음,승합,남,56세,상해없음
2012122700100180,2012년 12월 27일 09시,목요일,제주특별자치도 제주시 연동,중상사고,0,1,1,0,차대차 - 추돌 - 진행중,안전운전불이행,건조,맑음,교차로 - 교차로부근,승용,여,28세,상해없음,화물,남,37세,중상
2012122700100181,2012년 12월 27일 09시,목요일,제주특별자치도 제주시 한경면,중상사고,0,1,0,0,차대차 - 기타,안전운전불이행,건조,맑음,단일로 - 기타,승용,남,41세,상해없음,원동기,남,60세,중상
2012122700100198,2012년 12월 27일 10시,목요일,제주특별자치도 제주시 구좌읍,경상사고,0,0,4,0,차대차 - 측면직각충돌,교차로운행방법위반,건조,맑음,교차로 - 교차로안,화물,남,68세,경상,화물,남,37세,경상
2012122700100226,2012년 12월 27일 11시,목요일,제주특별자치도 서귀포시 남원읍,경상사고,0,0,1,0,차량단독 - 전도전복,안전운전불이행,기타,흐림,단일로 - 기타,승용,남,31세,경상,,,,
2012122700100339,2012년 12월 27일 15시,목요일,제주특별자치도 제주시 삼도일동,경상사고,0,0,1,0,차대차 - 측면직각충돌,안전거리미확보,기타,맑음,단일로 - 기타,승용,여,49세,상해없음,화물,남,31세,상해없음
2012122700100437,2012년 12월 27일 18시,목요일,제주특별자치도 제주시 도남동,중상사고,0,1,0,0,차대사람 - 횡단중,안전운전불이행,습기,비,단일로 - 기타,화물,남,41세,상해없음,보행자,남,58세,중상
2012122700100438,2012년 12월 27일 18시,목요일,제주특별자치도 제주시 연동,경상사고,0,0,1,0,차대차 - 추돌 - 진행중,안전거리미확보,습기,비,교차로 - 교차로부근,승용,남,54세,상해없음,승용,여,45세,경상
2012122700100483,2012년 12월 27일 19시,목요일,제주특별자치도 제주시 오라일동,경상사고,0,0,2,0,차대차 - 측면직각충돌,안전운전불이행,건조,흐림,교차로 - 교차로안,승용,여,40세,상해없음,승용,남,38세,경상
2012122700100484,2012년 12월 27일 19시,목요일,제주특별자치도 제주시 노형동,경상사고,0,0,1,0,차대사람 - 기타,안전운전불이행,습기,비,단일로 - 기타,이륜,남,42세,상해없음,보행자,남,51세,경상
2012122700100546,2012년 12월 27일 21시,목요일,제주특별자치도 제주시 용담이동,경상사고,0,0,1,0,차대차 - 측면직각충돌,안전거리미확보,습기,비,단일로 - 기타,승용,여,27세,상해없음,승용,남,53세,상해없음
2012122700100582,2012년 12월 27일 22시,목요일,제주특별자치도 제주시 도남동,경상사고,0,0,1,0,차대차 - 측면직각충돌,안전거리미확보,건조,맑음,교차로 - 교차로부근,승용,여,46세,상해없음,승용,남,40세,경상
2012122700100583,2012년 12월 27일 22시,목요일,제주특별자치도 제주시 용담일동,경상사고,0,0,1,0,차대사람 - 횡단중,안전운전불이행,습기,비,교차로 - 교차로안,승용,남,57세,상해없음,보행자,여,18세,경상
2012122700100625,2012년 12월 27일 23시,목요일,제주특별자치도 제주시 연동,중상사고,0,1,0,0,차대사람 - 기타,안전운전불이행,습기,비,단일로 - 기타,기타불명,기타불명,기타불명,기타불명,보행자,남,61세,중상
2012122800100027,2012년 12월 28일 00시,금요일,제주특별자치도 제주시 오라일동,중상사고,0,1,0,0,차대사람 - 횡단중,안전운전불이행,습기,맑음,교차로 - 교차로부근,승용,여,34세,상해없음,보행자,남,34세,중상
2012122800100065,2012년 12월 28일 02시,금요일,제주특별자치도 제주시 연동,경상사고,0,0,1,0,차대사람 - 횡단중,안전운전불이행,건조,맑음,단일로 - 기타,승용,여,58세,상해없음,보행자,여,39세,경상
2012122800100158,2012년 12월 28일 07시,금요일,제주특별자치도 제주시 노형동,중상사고,0,1,0,1,차대사람 - 횡단중,안전운전불이행,습기,비,교차로 - 교차로안,승용,남,29세,상해없음,보행자,여,16세,중상
2012122800100276,2012년 12월 28일 12시,금요일,제주특별자치도 제주시 노형동,부상신고사고,0,0,0,1,차대차 - 추돌 - 진행중,안전운전불이행,건조,맑음,단일로 - 기타,승용,남,61세,상해없음,이륜,남,18세,부상신고
2012122800100314,2012년 12월 28일 14시,금요일,제주특별자치도 서귀포시 안덕면,경상사고,0,0,1,0,차대차 - 기타,차로위반,건조,맑음,교차로 - 교차로부근,승용,여,43세,상해없음,승합,남,36세,상해없음
2012122800100443,2012년 12월 28일 19시,금요일,제주특별자치도 제주시 애월읍,경상사고,0,0,3,1,차대차 - 추돌 - 진행중,안전운전불이행,건조,맑음,단일로 - 기타,승용,남,28세,부상신고,화물,남,33세,상해없음
2012122900100092,2012년 12월 29일 03시,토요일,제주특별자치도 제주시 이도이동,경상사고,0,0,4,0,차대차 - 측면직각충돌,교차로운행방법위반,건조,흐림,교차로 - 교차로안,승용,남,21세,상해없음,승용,남,46세,경상
2012122900100135,2012년 12월 29일 05시,토요일,제주특별자치도 제주시 이도이동,경상사고,0,0,2,0,차대차 - 측면직각충돌,교차로운행방법위반,건조,맑음,교차로 - 교차로안,승합,여,53세,경상,승용,남,36세,경상
2012122900100283,2012년 12월 29일 12시,토요일,제주특별자치도 서귀포시 동홍동,경상사고,0,0,1,0,차량단독 - 공작물충돌,안전운전불이행,건조,맑음,단일로 - 기타,화물,남,40세,경상,,,,
2012122900100432,2012년 12월 29일 19시,토요일,제주특별자치도 제주시 조천읍,중상사고,0,2,0,0,차대차 - 측면직각충돌,교차로운행방법위반,건조,맑음,교차로 - 교차로안,화물,남,65세,상해없음,화물,남,48세,중상
2012122900100463,2012년 12월 29일 20시,토요일,제주특별자치도 제주시 일도이동,경상사고,0,0,1,0,차대차 - 측면직각충돌,안전운전불이행,습기,비,교차로 - 교차로부근,승용,남,41세,상해없음,자전거,남,47세,경상
2012122900100482,2012년 12월 29일 21시,토요일,제주특별자치도 제주시 애월읍,경상사고,0,0,1,0,차대사람 - 횡단중,안전운전불이행,건조,맑음,단일로 - 기타,승용,남,50세,상해없음,보행자,여,53세,경상
2012122900100584,2012년 12월 29일 23시,토요일,제주특별자치도 서귀포시 표선면,부상신고사고,0,0,0,1,차대차 - 기타,신호위반,습기,비,교차로 - 교차로안,승용,남,42세,부상신고,특수,남,40세,상해없음
2012123000100130,2012년 12월 30일 02시,일요일,제주특별자치도 제주시 이도이동,경상사고,0,0,1,0,차대사람 - 횡단중,안전운전불이행,습기,비,단일로 - 기타,승용,남,42세,상해없음,보행자,여,47세,경상
2012123000100131,2012년 12월 30일 02시,일요일,제주특별자치도 제주시 삼도일동,경상사고,0,0,1,0,차대차 - 추돌 - 주정차중,안전거리미확보,습기,비,단일로 - 기타,화물,남,51세,상해없음,승용,남,48세,경상
2012123000100132,2012년 12월 30일 02시,일요일,제주특별자치도 제주시 오라삼동,중상사고,0,2,0,0,차대차 - 측면직각충돌,중앙선침범,습기,비,단일로 - 기타,승용,남,26세,상해없음,승용,남,55세,중상
2012123000100171,2012년 12월 30일 04시,일요일,제주특별자치도 제주시 연동,중상사고,0,2,2,0,차대사람 - 기타,안전운전불이행,습기,비,단일로 - 횡단보도상,승용,남,33세,상해없음,보행자,남,33세,경상
2012123000100209,2012년 12월 30일 07시,일요일,제주특별자치도 제주시 연동,경상사고,0,0,1,0,차대사람 - 횡단중,안전운전불이행,건조,맑음,단일로 - 기타,승용,남,26세,상해없음,보행자,여,22세,경상
2012123000100300,2012년 12월 30일 11시,일요일,제주특별자치도 서귀포시 하원동,경상사고,0,0,5,0,차량단독 - 도로외이탈 - 기타,안전운전불이행,적설,눈,단일로 - 기타,승합,남,48세,상해없음,,,,
2012123000100301,2012년 12월 30일 11시,일요일,제주특별자치도 제주시 용담이동,부상신고사고,0,0,0,1,차대차 - 추돌 - 진행중,안전운전불이행,습기,비,단일로 - 기타,이륜,남,29세,부상신고,승용,남,55세,상해없음
2012123000100312,2012년 12월 30일 12시,일요일,제주특별자치도 제주시 애월읍,경상사고,0,0,2,0,차대차 - 측면직각충돌,안전거리미확보,적설,눈,단일로 - 기타,승용,여,25세,경상,화물,남,73세,경상
2012123000100365,2012년 12월 30일 14시,일요일,제주특별자치도 서귀포시 색달동,중상사고,0,3,2,1,차량단독 - 전도전복,안전운전불이행,결빙,눈,단일로 - 기타,승용,여,48세,부상신고,,,,
2012123000100366,2012년 12월 30일 14시,일요일,제주특별자치도 제주시 외도일동,경상사고,0,0,1,0,차대차 - 측면직각충돌,신호위반,습기,흐림,교차로 - 교차로안,승용,남,44세,기타불명,화물,남,40세,상해없음
2012123000100480,2012년 12월 30일 18시,일요일,제주특별자치도 제주시 삼양일동,중상사고,0,2,0,0,차대차 - 측면직각충돌,신호위반,습기,눈,교차로 - 교차로안,승합,남,56세,상해없음,승용,여,44세,중상
2012123000100481,2012년 12월 30일 18시,일요일,제주특별자치도 서귀포시 상예동,경상사고,0,0,2,0,차대차 - 정면충돌,중앙선침범,결빙,눈,단일로 - 기타,화물,남,29세,상해없음,승용,남,29세,경상
2012123000100482,2012년 12월 30일 18시,일요일,제주특별자치도 서귀포시 서귀동,경상사고,0,0,1,0,차대사람 - 기타,안전운전불이행,건조,맑음,단일로 - 기타,승용,여,22세,상해없음,보행자,남,69세,경상
2012123000100529,2012년 12월 30일 20시,일요일,제주특별자치도 제주시 노형동,경상사고,0,0,1,0,차대사람 - 기타,안전운전불이행,건조,흐림,단일로 - 기타,승용,여,49세,상해없음,보행자,여,18세,경상
2012123100100080,2012년 12월 31일 06시,월요일,제주특별자치도 제주시 이도일동,경상사고,0,0,2,0,차대차 - 측면직각충돌,안전운전불이행,건조,맑음,단일로 - 기타,승용,남,22세,경상,승합,남,53세,상해없음
2012123100100195,2012년 12월 31일 11시,월요일,제주특별자치도 제주시 노형동,경상사고,0,0,1,0,차대차 - 측면직각충돌,안전운전불이행,건조,맑음,단일로 - 기타,화물,남,27세,상해없음,원동기,남,35세,경상
2012123100100220,2012년 12월 31일 12시,월요일,제주특별자치도 서귀포시 남원읍,경상사고,0,0,1,0,차량단독 - 공작물충돌,안전운전불이행,건조,맑음,단일로 - 기타,화물,남,42세,경상,,,,
2012123100100257,2012년 12월 31일 13시,월요일,제주특별자치도 제주시 노형동,경상사고,0,0,7,0,차대차 - 추돌 - 진행중,안전운전불이행,건조,맑음,단일로 - 기타,승용,남,41세,상해없음,승용,남,43세,경상
2012123100100382,2012년 12월 31일 17시,월요일,제주특별자치도 제주시 삼양일동,경상사고,0,0,1,0,차대차 - 측면직각충돌,교차로운행방법위반,건조,흐림,교차로 - 교차로안,승용,남,42세,상해없음,승용,여,38세,경상
2012123100100423,2012년 12월 31일 18시,월요일,제주특별자치도 제주시 조천읍,경상사고,0,0,2,0,차대차 - 측면직각충돌,안전운전불이행,건조,맑음,단일로 - 기타,화물,남,55세,상해없음,승합,남,52세,상해없음
2012123100100424,2012년 12월 31일 18시,월요일,제주특별자치도 제주시 이도이동,경상사고,0,0,1,0,차대차 - 측면직각충돌,안전거리미확보,건조,맑음,단일로 - 기타,승용,남,54세,상해없음,승용,남,52세,경상
2012123100100425,2012년 12월 31일 18시,월요일,제주특별자치도 제주시 일도일동,경상사고,0,0,1,0,차대사람 - 횡단중,보행자보호의무위반,건조,맑음,단일로 - 횡단보도상,승용,남,26세,상해없음,보행자,남,46세,경상
2012123100100426,2012년 12월 31일 18시,월요일,제주특별자치도 서귀포시 성산읍,경상사고,0,0,1,0,차대차 - 기타,중앙선침범,건조,맑음,단일로 - 기타,승용,남,68세,상해없음,승용,남,40세,경상
2012123100100458,2012년 12월 31일 19시,월요일,제주특별자치도 제주시 삼양이동,중상사고,0,1,0,0,차대사람 - 횡단중,보행자보호의무위반,기타,맑음,단일로 - 횡단보도상,승용,남,29세,상해없음,보행자,여,75세,중상
2012123100100459,2012년 12월 31일 19시,월요일,제주특별자치도 제주시 연동,중상사고,0,1,0,0,차대사람 - 기타,안전운전불이행,건조,맑음,교차로 - 교차로부근,승용,남,56세,상해없음,보행자,여,54세,중상
2012123100100575,2012년 12월 31일 23시,월요일,제주특별자치도 제주시 내도동,부상신고사고,0,0,0,1,차대차 - 기타,안전운전불이행,건조,흐림,교차로 - 교차로부근,승용,남,42세,상해없음,승용,여,45세,부상신고
2012123100100576,2012년 12월 31일 23시,월요일,제주특별자치도 제주시 연동,경상사고,0,0,1,0,차대사람 - 기타,안전운전불이행,습기,흐림,단일로 - 기타,승용,남,48세,상해없음,보행자,남,39세,경상